Complex,Source_doi,Charge,Shift,Dipole,q,Brutto,Charge_class,Geometry,Ligand,Smiles,1,2,3,4,5,6,7,8,9,10,11,12,13,14,15,16,17,18,19,20,21,22,23,24,25,26,27,28,29,30,31,32,33,34,35,36,37,38,39,40,41,42,43,44,45,46
4,https://doi.org/10.1002/ejic.201600573,-2000,-1630,958.6,91,[PtCl4]2-,anion,sq-pl,hal,Cl[Pt-2](Cl)(Cl)Cl,569.0346601,569.0346601,569.0294975,569.0294961,0,0,0,0,0,0,0,0,0,0,0,0,0,0,0,0,0,0,0,0,0,0,0,0,0,0,0,0,0,0,0,0,0,0,0,0,0,0,0,0,0,0
5,https://doi.org/10.1002/ejic.201600573,-2000,-1842,720.5,56,[PtCl3Br]2-,anion,sq-pl,hal,Cl[Pt-2](Cl)(Cl)Br,1115.450553,565.4651458,565.4651283,567.4311798,0,0,0,0,0,0,0,0,0,0,0,0,0,0,0,0,0,0,0,0,0,0,0,0,0,0,0,0,0,0,0,0,0,0,0,0,0,0,0,0,0,0
6,https://doi.org/10.1002/ejic.201600573,0,-2090,1295.8,26,trans-[PtCl2Br2],neutral,sq-pl,hal,Br[Pt-2](Cl)(Br)Cl,1106.278839,1106.278835,562.2614106,562.2614053,0,0,0,0,0,0,0,0,0,0,0,0,0,0,0,0,0,0,0,0,0,0,0,0,0,0,0,0,0,0,0,0,0,0,0,0,0,0,0,0,0,0
7,https://doi.org/10.1002/ejic.201600573,0,-2103,730.2,18,cis-[PtCl2Br2],neutral,sq-pl,hal,Cl[Pt-2](Cl)(Br)Br,1111.684443,1111.684381,563.5778996,563.5778558,0,0,0,0,0,0,0,0,0,0,0,0,0,0,0,0,0,0,0,0,0,0,0,0,0,0,0,0,0,0,0,0,0,0,0,0,0,0,0,0,0,0
8,https://doi.org/10.1002/ejic.201600573,-2000,-2346,607,-6,[PtCl3I]2-,anion,sq-pl,hal,Cl[Pt-2](Cl)(Cl)I,1568.940212,564.3829447,564.3813476,571.1908121,0,0,0,0,0,0,0,0,0,0,0,0,0,0,0,0,0,0,0,0,0,0,0,0,0,0,0,0,0,0,0,0,0,0,0,0,0,0,0,0,0,0
9,https://doi.org/10.1002/ejic.201600573,-2000,-2377,984,-17,[PtClBr3]2-,anion,sq-pl,hal,Cl[Pt-2](Br)(Br)Br,1108.635533,1101.598619,1101.598604,560.4605272,0,0,0,0,0,0,0,0,0,0,0,0,0,0,0,0,0,0,0,0,0,0,0,0,0,0,0,0,0,0,0,0,0,0,0,0,0,0,0,0,0,0
10,https://doi.org/10.1002/ejic.201600573,-2000,-2690,1390.3,-55,[PtBr4]2-,anion,sq-pl,hal,Br[Pt-2](Br)(Br)Br,1098.239948,1098.239943,1098.239942,1098.23994,0,0,0,0,0,0,0,0,0,0,0,0,0,0,0,0,0,0,0,0,0,0,0,0,0,0,0,0,0,0,0,0,0,0,0,0,0,0,0,0,0,0
11,https://doi.org/10.1002/ejic.201600573,-2000,-3103,714.8,-112,cis-[PtCl2I2]2-,anion,sq-pl,hal,Cl[Pt-2](Cl)(I)I,1559.54746,1559.48375,566.3475338,566.348305,0,0,0,0,0,0,0,0,0,0,0,0,0,0,0,0,0,0,0,0,0,0,0,0,0,0,0,0,0,0,0,0,0,0,0,0,0,0,0,0,0,0
12,https://doi.org/10.1002/ejic.201600573,-2000,-3260,770.8,-119,[PtBr3I]2-,anion,sq-pl,hal,Br[Pt-2](Br)(Br)I,1548.310399,1095.039112,1095.038439,1102.948169,0,0,0,0,0,0,0,0,0,0,0,0,0,0,0,0,0,0,0,0,0,0,0,0,0,0,0,0,0,0,0,0,0,0,0,0,0,0,0,0,0,0
13,https://doi.org/10.1002/ejic.201600573,-2000,-3977,1214.6,-184,trans-[PtBr2I2]2-,anion,sq-pl,hal,I[Pt-2](Br)(I)Br,1552.77304,1552.771589,1091.467676,1091.467674,0,0,0,0,0,0,0,0,0,0,0,0,0,0,0,0,0,0,0,0,0,0,0,0,0,0,0,0,0,0,0,0,0,0,0,0,0,0,0,0,0,0
14,https://doi.org/10.1002/ejic.201600573,-2000,-3985,1183.9,-184,cis-[PtBr2I2]2-,anion,sq-pl,hal,Br[Pt-2](Br)(I)I,1543.607239,1543.576794,1099.61478,1099.614093,0,0,0,0,0,0,0,0,0,0,0,0,0,0,0,0,0,0,0,0,0,0,0,0,0,0,0,0,0,0,0,0,0,0,0,0,0,0,0,0,0,0
15,https://doi.org/10.1002/ejic.201600573,-2000,-4213,1032.4,-208,[PtClI3]2-,anion,sq-pl,hal,Cl[Pt-2](I)(I)I,1549.868254,1551.515436,1551.514964,561.0798384,0,0,0,0,0,0,0,0,0,0,0,0,0,0,0,0,0,0,0,0,0,0,0,0,0,0,0,0,0,0,0,0,0,0,0,0,0,0,0,0,0,0
16,https://doi.org/10.1002/ejic.201600573,-2000,-4667,975.2,-243,[PtBrI3]2-,anion,sq-pl,hal,Br[Pt-2](I)(I)I,1536.477604,1543.71,1543.707388,1090.254829,0,0,0,0,0,0,0,0,0,0,0,0,0,0,0,0,0,0,0,0,0,0,0,0,0,0,0,0,0,0,0,0,0,0,0,0,0,0,0,0,0,0
17,https://doi.org/10.1002/ejic.201600573,-2000,-5475,998.4,-304,[PtI4]2-,anion,sq-pl,hal,I[Pt-2](I)(I)I,1535.628131,1535.635989,1535.617965,1535.597743,0,0,0,0,0,0,0,0,0,0,0,0,0,0,0,0,0,0,0,0,0,0,0,0,0,0,0,0,0,0,0,0,0,0,0,0,0,0,0,0,0,0
18,https://doi.org/10.1002/ejic.201600573,0,-2169,555.5,-23,[PtCl2(η2 -CH2=CH2)(Me2phen)],neutral,sq-pl,hal-org,CC1=NC2=C3N=C(C)C=CC3=CC=C2C=C1.C=C.Cl[Pt]Cl,566.6272192,566.606305,238.554158,238.5248551,223.6056288,223.6050989,150.260254,150.2547421,145.5474848,145.5299405,140.9467589,140.9279418,104.3032909,104.299683,102.9876443,102.9795097,92.59503838,92.59015286,84.77246907,84.77152138,28.84781995,28.84784584,28.84772517,28.84767271,25.29666945,25.29370101,25.28286255,25.27903263,17.71209437,17.71031247,14.5416466,14.54056531,12.71517082,12.71462162,11.95680258,11.95662795,0,0,0,0,0,0,0,0,0,0
19,https://doi.org/10.1002/ejic.201600573,0,-2456,621.8,-54,[PtBrCl(η2 -CH2=CH2)(Me2phen)],neutral,sq-pl,hal-org,CC1=NC2=C3N=C(C)C=CC3=CC=C2C=C1.C=C.Cl[Pt]Br,1107.211131,566.9791423,238.2040192,238.1806197,223.4891797,223.488726,150.4498508,150.4456982,145.3352179,145.3215036,140.2629511,140.2476695,104.4681544,104.4655454,103.0004058,102.994305,92.69640281,92.6928145,84.91897802,84.91831647,28.73594976,28.73580915,28.8521608,28.85203578,24.83143026,24.82924525,25.34189772,25.33851674,17.6466408,17.64518147,14.54129948,14.54049766,12.72963257,12.72923677,11.9763231,11.97620187,0,0,0,0,0,0,0,0,0,0
20,https://doi.org/10.1002/ejic.201600573,0,-2886,537.5,-99,[PtBr2(η2 -CH2=CH2)(Me2phen)],neutral,sq-pl,hal-org,CC1=NC2=C3N=C(C)C=CC3=CC=C2C=C1.C=C.Br[Pt]Br,1094.842159,1094.762334,262.6634206,216.9162182,220.317793,220.0231416,159.3883159,155.1715108,153.8428037,146.5513812,132.3161374,125.6285334,107.5072215,109.3466591,101.8847511,96.56021689,96.78671732,88.98126338,85.73760047,84.26277348,28.86200181,28.86199874,28.63995149,28.63466668,27.30832248,27.26509784,22.37904031,22.28286827,18.89690842,16.21526421,15.37389526,13.7095253,13.16139286,12.31172102,12.12769782,11.85496764,0,0,0,0,0,0,0,0,0,0
21,https://doi.org/10.1002/ejic.201600573,0,-3087,673.6,-127,[PtClI(η2 -CH2=CH2)(Me2phen)],neutral,sq-pl,hal-org,CC1=NC2=C3N=C(C)C=CC3=CC=C2C=C1.C=C.Cl[Pt]I,1565.549228,570.0315021,237.8796671,237.8314434,223.2496801,223.2478085,150.2854331,150.276015,145.1391106,145.108629,139.9469408,139.9122947,104.3699404,104.3635901,102.8804812,102.8659512,92.60108862,92.5922927,84.8417534,84.84008818,28.64201942,28.64138915,28.83561204,28.83502415,26.60141805,26.58720038,23.51779854,23.49290475,17.67679086,17.6751779,14.5274064,14.52548787,12.71839953,12.71740582,11.96717713,11.96686938,0,0,0,0,0,0,0,0,0,0
22,https://doi.org/10.1002/ejic.201600573,0,-3426,544.1,-170,[PtBrI(η2 -CH2=CH2)(Me2phen)],neutral,sq-pl,hal-org,CC1=NC2=C3N=C(C)C=CC3=CC=C2C=C1.C=C.Br[Pt]I,1552.911409,1093.962163,264.8585489,215.9254687,219.7090542,219.2948716,160.3861457,155.8531855,154.3474262,146.6315112,131.5794936,124.5694155,107.8895316,109.8270734,101.8928076,96.91572771,96.46407854,88.84792316,85.91478012,84.34276385,28.71272416,28.46786027,28.90046574,28.70043658,26.83711591,27.78823967,22.41160295,21.80114036,18.94547957,16.11153577,15.43174289,13.66297681,13.20137366,12.297818,12.15312527,11.86235373,0,0,0,0,0,0,0,0,0,0
23,https://doi.org/10.1002/ejic.201600573,0,-4041,516.1,-243,[PtI2(η2-CH2=CH2)(Me2phen)],neutral,sq-pl,hal-org,CC1=NC2=C3N=C(C)C=CC3=CC=C2C=C1.C=C.I[Pt]I,1551.48776,1551.42119,266.401541,215.2971853,219.2252684,218.6451992,161.0670034,156.2848197,154.6623432,146.6677013,131.104491,123.9237606,108.1301061,110.1493444,101.8844111,97.14733519,96.24961544,88.75053237,86.02057184,84.38460111,28.7471808,28.74288753,28.51838113,28.51539958,27.39741929,27.21505013,21.97456807,21.96246486,18.96755529,16.04281196,15.47069887,13.6323628,13.22729923,12.28730945,12.16850629,11.86578913,0,0,0,0,0,0,0,0,0,0
24,https://doi.org/10.1002/ejic.201600573,-2000,7090,873,944,[PtF6] 2-,anion,oct,hal,[Pt-2]([F])([F])([F])([F])([F])[F],353.4143146,353.4142543,353.4141213,353.4141208,353.4141083,353.4140928,0,0,0,0,0,0,0,0,0,0,0,0,0,0,0,0,0,0,0,0,0,0,0,0,0,0,0,0,0,0,0,0,0,0,0,0,0,0,0,0
25,https://doi.org/10.1002/ejic.201600573,-2000,5856,1270.6,886,[PtClF5] 2-,anion,oct,hal,[Pt-2]([F])([F])([F])([F])([F])[Cl],565.8573963,354.324662,354.3246459,354.3246357,354.3246433,351.124513,0,0,0,0,0,0,0,0,0,0,0,0,0,0,0,0,0,0,0,0,0,0,0,0,0,0,0,0,0,0,0,0,0,0,0,0,0,0,0,0
26,https://doi.org/10.1002/ejic.201600573,-2000,5669,1462.6,854,[PtBrF5] 2-,anion,oct,hal,[Pt-2]([F])([F])([F])([F])([F])[Br],1099.03748,354.1284613,354.1284677,354.1284795,354.1284852,351.066779,0,0,0,0,0,0,0,0,0,0,0,0,0,0,0,0,0,0,0,0,0,0,0,0,0,0,0,0,0,0,0,0,0,0,0,0,0,0,0,0
27,https://doi.org/10.1002/ejic.201600573,-2000,4887,940.3,813,trans-[PtCl2F4] 2-,anion,oct,hal,[Pt-2]([Cl])([F])([F])([Cl])([F])[F],563.659447,563.659447,354.7726641,354.77266,354.7725464,354.7725445,0,0,0,0,0,0,0,0,0,0,0,0,0,0,0,0,0,0,0,0,0,0,0,0,0,0,0,0,0,0,0,0,0,0,0,0,0,0,0,0
28,https://doi.org/10.1002/ejic.201600573,-2000,4551,969.5,751,trans-[PtBr2F4] 2-,anion,oct,hal,[Pt-2]([Br])([F])([F])([Br])([F])[F],1086.031219,1086.031217,354.4318954,354.4318951,354.4318852,354.4318844,0,0,0,0,0,0,0,0,0,0,0,0,0,0,0,0,0,0,0,0,0,0,0,0,0,0,0,0,0,0,0,0,0,0,0,0,0,0,0,0
29,https://doi.org/10.1002/ejic.201600573,-2000,4547,1102.6,818,cis-[PtCl2F4] 2-,anion,oct,hal,[Pt-2]([Cl])([Cl])([F])([F])([F])[F],564.4867235,564.4867176,355.138012,355.1380043,351.3381712,351.3381306,0,0,0,0,0,0,0,0,0,0,0,0,0,0,0,0,0,0,0,0,0,0,0,0,0,0,0,0,0,0,0,0,0,0,0,0,0,0,0,0
30,https://doi.org/10.1002/ejic.201600573,-2000,4136,1536.5,747,cis-[PtBr2F4] 2-,anion,oct,hal,[Pt-2]([F])([F])([F])([F])([Br])[Br],1091.838535,1091.837692,354.6379204,354.6379106,350.6937728,350.6937257,0,0,0,0,0,0,0,0,0,0,0,0,0,0,0,0,0,0,0,0,0,0,0,0,0,0,0,0,0,0,0,0,0,0,0,0,0,0,0,0
31,https://doi.org/10.1002/ejic.201600573,-2000,3551,1008,739,mer-[PtCl3F3] 2-,anion,oct,hal,[Pt-2]([Cl])([F])([F])([Cl])([Cl])[F],562.9084328,562.3013145,562.3011353,355.4963457,355.4963459,351.2824377,0,0,0,0,0,0,0,0,0,0,0,0,0,0,0,0,0,0,0,0,0,0,0,0,0,0,0,0,0,0,0,0,0,0,0,0,0,0,0,0
32,https://doi.org/10.1002/ejic.201600573,-2000,3191,1116.7,744,fac-[PtCl3F3] 2-,anion,oct,hal,[Pt-2]([F])([F])([F])([Cl])([Cl])[Cl],564.0184255,564.0180678,564.0180219,351.5170093,351.516774,351.5167948,0,0,0,0,0,0,0,0,0,0,0,0,0,0,0,0,0,0,0,0,0,0,0,0,0,0,0,0,0,0,0,0,0,0,0,0,0,0,0,0
33,https://doi.org/10.1002/ejic.201600573,-2000,2907,981.3,634,mer-[PtBr3F3] 2-,anion,oct,hal,[Pt-2]([Br])([F])([F])([Br])([Br])[F],1085.115358,1080.829455,1080.830988,354.677758,354.6777661,350.1489474,0,0,0,0,0,0,0,0,0,0,0,0,0,0,0,0,0,0,0,0,0,0,0,0,0,0,0,0,0,0,0,0,0,0,0,0,0,0,0,0
34,https://doi.org/10.1002/ejic.201600573,-2000,2534,1044.7,658,trans-[PtCl4F2] 2-,anion,oct,hal,[Pt-2]([F])([Cl])([Cl])([F])([Cl])[Cl],560.7704984,560.7704967,560.7704512,560.7704514,355.7925692,355.7925639,0,0,0,0,0,0,0,0,0,0,0,0,0,0,0,0,0,0,0,0,0,0,0,0,0,0,0,0,0,0,0,0,0,0,0,0,0,0,0,0
35,https://doi.org/10.1002/ejic.201600573,-2000,2487,1453.9,632,fac-[PtBr3F3] 2-,anion,oct,hal,[Pt-2]([F])([F])([F])([Br])([Br])[Br],1086.679589,1086.67887,1086.679028,350.3969926,350.3970254,350.3969947,0,0,0,0,0,0,0,0,0,0,0,0,0,0,0,0,0,0,0,0,0,0,0,0,0,0,0,0,0,0,0,0,0,0,0,0,0,0,0,0
36,https://doi.org/10.1002/ejic.201600573,-2000,2171,746.7,662,cis-[PtCl4F2] 2-,anion,oct,hal,[Pt-2]([Cl])([Cl])([Cl])([Cl])([F])[F],563.0644989,563.0644919,561.5307706,561.5301637,351.4569728,351.4569683,0,0,0,0,0,0,0,0,0,0,0,0,0,0,0,0,0,0,0,0,0,0,0,0,0,0,0,0,0,0,0,0,0,0,0,0,0,0,0,0
37,https://doi.org/10.1002/ejic.201600573,-2000,1157,884.2,513,trans-[PtBr4F2] 2-,anion,oct,hal,[Pt-2]([F])([Br])([Br])([F])([Br])[Br],1075.523178,1075.523165,1075.522303,1075.522306,354.4742405,354.4742113,0,0,0,0,0,0,0,0,0,0,0,0,0,0,0,0,0,0,0,0,0,0,0,0,0,0,0,0,0,0,0,0,0,0,0,0,0,0,0,0
38,https://doi.org/10.1002/ejic.201600573,-2000,1142,720.6,513,cis-[PtBr4F2] 2-,anion,oct,hal,[Pt-2]([F])([Br])([Br])([Br])([Br])[F],1080.853818,1080.854107,1077.004163,1077.001552,349.9079199,349.9079149,0,0,0,0,0,0,0,0,0,0,0,0,0,0,0,0,0,0,0,0,0,0,0,0,0,0,0,0,0,0,0,0,0,0,0,0,0,0,0,0
39,https://doi.org/10.1002/ejic.201600573,-2000,1111,1055.3,579,[PtCl5F]2-,anion,oct,hal,[Pt-2]([F])([Cl])([Cl])([Cl])([Cl])[Cl],562.5325253,560.4599024,560.4593583,560.4592453,560.4585782,351.4164024,0,0,0,0,0,0,0,0,0,0,0,0,0,0,0,0,0,0,0,0,0,0,0,0,0,0,0,0,0,0,0,0,0,0,0,0,0,0,0,0
40,https://doi.org/10.1002/ejic.201600573,-2000,0,884.6,496,[PtCl6] 2-,anion,oct,hal,[Pt-2]([Cl])([Cl])([Cl])([Cl])([Cl])[Cl],559.7806737,559.7806414,559.7796998,559.779701,559.7716715,559.7716281,0,0,0,0,0,0,0,0,0,0,0,0,0,0,0,0,0,0,0,0,0,0,0,0,0,0,0,0,0,0,0,0,0,0,0,0,0,0,0,0
41,https://doi.org/10.1002/ejic.201600573,-2000,-286,1247,463,[PtCl5Br]2-,anion,oct,hal,[Pt-2]([Cl])([Cl])([Cl])([Cl])([Cl])[Br],1089.911803,557.5561157,557.5560849,557.5560664,557.5560335,559.2874029,0,0,0,0,0,0,0,0,0,0,0,0,0,0,0,0,0,0,0,0,0,0,0,0,0,0,0,0,0,0,0,0,0,0,0,0,0,0,0,0
42,https://doi.org/10.1002/ejic.201600573,-2000,-311,1086.1,391,[PtBr5F]2-,anion,oct,hal,[Pt-2]([Br])([F])([Br])([Br])([Br])[Br],1075.266232,1072.436131,1072.436035,1072.435024,1072.433444,349.4725002,0,0,0,0,0,0,0,0,0,0,0,0,0,0,0,0,0,0,0,0,0,0,0,0,0,0,0,0,0,0,0,0,0,0,0,0,0,0,0,0
43,https://doi.org/10.1002/ejic.201600573,-2000,-583,1039.9,426,cis-[PtCl4Br2] 2-,anion,oct,hal,[Pt-2]([Br])([Br])([Cl])([Cl])([Cl])[Cl],1089.091489,1089.091379,554.9493881,554.9493884,556.6307037,556.6306691,0,0,0,0,0,0,0,0,0,0,0,0,0,0,0,0,0,0,0,0,0,0,0,0,0,0,0,0,0,0,0,0,0,0,0,0,0,0,0,0
44,https://doi.org/10.1002/ejic.201600573,-2000,-585,970.1,428,trans-[PtCl4Br2] 2-,anion,oct,hal,[Pt-2]([Br])([Cl])([Cl])([Br])([Cl])[Cl],1081.150417,1081.149195,555.5477147,555.5477257,555.5477052,555.5477013,0,0,0,0,0,0,0,0,0,0,0,0,0,0,0,0,0,0,0,0,0,0,0,0,0,0,0,0,0,0,0,0,0,0,0,0,0,0,0,0
45,https://doi.org/10.1002/ejic.201600573,-2000,-854,1459.3,401,[PtCl5I]2-,anion,oct,hal,[Pt-2]([Cl])([Cl])([Cl])([Cl])([Cl])[I],1546.878328,556.620129,556.6201312,556.6201325,556.6201345,562.0699715,0,0,0,0,0,0,0,0,0,0,0,0,0,0,0,0,0,0,0,0,0,0,0,0,0,0,0,0,0,0,0,0,0,0,0,0,0,0,0,0
46,https://doi.org/10.1002/ejic.201600573,-2000,-892,1352.9,388,fac-[PtCl3Br3] 2-,anion,oct,hal,[Pt-2]([Cl])([Cl])([Cl])([Br])([Br])[Br],1085.746964,1085.746952,1085.746849,553.7953685,553.7953474,553.7953444,0,0,0,0,0,0,0,0,0,0,0,0,0,0,0,0,0,0,0,0,0,0,0,0,0,0,0,0,0,0,0,0,0,0,0,0,0,0,0,0
47,https://doi.org/10.1002/ejic.201600573,-2000,-894,1102.9,389,mer-[PtCl3Br3] 2-,anion,oct,hal,[Pt-2]([Cl])([Cl])([Br])([Br])([Br])[Cl],1088.65165,1079.429091,1079.429116,552.5616346,552.5618743,554.3393724,0,0,0,0,0,0,0,0,0,0,0,0,0,0,0,0,0,0,0,0,0,0,0,0,0,0,0,0,0,0,0,0,0,0,0,0,0,0,0,0
48,https://doi.org/10.1002/ejic.201600573,-2000,-1213,1001.4,349,cis-[PtCl2Br4] 2-,anion,oct,hal,[Pt-2]([Br])([Br])([Br])([Br])([Cl])[Cl],1083.03868,1083.038647,1075.578969,1075.577199,551.3742738,551.3742754,0,0,0,0,0,0,0,0,0,0,0,0,0,0,0,0,0,0,0,0,0,0,0,0,0,0,0,0,0,0,0,0,0,0,0,0,0,0,0,0
49,https://doi.org/10.1002/ejic.201600573,-2000,-1216,1017.5,350,trans-[PtCl2Br4] 2-,anion,oct,hal,[Pt-2]([Cl])([Br])([Br])([Cl])([Br])[Br],1078.260066,1078.25988,1078.259513,1078.259326,549.8495798,549.849577,0,0,0,0,0,0,0,0,0,0,0,0,0,0,0,0,0,0,0,0,0,0,0,0,0,0,0,0,0,0,0,0,0,0,0,0,0,0,0,0
50,https://doi.org/10.1002/ejic.201600573,-2000,-1547,931.6,309,[PtClBr5] 2-,anion,oct,hal,[Pt-2]([Br])([Br])([Br])([Br])([Cl])[Br],1078.366266,1072.621154,1072.621639,1072.621307,1072.6214,548.8553353,0,0,0,0,0,0,0,0,0,0,0,0,0,0,0,0,0,0,0,0,0,0,0,0,0,0,0,0,0,0,0,0,0,0,0,0,0,0,0,0
51,https://doi.org/10.1002/ejic.201600573,-2000,-1806,1405.4,297,cis-[PtCl4I2] 2-,anion,oct,hal,[Pt-2]([Cl])([Cl])([Cl])([Cl])([I])[I],1541.356524,1541.164823,552.470036,552.470054,558.359504,558.3632181,0,0,0,0,0,0,0,0,0,0,0,0,0,0,0,0,0,0,0,0,0,0,0,0,0,0,0,0,0,0,0,0,0,0,0,0,0,0,0,0
52,https://doi.org/10.1002/ejic.201600573,-2000,-1884,901.6,304,trans-[PtCl4I2] 2-,anion,oct,hal,[Pt-2]([Cl])([Cl])([I])([Cl])([Cl])[I],1537.641235,1537.630333,553.1692569,553.1692587,553.1692563,553.1692582,0,0,0,0,0,0,0,0,0,0,0,0,0,0,0,0,0,0,0,0,0,0,0,0,0,0,0,0,0,0,0,0,0,0,0,0,0,0,0,0
53,https://doi.org/10.1002/ejic.201600573,-2000,-1891,914.4,268,[PtBr6] 2-,anion,oct,hal,[Pt-2]([Br])([Br])([Br])([Br])([Br])[Br],1068.191708,1068.191687,1068.191674,1068.191661,1068.191648,1068.191621,0,0,0,0,0,0,0,0,0,0,0,0,0,0,0,0,0,0,0,0,0,0,0,0,0,0,0,0,0,0,0,0,0,0,0,0,0,0,0,0
54,https://doi.org/10.1002/ejic.201600573,-2000,-2545,1148.5,200,[PtBr5I]2-,anion,oct,hal,[Pt-2]([Br])([Br])([Br])([Br])([Br])[I],1521.331187,1064.142169,1064.141915,1064.140901,1064.140647,1070.621887,0,0,0,0,0,0,0,0,0,0,0,0,0,0,0,0,0,0,0,0,0,0,0,0,0,0,0,0,0,0,0,0,0,0,0,0,0,0,0,0
55,https://doi.org/10.1002/ejic.201600573,-2000,-2849,1414.1,186,fac-[PtCl3I3] 2-,anion,oct,hal,[Pt-2]([I])([Cl])([Cl])([Cl])([I])[I],1531.781288,1531.778989,1531.69259,553.7650256,553.7642824,553.7619046,0,0,0,0,0,0,0,0,0,0,0,0,0,0,0,0,0,0,0,0,0,0,0,0,0,0,0,0,0,0,0,0,0,0,0,0,0,0,0,0
56,https://doi.org/10.1002/ejic.201600573,-2000,-2849,970.6,193,mer-[PtCl3I3] 2-,anion,oct,hal,[Pt-2]([I])([Cl])([Cl])([I])([I])[Cl],1535.954184,1530.986817,1530.986427,548.0481752,548.0481808,554.6050714,0,0,0,0,0,0,0,0,0,0,0,0,0,0,0,0,0,0,0,0,0,0,0,0,0,0,0,0,0,0,0,0,0,0,0,0,0,0,0,0
57,https://doi.org/10.1002/ejic.201600573,-2000,-3132,1041.8,129,trans-[PtBr4I2] 2-,anion,oct,hal,[Pt-2]([I])([Br])([Br])([I])([Br])[Br],1522.688555,1522.680736,1059.791266,1059.791081,1059.790037,1059.789852,0,0,0,0,0,0,0,0,0,0,0,0,0,0,0,0,0,0,0,0,0,0,0,0,0,0,0,0,0,0,0,0,0,0,0,0,0,0,0,0
58,https://doi.org/10.1002/ejic.201600573,-2000,-3252,1078.2,131,cis-[PtBr4I2] 2-,anion,oct,hal,[Pt-2]([Br])([Br])([Br])([Br])([I])[I],1516.175899,1516.074424,1059.756042,1059.7533,1066.384107,1066.385973,0,0,0,0,0,0,0,0,0,0,0,0,0,0,0,0,0,0,0,0,0,0,0,0,0,0,0,0,0,0,0,0,0,0,0,0,0,0,0,0
59,https://doi.org/10.1002/ejic.201600573,-2000,-3898,942.9,60,mer-[PtBr3I3] 2-,anion,oct,hal,[Pt-2]([I])([Br])([Br])([I])([I])[Br],1510.724394,1517.324294,1517.296345,1055.063313,1055.062556,1061.770726,0,0,0,0,0,0,0,0,0,0,0,0,0,0,0,0,0,0,0,0,0,0,0,0,0,0,0,0,0,0,0,0,0,0,0,0,0,0,0,0
60,https://doi.org/10.1002/ejic.201600573,-2000,-3932,1518.4,77,cis-[PtCl2I4] 2-,anion,oct,hal,[Pt-2]([I])([Cl])([Cl])([I])([I])[I],1523.050887,1522.954217,1520.608134,1520.582426,549.2619613,549.2630417,0,0,0,0,0,0,0,0,0,0,0,0,0,0,0,0,0,0,0,0,0,0,0,0,0,0,0,0,0,0,0,0,0,0,0,0,0,0,0,0
61,https://doi.org/10.1002/ejic.201600573,-2000,-3932,985.2,82,trans-[PtCl2I4] 2-,anion,oct,hal,[Pt-2]([Cl])([I])([I])([Cl])([I])[I],1525.117214,1525.072365,1524.844589,1524.842498,542.7843816,542.7843811,0,0,0,0,0,0,0,0,0,0,0,0,0,0,0,0,0,0,0,0,0,0,0,0,0,0,0,0,0,0,0,0,0,0,0,0,0,0,0,0
62,https://doi.org/10.1002/ejic.201600573,-2000,-4014,1096.9,62,fac-[PtBr3I3] 2-,anion,oct,hal,[Pt-2]([I])([I])([Br])([Br])([Br])[I],1510.74539,1510.737598,1510.736017,1061.719959,1061.71961,1061.71953,0,0,0,0,0,0,0,0,0,0,0,0,0,0,0,0,0,0,0,0,0,0,0,0,0,0,0,0,0,0,0,0,0,0,0,0,0,0,0,0
63,https://doi.org/10.1002/ejic.201600573,-2000,-4603,1027.1,-12,trans-[PtBr2I4] 2-,anion,oct,hal,[Pt-2]([I])([I])([Br])([I])([I])[Br],1511.652122,1511.65127,1511.63498,1511.632448,1050.112608,1050.112559,0,0,0,0,0,0,0,0,0,0,0,0,0,0,0,0,0,0,0,0,0,0,0,0,0,0,0,0,0,0,0,0,0,0,0,0,0,0,0,0
64,https://doi.org/10.1002/ejic.201600573,-2000,-4719,1057.8,-10,cis-[PtBr2I4] 2-,anion,oct,hal,[Pt-2]([I])([I])([Br])([Br])([I])[I],1505.166272,1505.138309,1511.707053,1511.672776,1056.734648,1056.734822,0,0,0,0,0,0,0,0,0,0,0,0,0,0,0,0,0,0,0,0,0,0,0,0,0,0,0,0,0,0,0,0,0,0,0,0,0,0,0,0
65,https://doi.org/10.1002/ejic.201600573,-2000,-5081,610.1,-38,[PtClI5] 2-,anion,oct,hal,[Pt-2]([I])([I])([I])([I])([I])[Cl],1511.300144,1511.501017,1511.501242,1511.498596,1511.498859,544.096222,0,0,0,0,0,0,0,0,0,0,0,0,0,0,0,0,0,0,0,0,0,0,0,0,0,0,0,0,0,0,0,0,0,0,0,0,0,0,0,0
66,https://doi.org/10.1002/ejic.201600573,-2000,-5483,852.6,-83,[PtBrI5] 2-,anion,oct,hal,[Pt-2]([I])([I])([I])([I])([I])[Br],1499.38078,1505.818538,1505.817602,1505.817461,1505.816492,1051.426797,0,0,0,0,0,0,0,0,0,0,0,0,0,0,0,0,0,0,0,0,0,0,0,0,0,0,0,0,0,0,0,0,0,0,0,0,0,0,0,0
67,https://doi.org/10.1002/ejic.201600573,-2000,-6293,961,-156,[PtI6] 2-,anion,oct,hal,[Pt-2]([I])([I])([I])([I])([I])[I],1499.789439,1499.788753,1499.787343,1499.786667,1499.786439,1499.786042,0,0,0,0,0,0,0,0,0,0,0,0,0,0,0,0,0,0,0,0,0,0,0,0,0,0,0,0,0,0,0,0,0,0,0,0,0,0,0,0
199,https://doi.org/10.1002/jcc.24461,0,-1565,554.3,116,cis-Pt(NH 3) 2(Ac)2,neutral,sq-pl,org,CC(O[Pt]OC(C)=O)=O.N.N,304.3455917,304.3419478,262.5546687,262.5520846,186.424225,186.4223665,155.1402732,155.1395429,107.2006014,107.2003711,31.25348304,31.25319198,29.12682052,29.12418768,29.11107299,29.10799333,17.51074115,17.50704437,15.77826451,15.75022323,15.54668121,15.52344949,0,0,0,0,0,0,0,0,0,0,0,0,0,0,0,0,0,0,0,0,0,0,0,0
201,https://doi.org/10.1002/jcc.24461,0,-1686,1622.2,11,cis-Pt(NH 3) 2(bumal) 2,neutral,sq-pl,org,O=C1C(CCCC)C(O[Pt]O1)=O.[H]N([H])[H].[H]N([H])[H],311.6169466,310.4510102,256.0476808,256.05395,154.7486531,154.2762772,162.1796008,161.5138476,152.1118237,148.26494,113.2158744,114.6757856,101.4133191,33.17684762,31.35092388,31.30261264,28.91089538,28.74227993,28.29964755,28.16687597,25.0779874,20.06017168,19.21001298,18.74944085,18.18852877,16.06162694,16.01897312,15.34885034,13.85339472,0,0,0,0,0,0,0,0,0,0,0,0,0,0,0,0,0
205,https://doi.org/10.1002/jcc.24461,0,-1860,1681.7,-21,cis-Pt(EtNH 2) 2(CBDCA) 2,neutral,sq-pl,org,O=C(C1(C(O)=C)CCC1)O[Pt]OC(C2(C(O)=O)CCC2)=O.NCC.CCN,309.9890907,309.8466553,257.7679805,256.7735048,155.0374294,155.023434,163.3876874,163.305279,157.6957371,153.7216182,153.5828362,152.933963,145.9961482,138.5877186,104.5100292,103.3698366,31.64367672,31.18841313,30.11744894,28.82222515,28.45490481,27.61376021,26.98403672,25.79790224,24.66641891,23.33174027,22.06840141,20.63109556,19.34786946,19.34778862,18.67459857,18.02002012,15.4645204,15.40590831,15.32858025,15.01510252,0,0,0,0,0,0,0,0,0,0
208,https://doi.org/10.1002/jcc.24461,0,-1887,1779,20,cis-Pt(Me2NH)2(Ox),neutral,sq-pl,org,O=C1O[Pt]OC1=O.CN(C)[H].CN(C)[H],3.14E+02,3.14E+02,2.60E+02,2.60E+02,1.70E+02,1.70E+02,1.59E+02,1.59E+02,1.56E+02,1.56E+02,1.51E+02,1.51E+02,3.23E+01,3.23E+01,2.60E+01,2.60E+01,2.46E+01,2.46E+01,2.37E+01,2.37E+01,2.29E+01,2.29E+01,1.96E+01,1.96E+01,1.93E+01,1.93E+01,0.00E+00,0.00E+00,0.00E+00,0.00E+00,0.00E+00,0.00E+00,0.00E+00,0.00E+00,0.00E+00,0.00E+00,0.00E+00,0.00E+00,0.00E+00,0.00E+00,0.00E+00,0.00E+00,0.00E+00,0.00E+00,0.00E+00,0.00E+00
209,https://doi.org/10.1002/jcc.24461,0,-1882,1689.6,13,cis-Pt(Me2NH)2(Mal),neutral,sq-pl,org,O=C(C1)O[Pt]OC1=O.CN(C)[H].CN(C)[H],3.10E+02,3.10E+02,2.61E+02,2.61E+02,1.55E+02,1.55E+02,1.62E+02,1.62E+02,1.59E+02,1.56E+02,1.54E+02,1.54E+02,1.50E+02,3.23E+01,3.20E+01,2.75E+01,2.68E+01,2.54E+01,2.53E+01,2.42E+01,2.41E+01,2.33E+01,2.32E+01,2.28E+01,1.99E+01,1.90E+01,1.95E+01,1.95E+01,1.92E+01,0.00E+00,0.00E+00,0.00E+00,0.00E+00,0.00E+00,0.00E+00,0.00E+00,0.00E+00,0.00E+00,0.00E+00,0.00E+00,0.00E+00,0.00E+00,0.00E+00,0.00E+00,0.00E+00,0.00E+00
338,https://doi.org/10.1002/jcc.24461,0,-1988,1937.3,49,cis-Pt(Me 2 en) 2(Ox),neutral,sq-pl,org,O=C(C(O[H])=O)O[Pt]OC(C(O[H])=O)=O.CN([H])CCN([H])C,314.8452108,314.8408553,261.3071157,261.3011779,157.7749058,157.7738277,168.271004,168.2692463,161.4152428,161.4075553,156.1291636,156.1174776,30.56225786,30.55871528,25.28626953,25.28299095,24.57645412,24.56828602,24.35797915,24.35399811,20.02088776,20.02080635,19.5477464,19.5472302,0,0,0,0,0,0,0,0,0,0,0,0,0,0,0,0,0,0,0,0,0,0
339,https://doi.org/10.1002/jcc.24461,0,-1970,1943.2,21,cis-Pt(Me 4 en) 2(Ox),neutral,sq-pl,org,O=C(C(O[H])=O)O[Pt]OC(C(O[H])=O)=O.CN(C)CCN(C)C,313.7393015,313.7383287,263.6855964,263.6833226,157.5834887,157.5829322,168.0930635,168.0919251,162.4192718,162.4021282,162.4027553,162.3917132,160.1751763,160.1495093,26.20238512,26.18102647,25.79654226,25.79606347,25.84601082,25.82346069,25.47342152,25.46397144,24.08584169,24.0783749,20.20242287,20.20213588,20.0168331,20.01631568,19.85886923,19.85727974,0,0,0,0,0,0,0,0,0,0,0,0,0,0,0,0
340,https://doi.org/10.1002/jcc.24461,0,-1974,1841.1,36,cis-Pt(Me 2 en) 2(Mal),neutral,sq-pl,org,O=C(CC(O[H])=O)O[Pt]OC(CC(O[H])=O)=O.CN([H])CCN([H])C,311.3752871,311.2933582,261.1117688,260.2345811,154.4864551,154.4247544,162.0309161,161.9508099,162.5008637,161.6157465,154.6419624,155.7611231,154.0165323,31.04000968,30.13330321,27.29616151,25.09456211,24.92132529,24.70596521,24.69981241,24.22636423,24.04530769,20.06593957,20.06006877,19.50772358,18.95340665,19.40834193,0,0,0,0,0,0,0,0,0,0,0,0,0,0,0,0,0,0,0
341,https://doi.org/10.1002/jcc.24461,0,-1976,1853.7,8,cis-Pt(Me 4 en) 2(Mal),neutral,sq-pl,org,O=C(CC(O[H])=O)O[Pt]OC(CC(O[H])=O)=O.CN(C)CCN(C)C,310.1119823,310.0728913,263.4302473,262.61701,154.3018566,154.290931,162.0295756,161.9809522,162.9900994,162.9076195,163.9655992,160.8177587,159.7816311,158.1545462,155.3172622,27.59279106,26.45104338,26.27946915,25.76785027,25.64264613,25.64865852,25.55910921,25.3695507,25.04867865,24.20285113,24.13657912,20.23940269,20.22946239,20.12311296,19.89244045,19.82140314,19.71847363,19.01357982,0,0,0,0,0,0,0,0,0,0,0,0,0
342,https://doi.org/10.1002/jcc.24461,0,-1835,1509.4,-41,cis-Pt(Me 2 NH) 2 (benzmal),neutral,sq-pl,org,O=C1C(CC2=CC=CC=C2)C(O[Pt]O1)=O.CN([H])C.CN([H])C,309.1730893,309.1716723,259.089179,259.0786573,152.848802,152.8403988,158.9300366,158.9220366,160.9499493,160.9435138,153.584879,144.8147793,146.6174142,146.6045514,146.8737918,146.8524811,134.4884195,134.4776699,129.2586288,125.8779746,32.01917704,32.01541216,27.16546449,27.16121675,24.56425988,24.56270219,23.65451668,23.65111249,22.16173772,22.15682403,21.01335864,21.01136117,19.94784261,19.9470834,18.29100406,18.8079053,18.8062346,18.98889246,18.98768774,17.55657836,17.55259107,17.90659141,0,0,0,0
343,https://doi.org/10.1002/jcc.24461,0,-1926,1674.2,-27,cis-Pt(Me 2 en) 2(benzmal),neutral,sq-pl,org,O=C1C(CC2=CC=CC=C2)C(O[Pt]O1)=O.[H]N([H])CCN([H])C.[H]N([H])CCN([H])C,311.352761,310.5513006,260.7265462,259.8267953,153.6673224,153.2109535,160.2637876,159.7043261,161.5479483,160.9766163,156.5747767,157.9749946,154.203505,146.4637022,151.3702884,138.8833335,139.18545,128.6937822,126.1612145,125.9136654,31.54125189,30.83912747,25.0342599,24.74388916,24.21595755,24.34642416,24.06162774,23.21353157,23.20435174,19.70323922,20.02980214,19.9912415,19.63307811,19.41937927,19.24929238,18.39814552,18.37348635,17.45966151,17.47087056,17.39674605,0,0,0,0,0,0
344,https://doi.org/10.1002/jcc.24461,0,-1930,1651.7,-26,cis-Pt(Me 4 en) 2(benzmal),neutral,sq-pl,org,O=C1C(CC2=CC=CC=C2)C(O[Pt]O1)=O.CN(C)CCN(C)C.CN(C)CCN(C)C,310.4956012,310.0965367,262.4467237,260.6435467,152.7009709,152.7837162,158.2621728,158.491138,163.8178887,163.8829252,161.7348355,160.1089428,158.7835154,153.0703077,155.7825592,143.0905144,142.1258723,132.4612308,121.9864303,120.514281,113.4985007,109.7542283,26.56319351,26.11400932,25.69341362,25.69919867,25.70807049,25.09295794,25.09891181,24.7529015,24.43487894,24.07232492,23.69126449,20.21328028,20.19455122,20.1135776,19.73571444,19.8237661,19.54659956,19.5551948,18.21591684,17.69122946,17.32332691,16.63353419,15.98433368,15.35247296
345,https://doi.org/10.1002/jcc.24461,0,-1827,1655.5,-21,cis-Pt(EtNH 2) 2(bumal) 2,neutral,sq-pl,org,O=C1C(CCCC)C(O[Pt]O1)=O.[H]N(CC)[H].[H]N(CC)[H],309.9392785,309.4872936,257.6874228,257.5780257,154.2286694,154.0393507,161.3560444,161.0982858,151.0866874,153.5216543,148.8704841,145.4470471,145.3408873,138.7073702,110.1255538,93.15125314,74.70492433,32.03519886,31.57882611,31.55196666,29.9763952,29.46990691,28.58438206,27.43877444,23.61639378,22.7673005,21.7965689,21.49955542,19.9106618,19.17013962,18.6676254,19.37608214,19.07389583,18.66005973,17.80568945,17.06225841,15.33126071,14.16023241,12.66838981,11.33094365,11.22912825,0,0,0,0,0
346,https://doi.org/10.1002/jcc.24461,0,-1826,1657.3,-21,cis-Pt(Me 2 NH) 2 (bumal) 2,neutral,sq-pl,org,O=C1C(CCCC)C(O[Pt]O1)=O.[H]N(C)C.CN(C)[H],309.8435359,309.2007921,259.7003209,259.6524706,154.4584682,154.1954385,162.0958925,161.7735978,152.992086,157.045881,155.3099274,148.9291694,151.5337774,150.3824301,112.2978205,95.49188982,76.15178166,33.20242524,32.2346087,32.11428025,26.30262311,25.61163604,24.80272711,24.37624599,23.78167712,23.70372662,22.90751984,22.86008958,20.27744203,19.47930881,18.82338406,19.69021674,19.53603058,19.29616107,19.19675607,17.62364433,15.51757563,14.48496234,12.90191887,11.50189501,11.45243759,0,0,0,0,0
347,https://doi.org/10.1002/jcc.24461,0,-1923,1823.2,-13,cis-Pt(Me 2 en) 2(bumal) 2,neutral,sq-pl,org,CCCCC1C(O[Pt]OC1=O)=O.[H]N(CCN(C)[H])C,310.9832383,309.6327191,260.2337302,259.024712,154.1307497,153.5997693,161.3613846,160.5796996,161.9973306,161.1847868,151.1786315,155.6616515,153.7974335,148.5630848,114.5200405,116.2881395,102.0584747,33.44827113,31.00602208,29.9435356,25.16951945,25.11270789,24.95219327,24.64239721,24.70471506,24.18124557,23.96531182,19.98343658,19.62546873,20.0172586,20.01598845,18.65858874,19.48616135,19.38352939,18.84433936,15.9649467,16.08768396,15.47706493,13.97979835,0,0,0,0,0,0,0
348,https://doi.org/10.1002/jcc.24461,0,-1922,1818.6,-27,cis-Pt(Me 4 en) 2(bumal) 2,neutral,sq-pl,org,O=C(O[Pt]OC1=O)C1CCCC.CN(C)CCN(C)C,309.8921039,309.5537696,262.6532047,262.0006583,153.8965043,153.6857125,161.176889,160.9012916,162.7419387,162.6330152,163.4617745,160.5463878,159.5111385,158.0129595,151.5505935,148.1118045,111.186954,95.35903602,75.70271693,33.16312543,26.39514379,26.17360585,25.79614682,25.6331962,25.53852433,25.42942187,25.48914525,24.96946649,24.18378169,24.10978412,20.32176825,20.20280955,20.20894473,20.07960158,19.86699102,19.79545369,19.70058678,19.13643913,18.69153399,17.64952281,15.3647582,14.56604448,12.75895007,11.43132471,11.42303656,0
370,https://doi.org/10.1002/jcc.24461,-2000,-1671,951.1,65,[Pt(NO 2)Cl 3 ]2-,anion,sq-pl,hal-inorg,[Pt-2]([N+](=O)[O-])([Cl])([Cl])[Cl],562.9043516,562.8821247,545.8125934,300.084462,235.9350515,235.8104369,0,0,0,0,0,0,0,0,0,0,0,0,0,0,0,0,0,0,0,0,0,0,0,0,0,0,0,0,0,0,0,0,0,0,0,0,0,0,0,0
371,https://doi.org/10.1002/jcc.24461,-2000,-1828,1078.5,13,trans-[Pt(NO2 )Cl 2Br] 2-,anion,sq-pl,hal-inorg,[Pt-2]([N+](=O)[O-])([Cl])([Cl])[Br],1086.325749,554.2202081,554.2159901,300.5020998,236.5269647,236.5127128,0,0,0,0,0,0,0,0,0,0,0,0,0,0,0,0,0,0,0,0,0,0,0,0,0,0,0,0,0,0,0,0,0,0,0,0,0,0,0,0
372,https://doi.org/10.1002/jcc.24461,-2000,-1878,744.4,33,cis-[Pt(NO 2 )Cl 2Br]2-,anion,sq-pl,hal-inorg,[Pt-2](Br)([N+](=O)[O-])([Cl])[Cl],1115.94289,558.9452556,540.3544537,300.4458151,236.4198503,236.3925888,0,0,0,0,0,0,0,0,0,0,0,0,0,0,0,0,0,0,0,0,0,0,0,0,0,0,0,0,0,0,0,0,0,0,0,0,0,0,0,0
373,https://doi.org/10.1002/jcc.24461,-2000,-2057,1132.3,-19,cis-[Pt(NO 2 )ClBr 2 ]2-,anion,sq-pl,hal-inorg,[Pt-2](Br)(Br)([N+](=O)[O-])[Cl],1103.069805,1077.270444,550.4882912,300.5944055,236.8537261,236.8063528,0,0,0,0,0,0,0,0,0,0,0,0,0,0,0,0,0,0,0,0,0,0,0,0,0,0,0,0,0,0,0,0,0,0,0,0,0,0,0,0
374,https://doi.org/10.1002/jcc.24461,-2000,-2104,965.7,4,trans-[Pt(NO2 )ClBr 2 ]2-,anion,sq-pl,hal-inorg,[Pt-2](Br)(Br)(Cl)[N+](=O)[O-],1102.518032,1102.5151,535.482556,300.7708065,236.8950426,236.8575961,0,0,0,0,0,0,0,0,0,0,0,0,0,0,0,0,0,0,0,0,0,0,0,0,0,0,0,0,0,0,0,0,0,0,0,0,0,0,0,0
375,https://doi.org/10.1002/jcc.24461,-2000,-2303,1170.5,-48,[Pt(NO 2)Br 3] 2-,anion,sq-pl,hal-inorg,[Pt-2](Br)(Br)([N+](=O)[O-])[Br],1088.771515,1088.771773,1069.312992,300.7534821,237.2035449,237.0913667,0,0,0,0,0,0,0,0,0,0,0,0,0,0,0,0,0,0,0,0,0,0,0,0,0,0,0,0,0,0,0,0,0,0,0,0,0,0,0,0
376,https://doi.org/10.1002/jcc.24461,-2000,-1797,1439.6,13,trans-[Pt(NO2 )2 Cl2 ]2-,anion,sq-pl,hal-inorg,[Pt-2]([N+](=O)[O-])(Cl)(Cl)[N+](=O)[O-],555.316737,555.3125662,288.6884545,288.6887904,229.013889,229.0129176,229.0259296,229.0208914,0,0,0,0,0,0,0,0,0,0,0,0,0,0,0,0,0,0,0,0,0,0,0,0,0,0,0,0,0,0,0,0,0,0,0,0,0,0
377,https://doi.org/10.1002/jcc.24461,-2000,-1994,851.6,-56,trans-[Pt(NO2 )2 ClBr]2-,anion,sq-pl,hal-inorg,[Pt-2]([N+](=O)[O-])(Cl)([N+](=O)[O-])[Br],1122.649385,561.3472016,288.2140754,288.2074966,228.3191826,228.3050256,228.292994,228.297994,0,0,0,0,0,0,0,0,0,0,0,0,0,0,0,0,0,0,0,0,0,0,0,0,0,0,0,0,0,0,0,0,0,0,0,0,0,0
378,https://doi.org/10.1002/jcc.24461,-2000,-2209,789.1,-86,trans-[Pt(NO2 )2 Br2 ]2-,anion,sq-pl,hal-inorg,[Pt-2]([N+](=O)[O-])([N+](=O)[O-])([Br])[Br],1108.231735,1108.230096,288.3543992,288.356118,228.5941251,228.5950946,228.4938858,228.4939028,0,0,0,0,0,0,0,0,0,0,0,0,0,0,0,0,0,0,0,0,0,0,0,0,0,0,0,0,0,0,0,0,0,0,0,0,0,0
379,https://doi.org/10.1002/jcc.24461,-2000,-1797,747.2,13,cis-[Pt(NO 2 )2Cl 2 ]2-,anion,sq-pl,hal-inorg,[Pt-2]([N+](=O)[O-])([N+](=O)[O-])([Cl])[Cl],555.3188679,555.3172818,288.6900742,288.6878225,229.0439271,229.0291121,229.0045796,228.9918687,0,0,0,0,0,0,0,0,0,0,0,0,0,0,0,0,0,0,0,0,0,0,0,0,0,0,0,0,0,0,0,0,0,0,0,0,0,0
380,https://doi.org/10.1002/jcc.24461,-2000,-1949,1146.3,-32,cis-[Pt(NO 2 )2ClBr]2-,anion,sq-pl,hal-inorg,[Pt-2]([N+](=O)[O-])(Br)([N+](=O)[O-])[Cl],1102.715901,547.8532422,289.3772267,287.1128071,229.5616789,229.5137432,228.4182774,228.4156176,0,0,0,0,0,0,0,0,0,0,0,0,0,0,0,0,0,0,0,0,0,0,0,0,0,0,0,0,0,0,0,0,0,0,0,0,0,0
381,https://doi.org/10.1002/jcc.24461,-2000,-2120,1522,-78,cis-[Pt(NO 2 )2Br 2] 2-,anion,sq-pl,hal-inorg,[Pt-2]([N+](=O)[O-])(Br)(Br)[N+](=O)[O-],1089.74848,1089.718979,287.7135406,287.714577,228.8588903,228.850921,228.8557319,228.8479588,0,0,0,0,0,0,0,0,0,0,0,0,0,0,0,0,0,0,0,0,0,0,0,0,0,0,0,0,0,0,0,0,0,0,0,0,0,0
382,https://doi.org/10.1002/jcc.24461,-2000,-1949,1019.3,-66,[Pt(NO 2)3 Cl] 2-,anion,sq-pl,hal-inorg,[Pt-2]([N+](=O)[O-])([N+](=O)[O-])(Cl)[N+](=O)[O-],560.500518,283.8214078,281.9369549,281.9350712,226.178242,226.1728317,225.6928303,225.670127,223.8944892,223.8706281,0,0,0,0,0,0,0,0,0,0,0,0,0,0,0,0,0,0,0,0,0,0,0,0,0,0,0,0,0,0,0,0,0,0,0,0
384,https://doi.org/10.1002/jcc.24461,-2000,-2187,993.5,-125,[Pt(NO2)4] 2-,anion,sq-pl,inorg,[Pt-2]([N+](=O)[O-])([N+](=O)[O-])([N+](=O)[O-])[N+](=O)[O-],279.1721817,279.1718599,279.1721519,279.1712057,223.3977191,223.3963083,223.3950241,223.3949532,223.390959,223.3909863,223.3888661,223.3888432,0,0,0,0,0,0,0,0,0,0,0,0,0,0,0,0,0,0,0,0,0,0,0,0,0,0,0,0,0,0,0,0,0,0
513,https://doi.org/10.1016/0022-2364(77)90217-7,4000,939,1808.3,228,[Pt(en)3](ClO4)4,cation,oct,org,[H]N([H])CCN([H])[H].O=Cl(=O)([O-])=O.O=Cl(=O)([O-])=O.O=Cl(=O)([O-])=O.O=Cl(=[O-])(O)=O.[H]N([H])CCN([H])[H].[H]N([H])CCN([H])[H].[Pt],2.50E+02,2.50E+02,2.50E+02,2.50E+02,2.50E+02,2.50E+02,1.56E+02,1.56E+02,1.56E+02,1.56E+02,1.56E+02,1.56E+02,2.88E+01,2.88E+01,2.88E+01,2.88E+01,2.86E+01,2.86E+01,2.79E+01,2.79E+01,2.77E+01,2.77E+01,2.77E+01,2.77E+01,2.35E+01,2.35E+01,2.35E+01,2.35E+01,2.34E+01,2.34E+01,1.95E+01,1.95E+01,1.95E+01,1.95E+01,1.95E+01,1.95E+01,0.00E+00,0.00E+00,0.00E+00,0.00E+00,0.00E+00,0.00E+00,0.00E+00,0.00E+00,0.00E+00,0.00E+00
515,https://doi.org/10.1016/0022-2364(77)90217-7,-2000,3465,248.6,90,Na2Pt(SCN)6,anion,oct,inorg,[Pt--](SC#C)(SC#[N])(SC#[N])(SC#[N])(SC#[N])SC#[N].[Na+].[Na+],5.09E+02,5.09E+02,5.08E+02,5.08E+02,5.08E+02,5.08E+02,1.46E+02,1.46E+02,1.46E+02,1.45E+02,1.45E+02,1.45E+02,1.32E+02,1.32E+02,1.32E+02,1.32E+02,1.32E+02,1.32E+02,0.00E+00,0.00E+00,0.00E+00,0.00E+00,0.00E+00,0.00E+00,0.00E+00,0.00E+00,0.00E+00,0.00E+00,0.00E+00,0.00E+00,0.00E+00,0.00E+00,0.00E+00,0.00E+00,0.00E+00,0.00E+00,0.00E+00,0.00E+00,0.00E+00,0.00E+00,0.00E+00,0.00E+00,0.00E+00,0.00E+00,0.00E+00,0.00E+00
516,https://doi.org/10.1016/0022-2364(77)90217-7,-2000,3821,1040,-723,K2Pt(CN)6,anion,oct,inorg,[Pt--](C#N)(C#N)(C#N)(C#N)(C#[N])C#[N].[K+].[K+],2.32E+02,2.32E+02,2.32E+02,2.32E+02,2.32E+02,2.32E+02,1.72E+02,1.72E+02,1.72E+02,1.72E+02,1.72E+02,1.72E+02,0.00E+00,0.00E+00,0.00E+00,0.00E+00,0.00E+00,0.00E+00,0.00E+00,0.00E+00,0.00E+00,0.00E+00,0.00E+00,0.00E+00,0.00E+00,0.00E+00,0.00E+00,0.00E+00,0.00E+00,0.00E+00,0.00E+00,0.00E+00,0.00E+00,0.00E+00,0.00E+00,0.00E+00,0.00E+00,0.00E+00,0.00E+00,0.00E+00,0.00E+00,0.00E+00,0.00E+00,0.00E+00,0.00E+00,0.00E+00
521,https://doi.org/10.1016/0022-2364(77)90217-7,2000,2610,853.9,45,[Pt(NH3)4](ClO4)2,cation,sq-pl,org,[H]N([H])[H].O=Cl(=O)(O)=[O-].[O-]Cl(=O)(=O)=O.[H]N([H])[H].[H]N([H])[H].[H]N([H])[H].[Pt+2],2.62E+02,2.62E+02,2.62E+02,2.62E+02,2.96E+01,2.96E+01,2.96E+01,2.96E+01,2.96E+01,2.96E+01,2.96E+01,2.96E+01,2.92E+01,2.92E+01,2.92E+01,2.92E+01,0.00E+00,0.00E+00,0.00E+00,0.00E+00,0.00E+00,0.00E+00,0.00E+00,0.00E+00,0.00E+00,0.00E+00,0.00E+00,0.00E+00,0.00E+00,0.00E+00,0.00E+00,0.00E+00,0.00E+00,0.00E+00,0.00E+00,0.00E+00,0.00E+00,0.00E+00,0.00E+00,0.00E+00,0.00E+00,0.00E+00,0.00E+00,0.00E+00,0.00E+00,0.00E+00
525,https://doi.org/10.1016/0022-2364(77)90217-7,2000,3015,568.9,7,[Pt(en)2]Cl2,cation,sq-pl,org,[H]N([H])CCN([H])[H].[H]N([H])CCN([H])[H].Cl[Pt]Cl,2.63E+02,2.63E+02,2.63E+02,2.63E+02,1.61E+02,1.61E+02,1.61E+02,1.61E+02,3.02E+01,3.02E+01,3.02E+01,3.02E+01,2.90E+01,2.90E+01,2.90E+01,2.90E+01,2.43E+01,2.43E+01,2.43E+01,2.43E+01,2.00E+01,2.00E+01,2.00E+01,2.00E+01,0.00E+00,0.00E+00,0.00E+00,0.00E+00,0.00E+00,0.00E+00,0.00E+00,0.00E+00,0.00E+00,0.00E+00,0.00E+00,0.00E+00,0.00E+00,0.00E+00,0.00E+00,0.00E+00,0.00E+00,0.00E+00,0.00E+00,0.00E+00,0.00E+00,0.00E+00
527,https://doi.org/10.1016/0022-2364(77)90217-7,-2000,3910,272.4,-84,K2Pt(SCN)4,anion,sq-pl,inorg,[Pt--](SC#C)(SC#[N])(SC#[N])SC#[N].[K+].[K+],5.18E+02,5.17E+02,2.66E+02,2.66E+02,2.76E+02,2.76E+02,1.91E+02,1.90E+02,1.71E+02,1.70E+02,1.51E+02,1.51E+02,0.00E+00,0.00E+00,0.00E+00,0.00E+00,0.00E+00,0.00E+00,0.00E+00,0.00E+00,0.00E+00,0.00E+00,0.00E+00,0.00E+00,0.00E+00,0.00E+00,0.00E+00,0.00E+00,0.00E+00,0.00E+00,0.00E+00,0.00E+00,0.00E+00,0.00E+00,0.00E+00,0.00E+00,0.00E+00,0.00E+00,0.00E+00,0.00E+00,0.00E+00,0.00E+00,0.00E+00,0.00E+00,0.00E+00,0.00E+00
528,https://doi.org/10.1016/0022-2364(77)90217-7,-2000,4713,764.3,-578,K2Pt(CN)4,anion,sq-pl,inorg,[Pt--](C#[N])(C#[N])(C#[N])C#[N].[K+].[K+],2.38E+02,2.38E+02,2.38E+02,2.38E+02,1.74E+02,1.74E+02,1.74E+02,1.74E+02,0.00E+00,0.00E+00,0.00E+00,0.00E+00,0.00E+00,0.00E+00,0.00E+00,0.00E+00,0.00E+00,0.00E+00,0.00E+00,0.00E+00,0.00E+00,0.00E+00,0.00E+00,0.00E+00,0.00E+00,0.00E+00,0.00E+00,0.00E+00,0.00E+00,0.00E+00,0.00E+00,0.00E+00,0.00E+00,0.00E+00,0.00E+00,0.00E+00,0.00E+00,0.00E+00,0.00E+00,0.00E+00,0.00E+00,0.00E+00,0.00E+00,0.00E+00,0.00E+00,0.00E+00
531,https://doi.org/10.1002/ejic.202000474,2000,-2580,1012.5,45,[Pt(NH3)4] 2+,cation,sq-pl,org,[H]N([H])[H].[H]N([H])[H].[H]N([H])[H].[H]N([H])[H].[Pt+2],262.212577,262.2105473,262.2102317,262.2089694,29.58512499,29.58447148,29.58428392,29.58407593,29.58369967,29.58342403,29.58282006,29.58196122,29.15479505,29.15385987,29.15276126,29.15147,0,0,0,0,0,0,0,0,0,0,0,0,0,0,0,0,0,0,0,0,0,0,0,0,0,0,0,0,0,0
532,https://doi.org/10.1002/ejic.202000474,1000,-2353,1187.9,-34,[Pt(NH3)3Cl]+,cation,sq-pl,hal-org,[H]N([H])[H].[H]N([H])[H].[H]N([H])[H].[Pt+]Cl,592.7365485,265.124692,265.0920822,248.4026194,31.24018773,31.23175614,29.54159252,29.50091441,29.28988711,29.24831881,28.71438286,28.3956873,28.37411246,0,0,0,0,0,0,0,0,0,0,0,0,0,0,0,0,0,0,0,0,0,0,0,0,0,0,0,0,0,0,0,0,0
533,https://doi.org/10.1002/ejic.202000474,1000,-2492,1357.5,-42,[Pt(NH3)3Br]+,cation,sq-pl,hal-org,[H]N([H])[H].[H]N([H])[H].[H]N([H])[H].[Pt+]Br,1149.871422,263.5208805,263.7587759,247.9430255,30.61451529,30.41395907,30.41215256,29.39837092,29.39595724,28.63398726,28.5647008,28.56218845,28.19245539,0,0,0,0,0,0,0,0,0,0,0,0,0,0,0,0,0,0,0,0,0,0,0,0,0,0,0,0,0,0,0,0,0
534,https://doi.org/10.1002/ejic.202000474,1000,-2819,1417.5,-97,[Pt(NH3)3I]+,cation,sq-pl,hal-org,[H]N([H])[H].[H]N([H])[H].[H]N([H])[H].[Pt+]I,1609.210593,263.2855315,263.2412334,248.4651575,30.28397486,30.2822869,30.16631464,30.12968171,28.82538951,28.78719196,28.684191,28.38225493,28.339071,0,0,0,0,0,0,0,0,0,0,0,0,0,0,0,0,0,0,0,0,0,0,0,0,0,0,0,0,0,0,0,0,0
535,https://doi.org/10.1002/ejic.202000474,0,-2101,1075.7,-41,cis-[Pt(NH3)2Cl2],neutral,sq-pl,hal-org,[H]N([H])[H].[H]N([H])[H].Cl[Pt]Cl,592.9328156,592.9202229,253.5657134,253.5565986,31.06364256,31.05252612,28.42307731,28.41971844,28.41715594,28.40957042,0,0,0,0,0,0,0,0,0,0,0,0,0,0,0,0,0,0,0,0,0,0,0,0,0,0,0,0,0,0,0,0,0,0,0,0
536,https://doi.org/10.1002/ejic.202000474,0,-2254,1206.1,-67,cis-[Pt(NH3)2ClBr],neutral,sq-pl,hal-org,[H]N([H])[H].[H]N([H])[H].Br[Pt]Cl,1157.057639,590.1517794,249.679597,253.0126159,31.01477732,29.52371242,29.51427143,28.35005794,28.35205302,27.50652071,0,0,0,0,0,0,0,0,0,0,0,0,0,0,0,0,0,0,0,0,0,0,0,0,0,0,0,0,0,0,0,0,0,0,0,0
537,https://doi.org/10.1002/ejic.202000474,0,-2428,1302,-93,cis-[Pt(NH3)2Br2],neutral,sq-pl,hal-org,[H]N([H])[H].[H]N([H])[H].Br[Pt]Br,1153.76364,1153.584152,248.5408574,248.7471507,29.76986693,29.44803448,29.43396724,28.18334448,28.18037789,27.33834024,0,0,0,0,0,0,0,0,0,0,0,0,0,0,0,0,0,0,0,0,0,0,0,0,0,0,0,0,0,0,0,0,0,0,0,0
538,https://doi.org/10.1002/ejic.202000474,0,-2615,1284.5,-121,cis-[Pt(NH3)2ClI],neutral,sq-pl,hal-org,[H]N([H])[H].[H]N([H])[H].I[Pt]Cl,1615.191027,589.6882838,248.2671458,254.7916161,31.19659517,29.24649052,29.24131806,28.48289901,28.48110339,27.54156842,0,0,0,0,0,0,0,0,0,0,0,0,0,0,0,0,0,0,0,0,0,0,0,0,0,0,0,0,0,0,0,0,0,0,0,0
539,https://doi.org/10.1002/ejic.202000474,0,-2830,1355.8,-151,cis-[Pt(NH3)2BrI],neutral,sq-pl,hal-org,[H]N([H])[H].[H]N([H])[H].I[Pt]Br,1612.014838,1151.298094,247.3844139,250.3048478,29.2128507,29.20485748,29.62371438,29.61996942,27.34852784,27.41959218,0,0,0,0,0,0,0,0,0,0,0,0,0,0,0,0,0,0,0,0,0,0,0,0,0,0,0,0,0,0,0,0,0,0,0,0
540,https://doi.org/10.1002/ejic.202000474,0,-3309,1415.1,-207,cis-[Pt(NH3)2I2],neutral,sq-pl,hal-org,[H]N([H])[H].[H]N([H])[H].I[Pt]I,1608.911281,1608.868213,248.9121216,248.8798288,29.35775056,29.34726317,29.34665764,29.34852544,27.43320953,27.41655659,0,0,0,0,0,0,0,0,0,0,0,0,0,0,0,0,0,0,0,0,0,0,0,0,0,0,0,0,0,0,0,0,0,0,0,0
541,https://doi.org/10.1002/ejic.202000474,0,-2104,2.9,-21,trans-[Pt(NH3)2Cl2],neutral,sq-pl,hal-org,[H]N([H])[H].[H]N([H])[H].Cl[Pt]Cl,575.8601241,575.8506055,266.8319408,266.8309499,30.50197744,30.49759965,30.21336263,30.21084612,30.20851024,30.20708452,0,0,0,0,0,0,0,0,0,0,0,0,0,0,0,0,0,0,0,0,0,0,0,0,0,0,0,0,0,0,0,0,0,0,0,0
542,https://doi.org/10.1002/ejic.202000474,0,-2293,221.5,-45,trans-[Pt(NH3)2ClBr],neutral,sq-pl,hal-org,[H]N([H])[H].[H]N([H])[H].Cl[Pt]Br,1128.659597,574.8222531,265.9450692,265.9435218,30.50588042,30.50575103,30.0277659,30.01565953,30.03153426,30.01946135,0,0,0,0,0,0,0,0,0,0,0,0,0,0,0,0,0,0,0,0,0,0,0,0,0,0,0,0,0,0,0,0,0,0,0,0
543,https://doi.org/10.1002/ejic.202000474,0,-2557,2.9,-65,trans-[Pt(NH3)2Br2],neutral,sq-pl,hal-org,[H]N([H])[H].[H]N([H])[H].Br[Pt]Br,1120.126716,1120.12351,264.8284108,264.8278574,29.90524736,29.90408272,30.08570038,30.08532128,30.09210202,30.09204292,0,0,0,0,0,0,0,0,0,0,0,0,0,0,0,0,0,0,0,0,0,0,0,0,0,0,0,0,0,0,0,0,0,0,0,0
544,https://doi.org/10.1002/ejic.202000474,0,-2999,132.2,-127,trans-[Pt(NH3)2BrI],neutral,sq-pl,hal-org,[H]N([H])[H].[H]N([H])[H].Br[Pt]I,1583.185109,1119.8105,264.2720786,264.2964532,29.54292854,29.92286515,29.91590144,30.03774068,30.18709797,30.17890367,0,0,0,0,0,0,0,0,0,0,0,0,0,0,0,0,0,0,0,0,0,0,0,0,0,0,0,0,0,0,0,0,0,0,0,0
545,https://doi.org/10.1002/ejic.202000474,0,-3372,0.9,-191,trans-[Pt(NH3)2I2],neutral,sq-pl,hal-org,[H]N([H])[H].[H]N([H])[H].I[Pt]I,1582.553689,1582.505553,263.5195471,263.5178247,29.64556341,29.64499705,30.00004018,29.99764525,29.97362402,29.97090593,0,0,0,0,0,0,0,0,0,0,0,0,0,0,0,0,0,0,0,0,0,0,0,0,0,0,0,0,0,0,0,0,0,0,0,0
546,https://doi.org/10.1002/ejic.202000474,-1000,-1884,589.9,219,[Pt(NH3)Cl3]-,anion,sq-pl,hal-org,Cl[Pt](Cl)Cl.[H]N([H])[H],607.9348984,587.0241235,586.6354561,252.2279558,29.097361,29.02111579,29.02213599,0,0,0,0,0,0,0,0,0,0,0,0,0,0,0,0,0,0,0,0,0,0,0,0,0,0,0,0,0,0,0,0,0,0,0,0,0,0,0
547,https://doi.org/10.1002/ejic.202000474,-1000,-2534,331.1,185,[Pt(NH3)Br3]-,anion,sq-pl,hal-org,Br[Pt](Br)Br.[H]N([H])[H],1162.819929,1164.872661,868.0378208,288.0078315,22.36960358,30.32735547,30.0876634,0,0,0,0,0,0,0,0,0,0,0,0,0,0,0,0,0,0,0,0,0,0,0,0,0,0,0,0,0,0,0,0,0,0,0,0,0,0,0
548,https://doi.org/10.1002/ejic.202000474,-1000,-3298,469.1,55,trans-[Pt(NH3)ClI2]-,anion,sq-pl,hal-org,Cl[Pt](I)I.[H]N([H])[H],1596.90028,1595.599831,605.3053188,245.5999487,28.03346649,28.47258087,28.4649096,0,0,0,0,0,0,0,0,0,0,0,0,0,0,0,0,0,0,0,0,0,0,0,0,0,0,0,0,0,0,0,0,0,0,0,0,0,0,0
549,https://doi.org/10.1002/ejic.202000474,-1000,-4250,709.4,-39,[Pt(NH3)I3]-,anion,sq-pl,hal-org,I[Pt](I)I.[H]N([H])[H],1616.381895,1590.390037,1589.924432,246.5670646,28.79039187,28.18113763,28.27141361,0,0,0,0,0,0,0,0,0,0,0,0,0,0,0,0,0,0,0,0,0,0,0,0,0,0,0,0,0,0,0,0,0,0,0,0,0,0,0