Complex ID,1,2,3,4,5,6,7,8,9,10,11,12,13,14,15,16,17,18,19,20,21,22,23,24,25,27,28,29,30,31,32,33,34,35,36,38,39,40,41,42,43,44,45,47,48,49,50,51,52,53,54,55,57,58,59,60,61,62,63,64,65,66,67,68,69,70,72,73,74,75,77,78,79,80,81,82,83,84,85,87,88,89,90,92,93,94,95,97,98,99,100,102,103,104,105,107,108,109,110,112,113,114,115,117,118,119,120,121,122,123,124,125,127,128,129,130,131,132,133,134,135,137,138,139,140,142,143,144,145,146,147,148,149,150,152,153,154,155,157,158,159,160,162,163,164,165,167,168,169,170,172,173,174,175,178,179,180,181,182,183,184,185,187,188,189,190,191,192,193,194,195,196,198,199,200,201,203,204,205,206,208,209,210,211,212,213,220,226,228,Charge,Shift,Dipole_point_q,q,Brutto,Charge_class,Geometry,Ligand,Smiles,Source_doi
1,2.33,17,0.0101,2.33,-0.0439,2.33,17,-0.0106,-2.33,-0.0165,2.33,17,2.33,-0.0101,0.037,2.33,17,-2.33,0.0108,0.0765,0,0,0,0,0,0,0,0,0,0,0,0,0,0,0,0,0,0,0,0,0,0,0,0,0,0,0,0,0,0,0,0,0,0,0,0,0,0,0,0,0,0,0,0,0,0,0,0,0,0,0,0,0,0,0,0,0,0,0,0,0,0,0,0,0,0,0,0,0,0,0,0,0,0,0,0,0,0,0,0,0,0,0,0,0,0,0,0,0,0,0,0,0,0,0,0,0,0,0,0,0,0,0,0,0,0,0,0,0,0,0,0,0,0,0,0,0,0,0,0,0,0,0,0,0,0,0,0,0,0,0,0,0,0,0,0,0,0,0,0,0,0,0,0,0,0,0,0,0,0,0,0,0,0,0,0,0,0,0,0,0,0,0,0,0,0,0,0,0,-2000,-1630,16.71301257,91,[PtCl4]2-,anion,sq-pl,hal,Cl[Pt@SP1](Cl)(Cl)Cl,https://doi.org/10.1002/ejic.201600573
2,2.34,17,2.34,0.00314,0.00906,2.34,17,0.0581,2.34,-0.0174,2.34,17,0.0643,-2.34,0.0182,2.45,35,-2.45,-0.00329,-0.00963,0,0,0,0,0,0,0,0,0,0,0,0,0,0,0,0,0,0,0,0,0,0,0,0,0,0,0,0,0,0,0,0,0,0,0,0,0,0,0,0,0,0,0,0,0,0,0,0,0,0,0,0,0,0,0,0,0,0,0,0,0,0,0,0,0,0,0,0,0,0,0,0,0,0,0,0,0,0,0,0,0,0,0,0,0,0,0,0,0,0,0,0,0,0,0,0,0,0,0,0,0,0,0,0,0,0,0,0,0,0,0,0,0,0,0,0,0,0,0,0,0,0,0,0,0,0,0,0,0,0,0,0,0,0,0,0,0,0,0,0,0,0,0,0,0,0,0,0,0,0,0,0,0,0,0,0,0,0,0,0,0,0,0,0,0,0,0,0,0,-2000,-1842,770.7583657,56,[PtCl3Br]2-,anion,sq-pl,hal,Cl[Pt@SP1](Cl)(Cl)Br,https://doi.org/10.1002/ejic.201600573
3,2.36,17,2.23,0.596,-0.463,2.36,17,-2.23,-0.596,0.462,2.47,35,0.487,-2.33,-0.646,2.47,35,-0.487,2.33,0.647,0,0,0,0,0,0,0,0,0,0,0,0,0,0,0,0,0,0,0,0,0,0,0,0,0,0,0,0,0,0,0,0,0,0,0,0,0,0,0,0,0,0,0,0,0,0,0,0,0,0,0,0,0,0,0,0,0,0,0,0,0,0,0,0,0,0,0,0,0,0,0,0,0,0,0,0,0,0,0,0,0,0,0,0,0,0,0,0,0,0,0,0,0,0,0,0,0,0,0,0,0,0,0,0,0,0,0,0,0,0,0,0,0,0,0,0,0,0,0,0,0,0,0,0,0,0,0,0,0,0,0,0,0,0,0,0,0,0,0,0,0,0,0,0,0,0,0,0,0,0,0,0,0,0,0,0,0,0,0,0,0,0,0,0,0,0,0,0,0,-2000,-2090,0.254179799,26,trans-[PtCl2Br2],anion,sq-pl,hal,Br[Pt@SP1](Cl)(Br)Cl,https://doi.org/10.1002/ejic.201600573
4,2.35,17,2.32,0.19,0.308,2.35,17,0.306,-2.33,-0.0186,2.46,35,-0.223,2.45,0.0311,2.46,35,-2.42,-0.295,-0.321,0,0,0,0,0,0,0,0,0,0,0,0,0,0,0,0,0,0,0,0,0,0,0,0,0,0,0,0,0,0,0,0,0,0,0,0,0,0,0,0,0,0,0,0,0,0,0,0,0,0,0,0,0,0,0,0,0,0,0,0,0,0,0,0,0,0,0,0,0,0,0,0,0,0,0,0,0,0,0,0,0,0,0,0,0,0,0,0,0,0,0,0,0,0,0,0,0,0,0,0,0,0,0,0,0,0,0,0,0,0,0,0,0,0,0,0,0,0,0,0,0,0,0,0,0,0,0,0,0,0,0,0,0,0,0,0,0,0,0,0,0,0,0,0,0,0,0,0,0,0,0,0,0,0,0,0,0,0,0,0,0,0,0,0,0,0,0,0,0,-2000,-2103,1003.165338,18,cis-[PtCl2Br2],anion,sq-pl,hal,Cl[Pt@SP1](Cl)(Br)[Br],https://doi.org/10.1002/ejic.201600573
5,2.32,17,2.32,-0.0104,0.00478,2.35,17,0.101,2.35,0.00132,2.35,17,0.0804,-2.35,-0.00156,2.63,53,-2.63,0.0119,-0.00463,0,0,0,0,0,0,0,0,0,0,0,0,0,0,0,0,0,0,0,0,0,0,0,0,0,0,0,0,0,0,0,0,0,0,0,0,0,0,0,0,0,0,0,0,0,0,0,0,0,0,0,0,0,0,0,0,0,0,0,0,0,0,0,0,0,0,0,0,0,0,0,0,0,0,0,0,0,0,0,0,0,0,0,0,0,0,0,0,0,0,0,0,0,0,0,0,0,0,0,0,0,0,0,0,0,0,0,0,0,0,0,0,0,0,0,0,0,0,0,0,0,0,0,0,0,0,0,0,0,0,0,0,0,0,0,0,0,0,0,0,0,0,0,0,0,0,0,0,0,0,0,0,0,0,0,0,0,0,0,0,0,0,0,0,0,0,0,0,0,-2000,-2346,1414.192862,-6,[PtCl3I]2-,anion,sq-pl,hal,Cl[Pt@SP1](Cl)(Cl)I,https://doi.org/10.1002/ejic.201600573
6,2.37,17,-0.0034,-2.36,0.102,2.46,35,0.00354,2.46,-0.106,2.48,35,2.48,-0.0379,0.0208,2.48,35,-2.48,-0.0324,-0.0174,0,0,0,0,0,0,0,0,0,0,0,0,0,0,0,0,0,0,0,0,0,0,0,0,0,0,0,0,0,0,0,0,0,0,0,0,0,0,0,0,0,0,0,0,0,0,0,0,0,0,0,0,0,0,0,0,0,0,0,0,0,0,0,0,0,0,0,0,0,0,0,0,0,0,0,0,0,0,0,0,0,0,0,0,0,0,0,0,0,0,0,0,0,0,0,0,0,0,0,0,0,0,0,0,0,0,0,0,0,0,0,0,0,0,0,0,0,0,0,0,0,0,0,0,0,0,0,0,0,0,0,0,0,0,0,0,0,0,0,0,0,0,0,0,0,0,0,0,0,0,0,0,0,0,0,0,0,0,0,0,0,0,0,0,0,0,0,0,0,-2000,-2377,657.924086,-17,[PtClBr3]2-,anion,sq-pl,hal,Cl[Pt@SP1](Br)(Br)Br,https://doi.org/10.1002/ejic.201600573
7,2.49,35,-2.27,0.692,0.75,2.49,35,0.501,2.35,-0.651,2.49,35,2.27,-0.692,-0.751,2.49,35,-0.501,-2.35,0.652,0,0,0,0,0,0,0,0,0,0,0,0,0,0,0,0,0,0,0,0,0,0,0,0,0,0,0,0,0,0,0,0,0,0,0,0,0,0,0,0,0,0,0,0,0,0,0,0,0,0,0,0,0,0,0,0,0,0,0,0,0,0,0,0,0,0,0,0,0,0,0,0,0,0,0,0,0,0,0,0,0,0,0,0,0,0,0,0,0,0,0,0,0,0,0,0,0,0,0,0,0,0,0,0,0,0,0,0,0,0,0,0,0,0,0,0,0,0,0,0,0,0,0,0,0,0,0,0,0,0,0,0,0,0,0,0,0,0,0,0,0,0,0,0,0,0,0,0,0,0,0,0,0,0,0,0,0,0,0,0,0,0,0,0,0,0,0,0,0,-2000,-2690,0.007541703,-55,[PtBr4]2-,anion,sq-pl,hal,Br[Pt@SP1](Br)(Br)Br,https://doi.org/10.1002/ejic.201600573
8,2.34,17,-0.344,-2.27,0.461,2.34,17,2.22,-0.387,0.647,2.65,53,0.567,2.55,-0.473,2.65,53,-2.54,0.26,-0.697,0,0,0,0,0,0,0,0,0,0,0,0,0,0,0,0,0,0,0,0,0,0,0,0,0,0,0,0,0,0,0,0,0,0,0,0,0,0,0,0,0,0,0,0,0,0,0,0,0,0,0,0,0,0,0,0,0,0,0,0,0,0,0,0,0,0,0,0,0,0,0,0,0,0,0,0,0,0,0,0,0,0,0,0,0,0,0,0,0,0,0,0,0,0,0,0,0,0,0,0,0,0,0,0,0,0,0,0,0,0,0,0,0,0,0,0,0,0,0,0,0,0,0,0,0,0,0,0,0,0,0,0,0,0,0,0,0,0,0,0,0,0,0,0,0,0,0,0,0,0,0,0,0,0,0,0,0,0,0,0,0,0,0,0,0,0,0,0,0,-2000,-3103,1665.137007,-112,cis-[PtCl2I2]2-,anion,sq-pl,hal,Cl[Pt@SP1](Cl)(I)I,https://doi.org/10.1002/ejic.201600573
9,2.48,35,2.48,-0.00898,7.71E-05,2.49,35,0.0521,2.49,0.00994,2.49,35,0.034,-2.49,-0.0108,2.67,53,-2.67,0.00968,0.000884,0,0,0,0,0,0,0,0,0,0,0,0,0,0,0,0,0,0,0,0,0,0,0,0,0,0,0,0,0,0,0,0,0,0,0,0,0,0,0,0,0,0,0,0,0,0,0,0,0,0,0,0,0,0,0,0,0,0,0,0,0,0,0,0,0,0,0,0,0,0,0,0,0,0,0,0,0,0,0,0,0,0,0,0,0,0,0,0,0,0,0,0,0,0,0,0,0,0,0,0,0,0,0,0,0,0,0,0,0,0,0,0,0,0,0,0,0,0,0,0,0,0,0,0,0,0,0,0,0,0,0,0,0,0,0,0,0,0,0,0,0,0,0,0,0,0,0,0,0,0,0,0,0,0,0,0,0,0,0,0,0,0,0,0,0,0,0,0,0,-2000,-3260,576.5131313,-119,[PtBr3I]2-,anion,sq-pl,hal,Br[Pt@SP1](Br)(Br)I,https://doi.org/10.1002/ejic.201600573
10,2.5,35,-2.49,0.0496,0.174,2.5,35,2.49,-0.0497,-0.174,2.66,53,-0.0342,-2.65,0.266,2.66,53,0.0342,2.65,-0.265,0,0,0,0,0,0,0,0,0,0,0,0,0,0,0,0,0,0,0,0,0,0,0,0,0,0,0,0,0,0,0,0,0,0,0,0,0,0,0,0,0,0,0,0,0,0,0,0,0,0,0,0,0,0,0,0,0,0,0,0,0,0,0,0,0,0,0,0,0,0,0,0,0,0,0,0,0,0,0,0,0,0,0,0,0,0,0,0,0,0,0,0,0,0,0,0,0,0,0,0,0,0,0,0,0,0,0,0,0,0,0,0,0,0,0,0,0,0,0,0,0,0,0,0,0,0,0,0,0,0,0,0,0,0,0,0,0,0,0,0,0,0,0,0,0,0,0,0,0,0,0,0,0,0,0,0,0,0,0,0,0,0,0,0,0,0,0,0,0,-2000,-3977,0.216704546,-184,trans-[PtBr2I2]2-,anion,sq-pl,hal,I[Pt@SP1](Br)(I)Br,https://doi.org/10.1002/ejic.201600573
11,2.48,35,2.43,0.35,-0.373,2.48,35,0.509,-2.38,0.482,2.68,53,-0.452,2.58,-0.535,2.68,53,-2.6,-0.473,0.422,0,0,0,0,0,0,0,0,0,0,0,0,0,0,0,0,0,0,0,0,0,0,0,0,0,0,0,0,0,0,0,0,0,0,0,0,0,0,0,0,0,0,0,0,0,0,0,0,0,0,0,0,0,0,0,0,0,0,0,0,0,0,0,0,0,0,0,0,0,0,0,0,0,0,0,0,0,0,0,0,0,0,0,0,0,0,0,0,0,0,0,0,0,0,0,0,0,0,0,0,0,0,0,0,0,0,0,0,0,0,0,0,0,0,0,0,0,0,0,0,0,0,0,0,0,0,0,0,0,0,0,0,0,0,0,0,0,0,0,0,0,0,0,0,0,0,0,0,0,0,0,0,0,0,0,0,0,0,0,0,0,0,0,0,0,0,0,0,0,-2000,-3985,742.5487469,-184,cis-[PtBr2I2]2-,anion,sq-pl,hal,Br[Pt@SP1](Br)(I)I,https://doi.org/10.1002/ejic.201600573
12,2.36,17,-0.00637,-2.36,-0.188,2.66,53,2.65,-0.0952,0.237,2.66,53,-2.65,-0.0827,0.259,2.67,53,0.00549,2.66,-0.193,0,0,0,0,0,0,0,0,0,0,0,0,0,0,0,0,0,0,0,0,0,0,0,0,0,0,0,0,0,0,0,0,0,0,0,0,0,0,0,0,0,0,0,0,0,0,0,0,0,0,0,0,0,0,0,0,0,0,0,0,0,0,0,0,0,0,0,0,0,0,0,0,0,0,0,0,0,0,0,0,0,0,0,0,0,0,0,0,0,0,0,0,0,0,0,0,0,0,0,0,0,0,0,0,0,0,0,0,0,0,0,0,0,0,0,0,0,0,0,0,0,0,0,0,0,0,0,0,0,0,0,0,0,0,0,0,0,0,0,0,0,0,0,0,0,0,0,0,0,0,0,0,0,0,0,0,0,0,0,0,0,0,0,0,0,0,0,0,0,-2000,-4213,1014.32237,-208,[PtClI3]2-,anion,sq-pl,hal,Cl[Pt@SP1](I)(I)I,https://doi.org/10.1002/ejic.201600573
13,2.5,35,-0.00145,-2.47,0.428,2.68,53,2.63,-0.0503,-0.499,2.68,53,-2.63,-0.0491,-0.51,2.69,53,-0.000417,2.65,0.491,0,0,0,0,0,0,0,0,0,0,0,0,0,0,0,0,0,0,0,0,0,0,0,0,0,0,0,0,0,0,0,0,0,0,0,0,0,0,0,0,0,0,0,0,0,0,0,0,0,0,0,0,0,0,0,0,0,0,0,0,0,0,0,0,0,0,0,0,0,0,0,0,0,0,0,0,0,0,0,0,0,0,0,0,0,0,0,0,0,0,0,0,0,0,0,0,0,0,0,0,0,0,0,0,0,0,0,0,0,0,0,0,0,0,0,0,0,0,0,0,0,0,0,0,0,0,0,0,0,0,0,0,0,0,0,0,0,0,0,0,0,0,0,0,0,0,0,0,0,0,0,0,0,0,0,0,0,0,0,0,0,0,0,0,0,0,0,0,0,-2000,-4667,486.3400451,-243,[PtBrI3]2-,anion,sq-pl,hal,Br[Pt@SP1](I)(I)I,https://doi.org/10.1002/ejic.201600573
14,2.69,53,-0.0135,-2.57,0.808,2.69,53,0.0302,2.61,0.647,2.69,53,2.58,-0.0453,-0.757,2.69,53,-2.6,0.000188,-0.698,0,0,0,0,0,0,0,0,0,0,0,0,0,0,0,0,0,0,0,0,0,0,0,0,0,0,0,0,0,0,0,0,0,0,0,0,0,0,0,0,0,0,0,0,0,0,0,0,0,0,0,0,0,0,0,0,0,0,0,0,0,0,0,0,0,0,0,0,0,0,0,0,0,0,0,0,0,0,0,0,0,0,0,0,0,0,0,0,0,0,0,0,0,0,0,0,0,0,0,0,0,0,0,0,0,0,0,0,0,0,0,0,0,0,0,0,0,0,0,0,0,0,0,0,0,0,0,0,0,0,0,0,0,0,0,0,0,0,0,0,0,0,0,0,0,0,0,0,0,0,0,0,0,0,0,0,0,0,0,0,0,0,0,0,0,0,0,0,0,-2000,-5475,0.009531342,-304,[PtI4]2-,anion,sq-pl,hal,I[Pt@SP1](I)(I)I,https://doi.org/10.1002/ejic.201600573
15,2.09,6,-1.3,-1.59,-0.39,2.09,6,-2.02,-0.375,-0.389,2.29,7,0.875,2.08,0.365,2.29,7,2.25,-0.236,0.364,2.34,17,-0.325,-0.193,2.31,17,0.47,0.279,-2.28,2.7,1,-2.35,0.0391,-1.34,2.7,-2.66,-0.146,0.46,2.7,1,-1.1,-2.08,-1.34,1,-1.41,-2.26,0.459,3.08,1,-1.44,2.58,-0.877,1,1.57,-2.51,-0.879,3.09,1,-1.74,2.4,0.85,3.09,1,1.27,-2.68,0.848,6,2.19,2.13,0.595,6,2.92,0.896,0.594,3.22,6,0.161,3.19,0.356,6,2.88,-1.4,0.354,6,-1.3,3.06,0.0939,6,2.05,-2.61,0.0912,1,-1.8,4.02,0.106,1,2.66,-3.51,0.103,6,2.88,3.34,0.834,6,4.31,0.913,0.833,4.54,6,0.762,4.44,0.586,6,4.26,-1.47,0.583,5.05,6,2.11,4.52,0.823,6,4.98,-0.326,0.821,1,0.152,5.33,0.572,5.36,1,4.75,-2.43,0.568,6,4.28,3.32,1.07,6,4.97,2.15,1.07,1,2.59,5.47,1,1,6.04,-0.362,0.999,1,4.78,4.26,1.25,6.03,2.14,1.25,0,0,0,0,0,0,0,0,0,0,0,0,0,0,0,0,0,0,0,0,0,0,0,0,0,0,0,0,0,0,0,0,0,-2169,679.3044769,-23,[PtCl2(η2 -CH2=CH2)(Me2phen)],neutral,sq-pl,hal-org,CC1=[N+]2C3=C4[N+]([Pt@OH1]25(Cl)([CH2][CH2]5)(Cl))=C(C=CC4=CC=C3C=C1)C,https://doi.org/10.1002/ejic.201600573
16,2.09,6,-1.25,-1.56,-0.627,2.09,6,-1.97,-0.342,-0.626,2.29,7,0.854,2.07,0.483,2.29,7,2.23,-0.25,0.481,2.34,17,0.678,0.402,-2.2,35,-0.548,-0.325,2.38,2.7,1,-2.19,0.13,-1.58,2.7,-0.941,-1.98,-1.58,2.71,1,-2.7,-0.167,0.155,1,-1.45,-2.29,0.154,3.08,1,-1.55,2.58,-0.628,1,1.51,-2.6,-0.631,3.11,6,2.18,2.13,0.62,3.11,6,2.92,0.891,0.619,1,-1.72,2.38,1.12,1,1.26,-2.66,1.11,3.22,6,0.138,3.18,0.491,6,2.85,-1.41,0.488,6,-1.34,3.04,0.337,6,2.02,-2.63,0.334,1,-1.84,4,0.401,1,2.62,-3.54,0.397,6,2.88,3.34,0.772,6,4.32,0.915,0.77,4.54,6,0.751,4.44,0.638,6,4.25,-1.48,0.635,5.05,6,2.11,4.52,0.775,6,4.98,-0.325,0.771,1,0.139,5.32,0.64,5.36,1,4.73,-2.44,0.635,6,4.3,3.33,0.913,6,4.99,2.16,0.913,1,2.6,5.48,0.885,1,6.05,-0.354,0.881,1,4.81,4.27,1.02,6.06,2.15,1.02,0,0,0,0,0,0,0,0,0,0,0,0,0,0,0,0,0,0,0,0,0,0,0,0,0,0,0,0,0,0,0,0,0,-2456,674.2025214,-54,[PtBrCl(η2 -CH2=CH2)(Me2phen)],neutral,sq-pl,hal-org,CC1=[N+]2C3=C4[N+]([Pt@OH1]25(Cl)([CH2][CH2]5)(Br))=C(C=CC4=CC=C3C=C1)C,https://doi.org/10.1002/ejic.201600573
17,2.08,7,2.05,0.078,0.335,2.12,6,-1.62,-1.32,-0.388,2.13,6,-2.1,-0.0134,-0.335,2.49,35,0.525,0.241,-2.43,2.49,35,-0.254,-0.246,2.47,7,0.628,2.41,0.341,2.7,1,-1.77,-1.99,0.455,2.7,-1.48,-1.81,-1.35,2.72,1,-2.65,0.313,0.544,1,-2.36,0.491,-1.26,2.86,1,1.19,-2.46,0.839,1,1.47,-2.28,-0.902,2.94,6,2.72,-1.07,0.326,3.02,6,2.69,1.24,0.557,6,1.96,-2.33,0.0752,6,1.95,2.47,0.561,3.49,1,-1.71,2.91,-0.88,1,-1.99,2.75,0.849,6,-0.0864,3.52,0.337,6,-1.55,3.39,0.0849,1,2.62,-3.19,0.0954,6,4.1,-1.1,0.546,6,4.08,1.28,0.787,6,2.62,3.69,0.796,4.81,1,-2.04,4.35,0.0924,6,0.504,4.78,0.563,4.85,6,4.78,0.0647,0.776,1,4.61,-2.05,0.532,6,1.85,4.86,0.791,5.46,6,4.73,2.53,1.02,6,4.03,3.69,1.02,1,-0.113,5.66,0.553,1,5.85,0.0611,0.948,1,2.33,5.81,0.966,1,5.79,2.52,1.19,4.51,4.63,1.2,0,0,0,0,0,0,0,0,0,0,0,0,0,0,0,0,0,0,0,0,0,0,0,0,0,0,0,0,0,0,0,0,0,-2886,666.8159418,-99,[PtBr2(η2 -CH2=CH2)(Me2phen)],neutral,sq-pl,hal-org,CC1=[N+]2C3=C4[N+]([Pt@OH1]25(Br)([CH2][CH2]5)(Br))=C(C=CC4=CC=C3C=C1)C,https://doi.org/10.1002/ejic.201600573
18,2.1,6,-1.97,-0.345,-0.62,2.1,6,-1.25,-1.56,-0.62,2.3,7,0.867,2.08,0.427,2.3,7,2.24,-0.242,0.427,2.33,17,0.641,0.38,-2.2,53,-0.522,-0.31,2.57,2.7,1,-2.2,0.123,-1.58,2.71,-0.949,-1.98,-1.58,2.72,1,-2.71,-0.168,0.157,1,-1.45,-2.3,0.156,2.93,1,1.37,-2.54,-0.534,1,-1.56,2.42,-0.536,3.11,6,2.2,2.14,0.545,3.11,6,2.93,0.9,0.544,6,0.153,3.19,0.442,6,2.87,-1.4,0.442,3.32,1,-1.72,2.56,1.22,1,1.42,-2.74,1.22,6,-1.32,3.05,0.323,6,2.04,-2.63,0.323,1,-1.81,4.02,0.21,1,2.65,-3.52,0.207,6,2.9,3.35,0.676,6,4.34,0.927,0.676,4.55,6,0.769,4.45,0.574,6,4.27,-1.47,0.574,5.05,6,2.13,4.53,0.685,6,5,-0.312,0.685,1,0.157,5.34,0.583,5.37,1,4.75,-2.43,0.583,6,4.32,3.34,0.795,6,5.01,2.17,0.795,1,2.63,5.49,0.782,1,6.07,-0.34,0.782,1,4.83,4.29,0.888,6.08,2.17,0.888,0,0,0,0,0,0,0,0,0,0,0,0,0,0,0,0,0,0,0,0,0,0,0,0,0,0,0,0,0,0,0,0,0,-3087,694.328048,-127,[PtClI(η2 -CH2=CH2)(Me2phen)],neutral,sq-pl,hal-org,CC1=[N+]2C3=C4[N+]([Pt@OH1]25(Cl)([CH2][CH2]5)(I))=C(C=CC4=CC=C3C=C1)C,https://doi.org/10.1002/ejic.201600573
19,2.06,7,1.04,1.75,0.324,2.13,6,-1.9,-0.84,-0.472,2.13,6,-0.959,-1.86,-0.401,2.5,35,0.506,0.381,-2.41,2.53,7,2.43,-0.614,0.356,53,-0.377,-0.143,2.63,2.7,1,-2.23,-0.476,-1.44,2.72,-2.6,-0.691,0.342,2.72,1,-0.582,-2.3,-1.32,1,-0.955,-2.53,0.46,2.81,1,-1.34,2.31,-0.87,1,-1.61,2.26,0.88,2.92,6,0.348,2.88,0.298,3,6,2.37,1.77,0.509,6,-1.13,2.81,0.0741,6,3.1,0.53,0.524,3.48,1,1.45,-3.02,0.939,6,3.06,-1.77,0.376,1,1.79,-2.99,-0.788,6,2.25,-3,0.199,1,-1.56,3.81,0.0384,6,0.983,4.12,0.473,6,3.08,2.98,0.689,6,4.5,0.557,0.717,4.83,6,2.34,4.17,0.669,1,2.86,-3.89,0.303,4.85,6,4.46,-1.83,0.558,1,0.389,5.02,0.449,6,5.17,-0.677,0.726,5.45,6,4.49,2.96,0.88,6,5.17,1.8,0.893,1,4.95,-2.79,0.564,1,2.84,5.12,0.805,1,6.24,-0.698,0.868,1,4.99,3.91,1.01,6.24,1.78,1.04,0,0,0,0,0,0,0,0,0,0,0,0,0,0,0,0,0,0,0,0,0,0,0,0,0,0,0,0,0,0,0,0,0,-3426,672.1036297,-170,[PtBrI(η2 -CH2=CH2)(Me2phen)],neutral,sq-pl,hal-org,CC1=[N+]2C3=C4[N+]([Pt@OH1]25(Br)([CH2][CH2]5)(I))=C(C=CC4=CC=C3C=C1)C,https://doi.org/10.1002/ejic.201600573
20,2.05,7,2.03,0.0857,0.284,2.13,6,-1.68,-1.26,-0.387,2.14,6,-2.12,0.0599,-0.278,2.54,7,0.605,2.43,0.391,2.66,53,-0.19,-0.306,2.64,53,0.515,0.361,-2.59,2.71,1,-1.83,-1.95,0.435,2.71,-1.59,-1.72,-1.37,2.74,1,-2.64,0.377,0.626,1,-2.39,0.607,-1.18,2.85,1,1.42,-2.26,-0.987,1,1.2,-2.49,0.756,2.91,6,2.7,-1.06,0.229,2.99,6,2.67,1.25,0.517,6,1.94,-2.32,-0.0298,6,1.93,2.47,0.573,3.55,1,-2,2.77,0.98,1,-1.77,2.99,-0.751,6,-0.103,3.54,0.437,6,-1.57,3.43,0.227,1,2.61,-3.17,-0.0573,6,4.09,-1.09,0.411,6,4.07,1.28,0.709,6,2.62,3.68,0.818,4.82,6,4.77,0.0667,0.65,1,-2.06,4.4,0.286,4.86,6,0.499,4.79,0.676,1,4.6,-2.04,0.361,6,1.85,4.86,0.865,5.44,6,4.73,2.52,0.952,6,4.03,3.68,1.01,1,-0.114,5.68,0.706,1,5.84,0.0614,0.792,1,2.34,5.81,1.05,1,5.8,2.51,1.09,4.52,4.62,1.19,0,0,0,0,0,0,0,0,0,0,0,0,0,0,0,0,0,0,0,0,0,0,0,0,0,0,0,0,0,0,0,0,0,-4041,695.8492842,-243,[PtI2(η2-CH2=CH2)(Me2phen)],neutral,sq-pl,hal-org,CC1=[N+]2C3=C4[N+]([Pt@OH1]25(I)([CH2][CH2]5)(I))=C(C=CC4=CC=C3C=C1)C,https://doi.org/10.1002/ejic.201600573
21,1.99,9,-1.99,0.00744,-0.0042,1.99,9,1.99,-0.00744,0.0042,1.99,9,0.00297,1.52,1.28,1.99,9,-0.00297,-1.52,-1.28,1.99,9,-0.00797,-1.28,1.52,9,0.00797,1.28,-1.52,0,0,0,0,0,0,0,0,0,0,0,0,0,0,0,0,0,0,0,0,0,0,0,0,0,0,0,0,0,0,0,0,0,0,0,0,0,0,0,0,0,0,0,0,0,0,0,0,0,0,0,0,0,0,0,0,0,0,0,0,0,0,0,0,0,0,0,0,0,0,0,0,0,0,0,0,0,0,0,0,0,0,0,0,0,0,0,0,0,0,0,0,0,0,0,0,0,0,0,0,0,0,0,0,0,0,0,0,0,0,0,0,0,0,0,0,0,0,0,0,0,0,0,0,0,0,0,0,0,0,0,0,0,0,0,0,0,0,0,0,0,0,0,0,0,0,0,0,0,0,0,0,0,0,0,0,0,0,0,0,-2000,7090,0.00025442,944,[PtF6] 2-,anion,oct,hal,[Pt@OH1]([F])([F])([F])([F])([F])[F],https://doi.org/10.1002/ejic.201600573
22,1.98,9,-0.00369,1.93,-0.432,1.98,9,-0.00944,-0.432,-1.93,1.98,9,-0.0076,0.432,1.93,1.98,9,-0.0133,-1.93,0.432,2,9,-2,0.00496,-0.000156,17,2.34,-0.00582,0.000178,0,0,0,0,0,0,0,0,0,0,0,0,0,0,0,0,0,0,0,0,0,0,0,0,0,0,0,0,0,0,0,0,0,0,0,0,0,0,0,0,0,0,0,0,0,0,0,0,0,0,0,0,0,0,0,0,0,0,0,0,0,0,0,0,0,0,0,0,0,0,0,0,0,0,0,0,0,0,0,0,0,0,0,0,0,0,0,0,0,0,0,0,0,0,0,0,0,0,0,0,0,0,0,0,0,0,0,0,0,0,0,0,0,0,0,0,0,0,0,0,0,0,0,0,0,0,0,0,0,0,0,0,0,0,0,0,0,0,0,0,0,0,0,0,0,0,0,0,0,0,0,0,0,0,0,0,0,0,0,0,-2000,5856,110.9324823,886,[PtClF5] 2-,anion,oct,hal,[Pt@OH1]([F])([F])([F])([F])([F])[Cl],https://doi.org/10.1002/ejic.201600573
23,1.98,9,-0.019,-1.84,0.742,1.98,9,-0.0193,-0.742,-1.84,1.98,9,-0.0198,0.742,1.84,1.98,9,-0.0201,1.84,-0.742,2,9,-2,-0.000633,2.01E-05,35,2.48,0.000786,-2.60E-05,0,0,0,0,0,0,0,0,0,0,0,0,0,0,0,0,0,0,0,0,0,0,0,0,0,0,0,0,0,0,0,0,0,0,0,0,0,0,0,0,0,0,0,0,0,0,0,0,0,0,0,0,0,0,0,0,0,0,0,0,0,0,0,0,0,0,0,0,0,0,0,0,0,0,0,0,0,0,0,0,0,0,0,0,0,0,0,0,0,0,0,0,0,0,0,0,0,0,0,0,0,0,0,0,0,0,0,0,0,0,0,0,0,0,0,0,0,0,0,0,0,0,0,0,0,0,0,0,0,0,0,0,0,0,0,0,0,0,0,0,0,0,0,0,0,0,0,0,0,0,0,0,0,0,0,0,0,0,0,0,-2000,5669,797.3248028,854,[PtBrF5] 2-,anion,oct,hal,[Pt@OH1]([F])([F])([F])([F])([F])[Br],https://doi.org/10.1002/ejic.201600573
24,1.98,9,-1.98,0.00228,-0.00294,1.98,9,1.98,-0.00228,0.00294,1.98,9,-0.000625,1.33,1.46,1.98,9,0.000625,-1.33,-1.46,2.35,17,0.00437,1.74,-1.59,17,-0.00437,-1.74,1.59,0,0,0,0,0,0,0,0,0,0,0,0,0,0,0,0,0,0,0,0,0,0,0,0,0,0,0,0,0,0,0,0,0,0,0,0,0,0,0,0,0,0,0,0,0,0,0,0,0,0,0,0,0,0,0,0,0,0,0,0,0,0,0,0,0,0,0,0,0,0,0,0,0,0,0,0,0,0,0,0,0,0,0,0,0,0,0,0,0,0,0,0,0,0,0,0,0,0,0,0,0,0,0,0,0,0,0,0,0,0,0,0,0,0,0,0,0,0,0,0,0,0,0,0,0,0,0,0,0,0,0,0,0,0,0,0,0,0,0,0,0,0,0,0,0,0,0,0,0,0,0,0,0,0,0,0,0,0,0,0,-2000,4887,0.000159121,813,trans-[PtCl2F4] 2-,anion,oct,hal,[Pt@OH1]([Cl])([F])([F])([F])([F])[Cl],https://doi.org/10.1002/ejic.201600573
25,1.98,9,0.00283,1.7,1.02,1.98,9,-0.00283,-1.7,-1.02,1.98,9,-1.98,0.00212,0.00185,1.98,9,1.98,-0.00212,-0.00185,2.51,35,0.000631,-1.29,2.16,35,-0.000631,1.29,-2.16,0,0,0,0,0,0,0,0,0,0,0,0,0,0,0,0,0,0,0,0,0,0,0,0,0,0,0,0,0,0,0,0,0,0,0,0,0,0,0,0,0,0,0,0,0,0,0,0,0,0,0,0,0,0,0,0,0,0,0,0,0,0,0,0,0,0,0,0,0,0,0,0,0,0,0,0,0,0,0,0,0,0,0,0,0,0,0,0,0,0,0,0,0,0,0,0,0,0,0,0,0,0,0,0,0,0,0,0,0,0,0,0,0,0,0,0,0,0,0,0,0,0,0,0,0,0,0,0,0,0,0,0,0,0,0,0,0,0,0,0,0,0,0,0,0,0,0,0,0,0,0,0,0,0,0,0,0,0,0,0,-2000,4551,3.48E-05,751,trans-[PtBr2F4] 2-,anion,oct,hal,[Pt@OH1]([Br])([F])([F])([F])([F])[Br],https://doi.org/10.1002/ejic.201600573
26,1.98,9,-1.98,0.0149,0.00122,1.98,9,1.98,0.0109,-0.00807,2,9,-0.00303,1.01,-1.72,2,9,0.0041,1.73,0.994,2.35,17,0.00364,-1.16,2.04,17,-0.00488,-2.02,-1.2,0,0,0,0,0,0,0,0,0,0,0,0,0,0,0,0,0,0,0,0,0,0,0,0,0,0,0,0,0,0,0,0,0,0,0,0,0,0,0,0,0,0,0,0,0,0,0,0,0,0,0,0,0,0,0,0,0,0,0,0,0,0,0,0,0,0,0,0,0,0,0,0,0,0,0,0,0,0,0,0,0,0,0,0,0,0,0,0,0,0,0,0,0,0,0,0,0,0,0,0,0,0,0,0,0,0,0,0,0,0,0,0,0,0,0,0,0,0,0,0,0,0,0,0,0,0,0,0,0,0,0,0,0,0,0,0,0,0,0,0,0,0,0,0,0,0,0,0,0,0,0,0,0,0,0,0,0,0,0,0,-2000,4547,138.3439684,818,cis-[PtCl2F4] 2-,anion,oct,hal,[Pt@OH1]([Cl])([Cl])([F])([F])([F])[F],https://doi.org/10.1002/ejic.201600573
27,1.98,9,-0.0186,-0.545,1.9,1.98,9,-0.0237,0.504,-1.91,2,9,-2,-0.0219,-0.00333,2,9,-0.0191,-1.93,-0.53,2.5,35,2.5,-0.0448,-0.0157,35,-0.051,2.41,0.662,0,0,0,0,0,0,0,0,0,0,0,0,0,0,0,0,0,0,0,0,0,0,0,0,0,0,0,0,0,0,0,0,0,0,0,0,0,0,0,0,0,0,0,0,0,0,0,0,0,0,0,0,0,0,0,0,0,0,0,0,0,0,0,0,0,0,0,0,0,0,0,0,0,0,0,0,0,0,0,0,0,0,0,0,0,0,0,0,0,0,0,0,0,0,0,0,0,0,0,0,0,0,0,0,0,0,0,0,0,0,0,0,0,0,0,0,0,0,0,0,0,0,0,0,0,0,0,0,0,0,0,0,0,0,0,0,0,0,0,0,0,0,0,0,0,0,0,0,0,0,0,0,0,0,0,0,0,0,0,0,-2000,4136,933.4378038,747,cis-[PtBr2F4] 2-,anion,oct,hal,[Pt@OH1]([F])([F])([F])([F])([Br])[Br],https://doi.org/10.1002/ejic.201600573
28,1.97,9,1.97,0.00431,-0.0024,1.97,9,-1.97,0.00959,-0.0132,2,9,0.00588,1.33,-1.49,2.36,17,-0.00693,-1.56,1.76,2.36,17,0.00202,-1.75,-1.58,17,-0.00189,1.78,1.55,0,0,0,0,0,0,0,0,0,0,0,0,0,0,0,0,0,0,0,0,0,0,0,0,0,0,0,0,0,0,0,0,0,0,0,0,0,0,0,0,0,0,0,0,0,0,0,0,0,0,0,0,0,0,0,0,0,0,0,0,0,0,0,0,0,0,0,0,0,0,0,0,0,0,0,0,0,0,0,0,0,0,0,0,0,0,0,0,0,0,0,0,0,0,0,0,0,0,0,0,0,0,0,0,0,0,0,0,0,0,0,0,0,0,0,0,0,0,0,0,0,0,0,0,0,0,0,0,0,0,0,0,0,0,0,0,0,0,0,0,0,0,0,0,0,0,0,0,0,0,0,0,0,0,0,0,0,0,0,0,-2000,3551,78.23061264,739,mer-[PtCl3F3] 2-,anion,oct,hal,[Pt@OH1]([F])([F])([Cl])([Cl])([Cl])[F],https://doi.org/10.1002/ejic.201600573
29,2,9,-0.0107,0.701,-1.87,2,9,-0.0103,-1.86,-0.722,2,9,-2,-0.00704,-0.0149,2.35,17,2.35,-0.0104,-0.0242,2.35,17,-0.0202,2.2,0.819,17,-0.0197,-0.855,2.19,0,0,0,0,0,0,0,0,0,0,0,0,0,0,0,0,0,0,0,0,0,0,0,0,0,0,0,0,0,0,0,0,0,0,0,0,0,0,0,0,0,0,0,0,0,0,0,0,0,0,0,0,0,0,0,0,0,0,0,0,0,0,0,0,0,0,0,0,0,0,0,0,0,0,0,0,0,0,0,0,0,0,0,0,0,0,0,0,0,0,0,0,0,0,0,0,0,0,0,0,0,0,0,0,0,0,0,0,0,0,0,0,0,0,0,0,0,0,0,0,0,0,0,0,0,0,0,0,0,0,0,0,0,0,0,0,0,0,0,0,0,0,0,0,0,0,0,0,0,0,0,0,0,0,0,0,0,0,0,0,-2000,3191,154.0980433,744,fac-[PtCl3F3] 2-,anion,oct,hal,[Pt@OH1]([F])([F])([F])([Cl])([Cl])[Cl],https://doi.org/10.1002/ejic.201600573
30,1.98,9,-1.98,0.0246,-0.00632,1.98,9,1.98,0.0201,-0.0053,2,9,0.00236,1.94,-0.505,2.52,35,-0.00296,-2.43,0.633,2.53,35,0.000155,0.679,2.43,35,-5.01E-05,-0.592,-2.46,0,0,0,0,0,0,0,0,0,0,0,0,0,0,0,0,0,0,0,0,0,0,0,0,0,0,0,0,0,0,0,0,0,0,0,0,0,0,0,0,0,0,0,0,0,0,0,0,0,0,0,0,0,0,0,0,0,0,0,0,0,0,0,0,0,0,0,0,0,0,0,0,0,0,0,0,0,0,0,0,0,0,0,0,0,0,0,0,0,0,0,0,0,0,0,0,0,0,0,0,0,0,0,0,0,0,0,0,0,0,0,0,0,0,0,0,0,0,0,0,0,0,0,0,0,0,0,0,0,0,0,0,0,0,0,0,0,0,0,0,0,0,0,0,0,0,0,0,0,0,0,0,0,0,0,0,0,0,0,0,-2000,2907,549.1343081,634,mer-[PtBr3F3] 2-,anion,oct,hal,[Pt@OH1]([F])([F])([Br])([Br])([Br])[F],https://doi.org/10.1002/ejic.201600573
31,1.97,9,0.00235,-1.93,-0.4,1.97,9,-0.00235,1.93,0.4,2.36,17,0.00331,0.479,-2.32,2.36,17,-0.00331,-0.479,2.32,2.36,17,2.36,0.00208,0.00381,17,-2.36,-0.00208,-0.00381,0,0,0,0,0,0,0,0,0,0,0,0,0,0,0,0,0,0,0,0,0,0,0,0,0,0,0,0,0,0,0,0,0,0,0,0,0,0,0,0,0,0,0,0,0,0,0,0,0,0,0,0,0,0,0,0,0,0,0,0,0,0,0,0,0,0,0,0,0,0,0,0,0,0,0,0,0,0,0,0,0,0,0,0,0,0,0,0,0,0,0,0,0,0,0,0,0,0,0,0,0,0,0,0,0,0,0,0,0,0,0,0,0,0,0,0,0,0,0,0,0,0,0,0,0,0,0,0,0,0,0,0,0,0,0,0,0,0,0,0,0,0,0,0,0,0,0,0,0,0,0,0,0,0,0,0,0,0,0,0,-2000,2534,9.76E-05,658,trans-[PtCl4F2] 2-,anion,oct,hal,[Pt@OH1]([F])([Cl])([Cl])([Cl])([Cl])[F],https://doi.org/10.1002/ejic.201600573
32,2,9,-0.021,1.21,1.6,2,9,-0.0199,1.63,-1.17,2,9,-2,0.0361,0.0047,2.51,35,2.51,0.0618,0.0104,2.51,35,-0.0502,-1.45,-2.05,35,-0.0515,-1.99,1.53,0,0,0,0,0,0,0,0,0,0,0,0,0,0,0,0,0,0,0,0,0,0,0,0,0,0,0,0,0,0,0,0,0,0,0,0,0,0,0,0,0,0,0,0,0,0,0,0,0,0,0,0,0,0,0,0,0,0,0,0,0,0,0,0,0,0,0,0,0,0,0,0,0,0,0,0,0,0,0,0,0,0,0,0,0,0,0,0,0,0,0,0,0,0,0,0,0,0,0,0,0,0,0,0,0,0,0,0,0,0,0,0,0,0,0,0,0,0,0,0,0,0,0,0,0,0,0,0,0,0,0,0,0,0,0,0,0,0,0,0,0,0,0,0,0,0,0,0,0,0,0,0,0,0,0,0,0,0,0,0,-2000,2487,962.5169532,632,fac-[PtBr3F3] 2-,anion,oct,hal,[Pt@OH1]([F])([F])([F])([Br])([Br])[Br],https://doi.org/10.1002/ejic.201600573
33,2,9,2,0.00802,-0.00959,2,9,0.0124,1.3,-1.52,2.35,17,-2.35,0.0111,-0.0127,2.35,17,0.0169,-1.53,1.79,2.36,17,0.0193,-1.78,-1.55,17,0.0196,1.81,1.52,0,0,0,0,0,0,0,0,0,0,0,0,0,0,0,0,0,0,0,0,0,0,0,0,0,0,0,0,0,0,0,0,0,0,0,0,0,0,0,0,0,0,0,0,0,0,0,0,0,0,0,0,0,0,0,0,0,0,0,0,0,0,0,0,0,0,0,0,0,0,0,0,0,0,0,0,0,0,0,0,0,0,0,0,0,0,0,0,0,0,0,0,0,0,0,0,0,0,0,0,0,0,0,0,0,0,0,0,0,0,0,0,0,0,0,0,0,0,0,0,0,0,0,0,0,0,0,0,0,0,0,0,0,0,0,0,0,0,0,0,0,0,0,0,0,0,0,0,0,0,0,0,0,0,0,0,0,0,0,0,-2000,2171,101.3629248,662,cis-[PtCl4F2] 2-,anion,oct,hal,[Pt@OH1]([Cl])([Cl])([Cl])([Cl])([F])[F],https://doi.org/10.1002/ejic.201600573
34,1.98,9,0.000203,-0.712,1.85,1.98,9,-0.000203,0.712,-1.85,2.54,35,2.54,0.00146,0.000265,2.54,35,-2.54,-0.00146,-0.000266,2.54,35,-0.00145,2.37,0.912,35,0.00145,-2.37,-0.912,0,0,0,0,0,0,0,0,0,0,0,0,0,0,0,0,0,0,0,0,0,0,0,0,0,0,0,0,0,0,0,0,0,0,0,0,0,0,0,0,0,0,0,0,0,0,0,0,0,0,0,0,0,0,0,0,0,0,0,0,0,0,0,0,0,0,0,0,0,0,0,0,0,0,0,0,0,0,0,0,0,0,0,0,0,0,0,0,0,0,0,0,0,0,0,0,0,0,0,0,0,0,0,0,0,0,0,0,0,0,0,0,0,0,0,0,0,0,0,0,0,0,0,0,0,0,0,0,0,0,0,0,0,0,0,0,0,0,0,0,0,0,0,0,0,0,0,0,0,0,0,0,0,0,0,0,0,0,0,0,-2000,1157,6.09E-05,513,trans-[PtBr4F2] 2-,anion,oct,hal,[Pt@OH1]([F])([Br])([Br])([Br])([Br])[F],https://doi.org/10.1002/ejic.201600573
35,2.01,9,2.01,-0.00273,-0.0246,2.01,9,0.0289,-0.239,-1.99,2.53,35,-2.53,-0.00627,-0.05,2.53,35,0.0451,0.301,2.51,2.53,35,0.045,2.51,-0.347,35,0.0456,-2.52,0.257,0,0,0,0,0,0,0,0,0,0,0,0,0,0,0,0,0,0,0,0,0,0,0,0,0,0,0,0,0,0,0,0,0,0,0,0,0,0,0,0,0,0,0,0,0,0,0,0,0,0,0,0,0,0,0,0,0,0,0,0,0,0,0,0,0,0,0,0,0,0,0,0,0,0,0,0,0,0,0,0,0,0,0,0,0,0,0,0,0,0,0,0,0,0,0,0,0,0,0,0,0,0,0,0,0,0,0,0,0,0,0,0,0,0,0,0,0,0,0,0,0,0,0,0,0,0,0,0,0,0,0,0,0,0,0,0,0,0,0,0,0,0,0,0,0,0,0,0,0,0,0,0,0,0,0,0,0,0,0,0,-2000,1142,659.6543214,513,cis-[PtBr4F2] 2-,anion,oct,hal,[Pt@OH1]([F])([Br])([Br])([Br])([F])[Br],https://doi.org/10.1002/ejic.201600573
36,2,9,-0.00367,-0.0386,-2,2.36,17,0.00433,0.0455,2.36,2.37,17,0.00148,-2.37,0.0279,2.37,17,-2.37,-0.00176,-0.0133,2.37,17,2.37,0.00111,-0.022,17,-0.00155,2.37,-0.0633,0,0,0,0,0,0,0,0,0,0,0,0,0,0,0,0,0,0,0,0,0,0,0,0,0,0,0,0,0,0,0,0,0,0,0,0,0,0,0,0,0,0,0,0,0,0,0,0,0,0,0,0,0,0,0,0,0,0,0,0,0,0,0,0,0,0,0,0,0,0,0,0,0,0,0,0,0,0,0,0,0,0,0,0,0,0,0,0,0,0,0,0,0,0,0,0,0,0,0,0,0,0,0,0,0,0,0,0,0,0,0,0,0,0,0,0,0,0,0,0,0,0,0,0,0,0,0,0,0,0,0,0,0,0,0,0,0,0,0,0,0,0,0,0,0,0,0,0,0,0,0,0,0,0,0,0,0,0,0,0,-2000,1111,57.07163677,579,[PtCl5F]2-,anion,oct,hal,[Pt@OH1]([F])([Cl])([Cl])([Cl])([Cl])[Cl],https://doi.org/10.1002/ejic.201600573
37,2.37,17,-0.00279,1.29,-1.99,2.37,17,0.00279,-1.29,1.99,2.37,17,-0.00138,-1.99,-1.29,2.37,17,0.00138,1.99,1.29,2.37,17,-2.37,-0.000341,0.00309,17,2.37,0.000341,-0.00309,0,0,0,0,0,0,0,0,0,0,0,0,0,0,0,0,0,0,0,0,0,0,0,0,0,0,0,0,0,0,0,0,0,0,0,0,0,0,0,0,0,0,0,0,0,0,0,0,0,0,0,0,0,0,0,0,0,0,0,0,0,0,0,0,0,0,0,0,0,0,0,0,0,0,0,0,0,0,0,0,0,0,0,0,0,0,0,0,0,0,0,0,0,0,0,0,0,0,0,0,0,0,0,0,0,0,0,0,0,0,0,0,0,0,0,0,0,0,0,0,0,0,0,0,0,0,0,0,0,0,0,0,0,0,0,0,0,0,0,0,0,0,0,0,0,0,0,0,0,0,0,0,0,0,0,0,0,0,0,0,-2000,0,0.001333351,496,[PtCl6] 2-,anion,oct,hal,[Pt@OH1]([Cl])([Cl])([Cl])([Cl])([Cl])[Cl],https://doi.org/10.1002/ejic.201600573
38,2.37,17,-2.37,9.49E-06,1.93E-06,2.38,17,-0.0469,-1.49,-1.85,2.38,17,-0.0469,1.49,1.85,2.38,17,-0.0469,-1.85,1.49,2.38,17,-0.0469,1.85,-1.49,35,2.5,-1.13E-05,-2.21E-06,0,0,0,0,0,0,0,0,0,0,0,0,0,0,0,0,0,0,0,0,0,0,0,0,0,0,0,0,0,0,0,0,0,0,0,0,0,0,0,0,0,0,0,0,0,0,0,0,0,0,0,0,0,0,0,0,0,0,0,0,0,0,0,0,0,0,0,0,0,0,0,0,0,0,0,0,0,0,0,0,0,0,0,0,0,0,0,0,0,0,0,0,0,0,0,0,0,0,0,0,0,0,0,0,0,0,0,0,0,0,0,0,0,0,0,0,0,0,0,0,0,0,0,0,0,0,0,0,0,0,0,0,0,0,0,0,0,0,0,0,0,0,0,0,0,0,0,0,0,0,0,0,0,0,0,0,0,0,0,0,-2000,-286,687.873655,463,[PtCl5Br]2-,anion,oct,hal,[Pt@OH1]([Cl])([Cl])([Cl])([Cl])([Cl])[Br],https://doi.org/10.1002/ejic.201600573
39,2.01,9,0.00174,-0.165,-2,2.54,35,-0.00221,0.208,2.53,2.55,35,2.55,-0.00477,-0.0457,2.55,35,-2.55,-0.00314,-0.0503,2.55,35,0.00104,2.53,-0.257,35,-0.000955,-2.54,0.16,0,0,0,0,0,0,0,0,0,0,0,0,0,0,0,0,0,0,0,0,0,0,0,0,0,0,0,0,0,0,0,0,0,0,0,0,0,0,0,0,0,0,0,0,0,0,0,0,0,0,0,0,0,0,0,0,0,0,0,0,0,0,0,0,0,0,0,0,0,0,0,0,0,0,0,0,0,0,0,0,0,0,0,0,0,0,0,0,0,0,0,0,0,0,0,0,0,0,0,0,0,0,0,0,0,0,0,0,0,0,0,0,0,0,0,0,0,0,0,0,0,0,0,0,0,0,0,0,0,0,0,0,0,0,0,0,0,0,0,0,0,0,0,0,0,0,0,0,0,0,0,0,0,0,0,0,0,0,0,0,-2000,-311,387.3071615,391,[PtBr5F]2-,anion,oct,hal,[Pt@OH1]([Br])([F])([Br])([Br])([Br])[Br],https://doi.org/10.1002/ejic.201600573
40,2.38,17,0.000539,-0.163,2.38,2.38,17,-0.00245,2.37,0.241,2.39,17,2.39,0.0467,0.052,2.39,17,-2.39,0.0417,0.0528,2.51,35,0.0026,-2.5,-0.203,35,-0.00062,0.222,-2.5,0,0,0,0,0,0,0,0,0,0,0,0,0,0,0,0,0,0,0,0,0,0,0,0,0,0,0,0,0,0,0,0,0,0,0,0,0,0,0,0,0,0,0,0,0,0,0,0,0,0,0,0,0,0,0,0,0,0,0,0,0,0,0,0,0,0,0,0,0,0,0,0,0,0,0,0,0,0,0,0,0,0,0,0,0,0,0,0,0,0,0,0,0,0,0,0,0,0,0,0,0,0,0,0,0,0,0,0,0,0,0,0,0,0,0,0,0,0,0,0,0,0,0,0,0,0,0,0,0,0,0,0,0,0,0,0,0,0,0,0,0,0,0,0,0,0,0,0,0,0,0,0,0,0,0,0,0,0,0,0,-2000,-583,929.547763,426,cis-[PtCl4Br2] 2-,anion,oct,hal,[Pt@OH1]([Br])([Br])([Cl])([Cl])([Cl])[Cl],https://doi.org/10.1002/ejic.201600573
41,2.39,17,-0.000233,2.29,-0.689,2.39,17,0.000233,-2.29,0.689,2.39,17,2.39,0.000471,0.000736,2.39,17,-2.39,-0.000471,-0.000737,2.53,35,0.000887,-0.729,-2.42,35,-0.000887,0.729,2.42,0,0,0,0,0,0,0,0,0,0,0,0,0,0,0,0,0,0,0,0,0,0,0,0,0,0,0,0,0,0,0,0,0,0,0,0,0,0,0,0,0,0,0,0,0,0,0,0,0,0,0,0,0,0,0,0,0,0,0,0,0,0,0,0,0,0,0,0,0,0,0,0,0,0,0,0,0,0,0,0,0,0,0,0,0,0,0,0,0,0,0,0,0,0,0,0,0,0,0,0,0,0,0,0,0,0,0,0,0,0,0,0,0,0,0,0,0,0,0,0,0,0,0,0,0,0,0,0,0,0,0,0,0,0,0,0,0,0,0,0,0,0,0,0,0,0,0,0,0,0,0,0,0,0,0,0,0,0,0,0,-2000,-585,0.000367865,428,trans-[PtCl4Br2] 2-,anion,oct,hal,[Pt@OH1]([Br])([Cl])([Cl])([Cl])([Cl])[Br],https://doi.org/10.1002/ejic.201600573
42,2.36,17,-2.36,0.00142,-0.000602,2.38,17,-0.0709,1.57,-1.79,2.38,17,-0.0716,1.79,1.57,2.38,17,-0.0729,-1.79,-1.57,2.38,17,-0.0737,-1.57,1.79,53,2.67,-0.00161,0.000682,0,0,0,0,0,0,0,0,0,0,0,0,0,0,0,0,0,0,0,0,0,0,0,0,0,0,0,0,0,0,0,0,0,0,0,0,0,0,0,0,0,0,0,0,0,0,0,0,0,0,0,0,0,0,0,0,0,0,0,0,0,0,0,0,0,0,0,0,0,0,0,0,0,0,0,0,0,0,0,0,0,0,0,0,0,0,0,0,0,0,0,0,0,0,0,0,0,0,0,0,0,0,0,0,0,0,0,0,0,0,0,0,0,0,0,0,0,0,0,0,0,0,0,0,0,0,0,0,0,0,0,0,0,0,0,0,0,0,0,0,0,0,0,0,0,0,0,0,0,0,0,0,0,0,0,0,0,0,0,0,-2000,-854,1295.710963,401,[PtCl5I]2-,anion,oct,hal,[Pt@OH1]([Cl])([Cl])([Cl])([Cl])([Cl])[I],https://doi.org/10.1002/ejic.201600573
43,2.39,17,-2.39,-0.066,0.00199,2.39,17,-0.0384,-1.71,-1.68,2.39,17,-0.035,-1.73,1.65,2.51,35,-0.0243,1.78,-1.78,2.51,35,-0.0206,1.75,1.8,35,2.51,-0.0172,-0.0027,0,0,0,0,0,0,0,0,0,0,0,0,0,0,0,0,0,0,0,0,0,0,0,0,0,0,0,0,0,0,0,0,0,0,0,0,0,0,0,0,0,0,0,0,0,0,0,0,0,0,0,0,0,0,0,0,0,0,0,0,0,0,0,0,0,0,0,0,0,0,0,0,0,0,0,0,0,0,0,0,0,0,0,0,0,0,0,0,0,0,0,0,0,0,0,0,0,0,0,0,0,0,0,0,0,0,0,0,0,0,0,0,0,0,0,0,0,0,0,0,0,0,0,0,0,0,0,0,0,0,0,0,0,0,0,0,0,0,0,0,0,0,0,0,0,0,0,0,0,0,0,0,0,0,0,0,0,0,0,0,-2000,-892,1071.320988,388,fac-[PtCl3Br3] 2-,anion,oct,hal,[Pt@OH1]([Cl])([Cl])([Cl])([Br])([Br])[Br],https://doi.org/10.1002/ejic.201600573
44,2.39,17,-0.00844,-0.0312,-2.39,2.4,17,0.0181,-2.4,-0.0202,2.4,17,-0.0185,2.4,-0.0825,2.51,35,0.00885,0.0327,2.51,2.53,35,2.53,0.0192,-0.0086,35,-2.53,-0.0192,0.00977,0,0,0,0,0,0,0,0,0,0,0,0,0,0,0,0,0,0,0,0,0,0,0,0,0,0,0,0,0,0,0,0,0,0,0,0,0,0,0,0,0,0,0,0,0,0,0,0,0,0,0,0,0,0,0,0,0,0,0,0,0,0,0,0,0,0,0,0,0,0,0,0,0,0,0,0,0,0,0,0,0,0,0,0,0,0,0,0,0,0,0,0,0,0,0,0,0,0,0,0,0,0,0,0,0,0,0,0,0,0,0,0,0,0,0,0,0,0,0,0,0,0,0,0,0,0,0,0,0,0,0,0,0,0,0,0,0,0,0,0,0,0,0,0,0,0,0,0,0,0,0,0,0,0,0,0,0,0,0,0,-2000,-894,635.4777311,389,mer-[PtCl3Br3] 2-,anion,oct,hal,[Pt@OH1]([Cl])([Cl])([Br])([Br])([Br])[Cl],https://doi.org/10.1002/ejic.201600573
45,2.4,17,-0.000277,-1.75,1.65,2.4,17,-6.11E-05,-1.71,-1.69,2.52,35,0.000288,1.79,-1.78,2.52,35,5.51E-05,1.74,1.82,2.54,35,-2.54,-0.0123,-0.000323,35,2.54,-0.0128,-1.75E-06,0,0,0,0,0,0,0,0,0,0,0,0,0,0,0,0,0,0,0,0,0,0,0,0,0,0,0,0,0,0,0,0,0,0,0,0,0,0,0,0,0,0,0,0,0,0,0,0,0,0,0,0,0,0,0,0,0,0,0,0,0,0,0,0,0,0,0,0,0,0,0,0,0,0,0,0,0,0,0,0,0,0,0,0,0,0,0,0,0,0,0,0,0,0,0,0,0,0,0,0,0,0,0,0,0,0,0,0,0,0,0,0,0,0,0,0,0,0,0,0,0,0,0,0,0,0,0,0,0,0,0,0,0,0,0,0,0,0,0,0,0,0,0,0,0,0,0,0,0,0,0,0,0,0,0,0,0,0,0,0,-2000,-1213,835.9622259,349,cis-[PtCl2Br4] 2-,anion,oct,hal,[Pt@OH1]([Br])([Br])([Br])([Br])([Cl])[Cl],https://doi.org/10.1002/ejic.201600573
46,2.41,17,-0.000983,-1.74,-1.67,2.41,17,0.000984,1.74,1.67,2.53,35,-0.000903,1.75,-1.83,2.53,35,2.53,-0.000111,-0.00137,2.53,35,-2.53,0.000111,0.00137,35,0.000903,-1.75,1.83,0,0,0,0,0,0,0,0,0,0,0,0,0,0,0,0,0,0,0,0,0,0,0,0,0,0,0,0,0,0,0,0,0,0,0,0,0,0,0,0,0,0,0,0,0,0,0,0,0,0,0,0,0,0,0,0,0,0,0,0,0,0,0,0,0,0,0,0,0,0,0,0,0,0,0,0,0,0,0,0,0,0,0,0,0,0,0,0,0,0,0,0,0,0,0,0,0,0,0,0,0,0,0,0,0,0,0,0,0,0,0,0,0,0,0,0,0,0,0,0,0,0,0,0,0,0,0,0,0,0,0,0,0,0,0,0,0,0,0,0,0,0,0,0,0,0,0,0,0,0,0,0,0,0,0,0,0,0,0,0,-2000,-1216,3.05E-05,350,trans-[PtCl2Br4] 2-,anion,oct,hal,[Pt@OH1]([Cl])([Br])([Br])([Br])([Br])[Cl],https://doi.org/10.1002/ejic.201600573
47,2.42,17,-0.00145,0.621,-2.33,2.53,35,0.00152,-0.65,2.45,2.55,35,-0.00479,-2.46,-0.671,2.55,35,2.55,0.000293,-0.0197,2.55,35,-2.55,0.00875,-0.0143,35,0.00477,2.46,0.637,0,0,0,0,0,0,0,0,0,0,0,0,0,0,0,0,0,0,0,0,0,0,0,0,0,0,0,0,0,0,0,0,0,0,0,0,0,0,0,0,0,0,0,0,0,0,0,0,0,0,0,0,0,0,0,0,0,0,0,0,0,0,0,0,0,0,0,0,0,0,0,0,0,0,0,0,0,0,0,0,0,0,0,0,0,0,0,0,0,0,0,0,0,0,0,0,0,0,0,0,0,0,0,0,0,0,0,0,0,0,0,0,0,0,0,0,0,0,0,0,0,0,0,0,0,0,0,0,0,0,0,0,0,0,0,0,0,0,0,0,0,0,0,0,0,0,0,0,0,0,0,0,0,0,0,0,0,0,0,0,-2000,-1547,556.5975826,309,[PtClBr5] 2-,anion,oct,hal,[Pt@OH1]([Br])([Br])([Br])([Br])([Cl])[Br],https://doi.org/10.1002/ejic.201600573
48,2.37,17,-2.37,0.0421,-0.0502,2.37,17,-0.0649,1.55,-1.8,2.4,17,-0.0742,1.86,1.51,2.4,17,-0.0722,-1.77,-1.62,2.68,53,2.68,0.0338,-0.0374,53,-0.051,-1.75,2.03,0,0,0,0,0,0,0,0,0,0,0,0,0,0,0,0,0,0,0,0,0,0,0,0,0,0,0,0,0,0,0,0,0,0,0,0,0,0,0,0,0,0,0,0,0,0,0,0,0,0,0,0,0,0,0,0,0,0,0,0,0,0,0,0,0,0,0,0,0,0,0,0,0,0,0,0,0,0,0,0,0,0,0,0,0,0,0,0,0,0,0,0,0,0,0,0,0,0,0,0,0,0,0,0,0,0,0,0,0,0,0,0,0,0,0,0,0,0,0,0,0,0,0,0,0,0,0,0,0,0,0,0,0,0,0,0,0,0,0,0,0,0,0,0,0,0,0,0,0,0,0,0,0,0,0,0,0,0,0,0,-2000,-1806,1597.569464,297,cis-[PtCl4I2] 2-,anion,oct,hal,[Pt@OH1]([Cl])([Cl])([Cl])([Cl])([I])[I],https://doi.org/10.1002/ejic.201600573
49,2.4,17,-0.00121,1.18,-2.09,2.4,17,0.000482,-2.09,-1.18,2.4,17,-0.00048,2.09,1.18,2.4,17,0.00121,-1.18,2.09,2.69,53,2.69,0.00114,-0.000917,53,-2.69,-0.00114,0.000917,0,0,0,0,0,0,0,0,0,0,0,0,0,0,0,0,0,0,0,0,0,0,0,0,0,0,0,0,0,0,0,0,0,0,0,0,0,0,0,0,0,0,0,0,0,0,0,0,0,0,0,0,0,0,0,0,0,0,0,0,0,0,0,0,0,0,0,0,0,0,0,0,0,0,0,0,0,0,0,0,0,0,0,0,0,0,0,0,0,0,0,0,0,0,0,0,0,0,0,0,0,0,0,0,0,0,0,0,0,0,0,0,0,0,0,0,0,0,0,0,0,0,0,0,0,0,0,0,0,0,0,0,0,0,0,0,0,0,0,0,0,0,0,0,0,0,0,0,0,0,0,0,0,0,0,0,0,0,0,0,-2000,-1884,0.003656878,304,trans-[PtCl4I2] 2-,anion,oct,hal,[Pt@OH1]([I])([Cl])([Cl])([Cl])([Cl])[I],https://doi.org/10.1002/ejic.201600573
50,2.56,35,-2.56,-0.013,0.00541,2.56,35,0.014,-2.42,0.825,2.56,35,-0.0009,-0.825,-2.42,2.56,35,0.0009,0.825,2.42,2.56,35,-0.014,2.42,-0.825,35,2.56,0.013,-0.00541,0,0,0,0,0,0,0,0,0,0,0,0,0,0,0,0,0,0,0,0,0,0,0,0,0,0,0,0,0,0,0,0,0,0,0,0,0,0,0,0,0,0,0,0,0,0,0,0,0,0,0,0,0,0,0,0,0,0,0,0,0,0,0,0,0,0,0,0,0,0,0,0,0,0,0,0,0,0,0,0,0,0,0,0,0,0,0,0,0,0,0,0,0,0,0,0,0,0,0,0,0,0,0,0,0,0,0,0,0,0,0,0,0,0,0,0,0,0,0,0,0,0,0,0,0,0,0,0,0,0,0,0,0,0,0,0,0,0,0,0,0,0,0,0,0,0,0,0,0,0,0,0,0,0,0,0,0,0,0,0,-2000,-1891,1.77E-05,268,[PtBr6] 2-,anion,oct,hal,[Pt@OH1]([Br])([Br])([Br])([Br])([Br])[Br],https://doi.org/10.1002/ejic.201600573
51,2.55,35,-2.55,-0.00445,0.00267,2.57,35,-0.0434,2.56,-0.0868,2.57,35,-0.0413,-0.0869,-2.56,2.57,35,-0.0363,0.0868,2.56,2.57,35,-0.0342,-2.56,0.0869,53,2.72,0.00474,-0.00284,0,0,0,0,0,0,0,0,0,0,0,0,0,0,0,0,0,0,0,0,0,0,0,0,0,0,0,0,0,0,0,0,0,0,0,0,0,0,0,0,0,0,0,0,0,0,0,0,0,0,0,0,0,0,0,0,0,0,0,0,0,0,0,0,0,0,0,0,0,0,0,0,0,0,0,0,0,0,0,0,0,0,0,0,0,0,0,0,0,0,0,0,0,0,0,0,0,0,0,0,0,0,0,0,0,0,0,0,0,0,0,0,0,0,0,0,0,0,0,0,0,0,0,0,0,0,0,0,0,0,0,0,0,0,0,0,0,0,0,0,0,0,0,0,0,0,0,0,0,0,0,0,0,0,0,0,0,0,0,0,-2000,-2545,507.3774985,200,[PtBr5I]2-,anion,oct,hal,[Pt@OH1]([Br])([Br])([Br])([Br])([Br])[I],https://doi.org/10.1002/ejic.201600573
52,2.39,17,-0.0625,1.38,1.96,2.39,17,-2.39,0.0992,0.019,2.39,17,-0.0611,2.03,-1.27,2.7,53,2.7,0.0715,0.0156,2.7,53,-0.0615,-1.44,-2.28,53,-0.0631,-2.22,1.54,0,0,0,0,0,0,0,0,0,0,0,0,0,0,0,0,0,0,0,0,0,0,0,0,0,0,0,0,0,0,0,0,0,0,0,0,0,0,0,0,0,0,0,0,0,0,0,0,0,0,0,0,0,0,0,0,0,0,0,0,0,0,0,0,0,0,0,0,0,0,0,0,0,0,0,0,0,0,0,0,0,0,0,0,0,0,0,0,0,0,0,0,0,0,0,0,0,0,0,0,0,0,0,0,0,0,0,0,0,0,0,0,0,0,0,0,0,0,0,0,0,0,0,0,0,0,0,0,0,0,0,0,0,0,0,0,0,0,0,0,0,0,0,0,0,0,0,0,0,0,0,0,0,0,0,0,0,0,0,0,-2000,-2849,1736.406153,186,fac-[PtCl3I3] 2-,anion,oct,hal,[Pt@OH1]([Cl])([Cl])([Cl])([I])([I])[I],https://doi.org/10.1002/ejic.201600573
53,2.39,17,0.00104,1.83,1.54,2.42,17,-2.42,0.0587,0.049,2.42,17,2.42,0.0568,0.048,2.69,53,-0.00117,-2.06,-1.73,2.7,53,-0.000258,-1.7,2.1,53,0.000297,1.77,-2.04,0,0,0,0,0,0,0,0,0,0,0,0,0,0,0,0,0,0,0,0,0,0,0,0,0,0,0,0,0,0,0,0,0,0,0,0,0,0,0,0,0,0,0,0,0,0,0,0,0,0,0,0,0,0,0,0,0,0,0,0,0,0,0,0,0,0,0,0,0,0,0,0,0,0,0,0,0,0,0,0,0,0,0,0,0,0,0,0,0,0,0,0,0,0,0,0,0,0,0,0,0,0,0,0,0,0,0,0,0,0,0,0,0,0,0,0,0,0,0,0,0,0,0,0,0,0,0,0,0,0,0,0,0,0,0,0,0,0,0,0,0,0,0,0,0,0,0,0,0,0,0,0,0,0,0,0,0,0,0,0,-2000,-2849,1021.247898,193,mer-[PtCl3I3] 2-,anion,oct,hal,[Pt@OH1]([I])([Cl])([I])([Cl])([I])[Cl],https://doi.org/10.1002/ejic.201600573
54,2.58,35,0.00222,2.13,1.45,2.58,35,-2.58,-0.000373,0.0045,2.58,35,2.58,0.000374,-0.0045,2.58,35,-0.00222,-2.13,-1.45,2.71,53,0.00414,-1.53,2.24,53,-0.00414,1.53,-2.24,0,0,0,0,0,0,0,0,0,0,0,0,0,0,0,0,0,0,0,0,0,0,0,0,0,0,0,0,0,0,0,0,0,0,0,0,0,0,0,0,0,0,0,0,0,0,0,0,0,0,0,0,0,0,0,0,0,0,0,0,0,0,0,0,0,0,0,0,0,0,0,0,0,0,0,0,0,0,0,0,0,0,0,0,0,0,0,0,0,0,0,0,0,0,0,0,0,0,0,0,0,0,0,0,0,0,0,0,0,0,0,0,0,0,0,0,0,0,0,0,0,0,0,0,0,0,0,0,0,0,0,0,0,0,0,0,0,0,0,0,0,0,0,0,0,0,0,0,0,0,0,0,0,0,0,0,0,0,0,0,-2000,-3132,0.000973199,129,trans-[PtBr4I2] 2-,anion,oct,hal,[Pt@OH1]([I])([Br])([Br])([Br])([Br])[I],https://doi.org/10.1002/ejic.201600573
55,2.56,35,-0.0473,1.42,2.13,2.56,35,-2.56,0.0153,0.03,2.58,35,-0.0348,-2.12,1.46,2.58,35,-0.0427,2.16,-1.4,2.73,53,-0.0407,-1.52,-2.27,53,2.73,0.0343,0.0438,0,0,0,0,0,0,0,0,0,0,0,0,0,0,0,0,0,0,0,0,0,0,0,0,0,0,0,0,0,0,0,0,0,0,0,0,0,0,0,0,0,0,0,0,0,0,0,0,0,0,0,0,0,0,0,0,0,0,0,0,0,0,0,0,0,0,0,0,0,0,0,0,0,0,0,0,0,0,0,0,0,0,0,0,0,0,0,0,0,0,0,0,0,0,0,0,0,0,0,0,0,0,0,0,0,0,0,0,0,0,0,0,0,0,0,0,0,0,0,0,0,0,0,0,0,0,0,0,0,0,0,0,0,0,0,0,0,0,0,0,0,0,0,0,0,0,0,0,0,0,0,0,0,0,0,0,0,0,0,0,-2000,-3252,672.7130215,131,cis-[PtBr4I2] 2-,anion,oct,hal,[Pt@OH1]([Br])([Br])([Br])([Br])([I])[I],https://doi.org/10.1002/ejic.201600573
56,2.57,35,-0.00259,1.92,1.71,2.59,35,2.59,0.0308,0.026,2.59,35,-2.59,0.0254,0.0242,2.72,53,-0.00129,1.85,-2,2.72,53,0.00119,-1.78,2.06,53,0.00276,-2.04,-1.82,0,0,0,0,0,0,0,0,0,0,0,0,0,0,0,0,0,0,0,0,0,0,0,0,0,0,0,0,0,0,0,0,0,0,0,0,0,0,0,0,0,0,0,0,0,0,0,0,0,0,0,0,0,0,0,0,0,0,0,0,0,0,0,0,0,0,0,0,0,0,0,0,0,0,0,0,0,0,0,0,0,0,0,0,0,0,0,0,0,0,0,0,0,0,0,0,0,0,0,0,0,0,0,0,0,0,0,0,0,0,0,0,0,0,0,0,0,0,0,0,0,0,0,0,0,0,0,0,0,0,0,0,0,0,0,0,0,0,0,0,0,0,0,0,0,0,0,0,0,0,0,0,0,0,0,0,0,0,0,0,-2000,-3898,447.1678645,60,mer-[PtBr3I3] 2-,anion,oct,hal,[Pt@OH1]([I])([Br])([I])([Br])([I])[Br],https://doi.org/10.1002/ejic.201600573
57,2.41,17,-2.41,-0.064,-0.0293,2.41,17,-0.0684,-2.21,-0.97,2.71,53,2.71,-0.0574,-0.0239,2.71,53,-0.0644,2.48,1.09,2.72,53,-0.0524,-1.14,2.47,53,-0.0499,1.05,-2.51,0,0,0,0,0,0,0,0,0,0,0,0,0,0,0,0,0,0,0,0,0,0,0,0,0,0,0,0,0,0,0,0,0,0,0,0,0,0,0,0,0,0,0,0,0,0,0,0,0,0,0,0,0,0,0,0,0,0,0,0,0,0,0,0,0,0,0,0,0,0,0,0,0,0,0,0,0,0,0,0,0,0,0,0,0,0,0,0,0,0,0,0,0,0,0,0,0,0,0,0,0,0,0,0,0,0,0,0,0,0,0,0,0,0,0,0,0,0,0,0,0,0,0,0,0,0,0,0,0,0,0,0,0,0,0,0,0,0,0,0,0,0,0,0,0,0,0,0,0,0,0,0,0,0,0,0,0,0,0,0,-2000,-3932,1289.214939,77,cis-[PtCl2I4] 2-,anion,oct,hal,[Pt@OH1]([I])([Cl])([Cl])([I])([I])[I],https://doi.org/10.1002/ejic.201600573
58,2.44,17,-0.00196,-2.06,-1.31,2.44,17,0.00197,2.06,1.31,2.71,53,2.71,-0.00231,-0.000414,2.71,53,-2.71,0.00231,0.000414,2.71,53,-0.000881,-1.45,2.29,53,0.000894,1.45,-2.29,0,0,0,0,0,0,0,0,0,0,0,0,0,0,0,0,0,0,0,0,0,0,0,0,0,0,0,0,0,0,0,0,0,0,0,0,0,0,0,0,0,0,0,0,0,0,0,0,0,0,0,0,0,0,0,0,0,0,0,0,0,0,0,0,0,0,0,0,0,0,0,0,0,0,0,0,0,0,0,0,0,0,0,0,0,0,0,0,0,0,0,0,0,0,0,0,0,0,0,0,0,0,0,0,0,0,0,0,0,0,0,0,0,0,0,0,0,0,0,0,0,0,0,0,0,0,0,0,0,0,0,0,0,0,0,0,0,0,0,0,0,0,0,0,0,0,0,0,0,0,0,0,0,0,0,0,0,0,0,0,-2000,-3932,0.004805005,82,trans-[PtCl2I4] 2-,anion,oct,hal,[Pt@OH1]([Cl])([I])([I])([I])([I])[Cl],https://doi.org/10.1002/ejic.201600573
59,2.57,35,-2.57,-0.00371,0.051,2.57,35,-0.0416,1.53,2.06,2.57,35,-0.0456,-2.01,1.6,2.74,53,2.74,-0.0125,0.0715,2.74,53,-0.0456,-1.7,-2.14,53,-0.0411,2.2,-1.63,0,0,0,0,0,0,0,0,0,0,0,0,0,0,0,0,0,0,0,0,0,0,0,0,0,0,0,0,0,0,0,0,0,0,0,0,0,0,0,0,0,0,0,0,0,0,0,0,0,0,0,0,0,0,0,0,0,0,0,0,0,0,0,0,0,0,0,0,0,0,0,0,0,0,0,0,0,0,0,0,0,0,0,0,0,0,0,0,0,0,0,0,0,0,0,0,0,0,0,0,0,0,0,0,0,0,0,0,0,0,0,0,0,0,0,0,0,0,0,0,0,0,0,0,0,0,0,0,0,0,0,0,0,0,0,0,0,0,0,0,0,0,0,0,0,0,0,0,0,0,0,0,0,0,0,0,0,0,0,0,-2000,-4014,776.1266296,62,fac-[PtBr3I3] 2-,anion,oct,hal,[Pt@OH1]([Br])([Br])([Br])([I])([I])[I],https://doi.org/10.1002/ejic.201600573
60,2.6,35,2.6,0.00493,0.0157,2.6,35,-2.6,-0.00493,-0.0157,2.73,53,0.0172,-1.19,-2.46,2.73,53,-0.0172,1.19,2.46,2.73,53,-0.00252,-2.46,1.19,53,0.00252,2.46,-1.19,0,0,0,0,0,0,0,0,0,0,0,0,0,0,0,0,0,0,0,0,0,0,0,0,0,0,0,0,0,0,0,0,0,0,0,0,0,0,0,0,0,0,0,0,0,0,0,0,0,0,0,0,0,0,0,0,0,0,0,0,0,0,0,0,0,0,0,0,0,0,0,0,0,0,0,0,0,0,0,0,0,0,0,0,0,0,0,0,0,0,0,0,0,0,0,0,0,0,0,0,0,0,0,0,0,0,0,0,0,0,0,0,0,0,0,0,0,0,0,0,0,0,0,0,0,0,0,0,0,0,0,0,0,0,0,0,0,0,0,0,0,0,0,0,0,0,0,0,0,0,0,0,0,0,0,0,0,0,0,0,-2000,-4603,5.05E-05,-12,trans-[PtBr2I4] 2-,anion,oct,hal,[Pt@OH1]([Br])([I])([I])([I])([I])[Br],https://doi.org/10.1002/ejic.201600573
61,2.58,35,-2.58,0.0409,-0.00761,2.58,35,-0.036,2.56,-0.361,2.73,53,-0.0476,-0.333,-2.71,2.73,53,-0.0514,0.432,2.7,2.75,53,2.75,0.0432,-0.00416,53,-0.0491,-2.72,0.384,0,0,0,0,0,0,0,0,0,0,0,0,0,0,0,0,0,0,0,0,0,0,0,0,0,0,0,0,0,0,0,0,0,0,0,0,0,0,0,0,0,0,0,0,0,0,0,0,0,0,0,0,0,0,0,0,0,0,0,0,0,0,0,0,0,0,0,0,0,0,0,0,0,0,0,0,0,0,0,0,0,0,0,0,0,0,0,0,0,0,0,0,0,0,0,0,0,0,0,0,0,0,0,0,0,0,0,0,0,0,0,0,0,0,0,0,0,0,0,0,0,0,0,0,0,0,0,0,0,0,0,0,0,0,0,0,0,0,0,0,0,0,0,0,0,0,0,0,0,0,0,0,0,0,0,0,0,0,0,0,-2000,-4719,598.3553339,-10,cis-[PtBr2I4] 2-,anion,oct,hal,[Pt@OH1]([I])([I])([Br])([Br])([I])[I],https://doi.org/10.1002/ejic.201600573
62,2.44,17,2.44,0.00078,0.000801,2.74,53,0.0587,-2.65,-0.666,2.74,53,0.0583,0.666,-2.65,2.74,53,0.057,-0.666,2.65,2.74,53,0.0566,2.65,0.666,53,-2.74,-0.000885,-0.000897,0,0,0,0,0,0,0,0,0,0,0,0,0,0,0,0,0,0,0,0,0,0,0,0,0,0,0,0,0,0,0,0,0,0,0,0,0,0,0,0,0,0,0,0,0,0,0,0,0,0,0,0,0,0,0,0,0,0,0,0,0,0,0,0,0,0,0,0,0,0,0,0,0,0,0,0,0,0,0,0,0,0,0,0,0,0,0,0,0,0,0,0,0,0,0,0,0,0,0,0,0,0,0,0,0,0,0,0,0,0,0,0,0,0,0,0,0,0,0,0,0,0,0,0,0,0,0,0,0,0,0,0,0,0,0,0,0,0,0,0,0,0,0,0,0,0,0,0,0,0,0,0,0,0,0,0,0,0,0,0,-2000,-5081,830.7317512,-38,[PtClI5] 2-,anion,oct,hal,[Pt@OH1]([I])([I])([I])([I])([I])[Cl],https://doi.org/10.1002/ejic.201600573
63,2.6,35,2.6,-0.000403,0.00141,2.75,53,0.0498,-0.0586,-2.74,2.75,53,0.0478,-2.74,0.0586,2.75,53,0.0487,2.74,-0.0586,2.75,53,0.0468,0.0586,2.74,53,-2.76,0.000428,-0.0015,0,0,0,0,0,0,0,0,0,0,0,0,0,0,0,0,0,0,0,0,0,0,0,0,0,0,0,0,0,0,0,0,0,0,0,0,0,0,0,0,0,0,0,0,0,0,0,0,0,0,0,0,0,0,0,0,0,0,0,0,0,0,0,0,0,0,0,0,0,0,0,0,0,0,0,0,0,0,0,0,0,0,0,0,0,0,0,0,0,0,0,0,0,0,0,0,0,0,0,0,0,0,0,0,0,0,0,0,0,0,0,0,0,0,0,0,0,0,0,0,0,0,0,0,0,0,0,0,0,0,0,0,0,0,0,0,0,0,0,0,0,0,0,0,0,0,0,0,0,0,0,0,0,0,0,0,0,0,0,0,-2000,-5483,403.4539384,-83,[PtBrI5] 2-,anion,oct,hal,[Pt@OH1]([I])([I])([I])([I])([I])[Br],https://doi.org/10.1002/ejic.201600573
64,2.76,53,-0.00245,-2.09,1.79,2.76,53,0.000207,-1.79,-2.09,2.76,53,-2.76,0.00173,-0.00175,2.76,53,2.76,-0.00173,0.00175,2.76,53,-0.000207,1.79,2.09,53,0.00245,2.09,-1.79,0,0,0,0,0,0,0,0,0,0,0,0,0,0,0,0,0,0,0,0,0,0,0,0,0,0,0,0,0,0,0,0,0,0,0,0,0,0,0,0,0,0,0,0,0,0,0,0,0,0,0,0,0,0,0,0,0,0,0,0,0,0,0,0,0,0,0,0,0,0,0,0,0,0,0,0,0,0,0,0,0,0,0,0,0,0,0,0,0,0,0,0,0,0,0,0,0,0,0,0,0,0,0,0,0,0,0,0,0,0,0,0,0,0,0,0,0,0,0,0,0,0,0,0,0,0,0,0,0,0,0,0,0,0,0,0,0,0,0,0,0,0,0,0,0,0,0,0,0,0,0,0,0,0,0,0,0,0,0,0,-2000,-6293,0.000177858,-156,[PtI6] 2-,anion,oct,hal,[Pt@OH1]([I])([I])([I])([I])([I])[I],https://doi.org/10.1002/ejic.201600573
65,1.91,7,-0.871,-1.69,-0.233,1.93,7,0.781,1.76,0.193,1.93,7,1.69,-0.868,0.35,2.07,8,-1.82,0.923,-0.337,2.48,1,-1.72,1.78,0.0821,8,-1.18,-2.35,0.775,2.77,8,2.3,-0.626,1.41,2.77,-1.18,-2.11,-1.36,2.78,8,1.71,2.12,-0.552,8,0.284,2.59,0.977,2.79,8,2.18,-1.68,-0.46,0,0,0,0,0,0,0,0,0,0,0,0,0,0,0,0,0,0,0,0,0,0,0,0,0,0,0,0,0,0,0,0,0,0,0,0,0,0,0,0,0,0,0,0,0,0,0,0,0,0,0,0,0,0,0,0,0,0,0,0,0,0,0,0,0,0,0,0,0,0,0,0,0,0,0,0,0,0,0,0,0,0,0,0,0,0,0,0,0,0,0,0,0,0,0,0,0,0,0,0,0,0,0,0,0,0,0,0,0,0,0,0,0,0,0,0,0,0,0,0,0,0,0,0,0,0,0,0,0,0,0,0,0,0,0,0,0,-2000,-1780,295.358378,-0.047,[Pt(NO2)3(OH)] 2-,anion,sq-pl,inorg,[Pt-]([N+](=O)[O-])([N+](=O)[O-])([N+](=O)[O-])O[H],https://doi.org/10.1016/S0020-1693(00)81457-7
66,1.88,7,-0.154,0.604,-1.78,1.88,7,1.78,0.612,0.0492,2.1,8,-1.96,-0.744,0.136,2.1,8,-0.0199,-0.736,1.97,2.72,8,2.03,1.76,0.453,8,-0.579,1.74,-2.01,2.72,8,0.0989,-0.167,-2.71,2.72,2.7,-0.156,-0.253,2.89,6,-2.27,-1.27,1.27,6,-1.13,-1.26,2.34,4.09,8,-1.32,-1.75,3.45,8,-3.36,-1.75,1.53,0,0,0,0,0,0,0,0,0,0,0,0,0,0,0,0,0,0,0,0,0,0,0,0,0,0,0,0,0,0,0,0,0,0,0,0,0,0,0,0,0,0,0,0,0,0,0,0,0,0,0,0,0,0,0,0,0,0,0,0,0,0,0,0,0,0,0,0,0,0,0,0,0,0,0,0,0,0,0,0,0,0,0,0,0,0,0,0,0,0,0,0,0,0,0,0,0,0,0,0,0,0,0,0,0,0,0,0,0,0,0,0,0,0,0,0,0,0,0,0,0,0,0,0,0,0,0,0,0,0,0,0,0,-2000,-1487,1058.62284,0.06,[Pt(NO2)2(C2O4)]2-,anion,sq-pl,org-inorg,O=C1O[Pt-2]([N+]([O-])=O)([N+]([O-])=O)[O-2]C1=O,https://doi.org/10.1016/S0020-1693(00)81457-7
67,2,8,-0.695,1.27,1.38,2,8,-1.62,-1.17,0.0716,2.13,7,1.72,1.24,0.126,2.13,7,0.678,-1.5,-1.35,2.49,1,-0.125,-2.13,-1.29,1,1.39,1.88,0.86,2.7,1,2.55,0.765,0.468,2.71,1.5,-2,-1.03,2.75,1,0.802,-1.23,-2.32,1,1.96,1.79,-0.695,2.85,6,-1.97,1.5,1.41,6,-2.77,-0.603,0.278,2.91,1,-1.52,2.23,-1.08,2.91,1,-2.09,0.739,-1.88,6,-2.78,0.933,0.233,6,-2.33,1.5,-1.14,4.01,8,-2.49,2.17,2.27,8,-3.79,-1.24,0.435,6,-4.17,1.56,0.0444,6,-3.73,2.13,-1.31,1,-4.96,0.821,0.00508,1,-4.4,2.3,0.805,1,-3.72,3.21,-1.37,1,-4.28,1.74,-2.16,0,0,0,0,0,0,0,0,0,0,0,0,0,0,0,0,0,0,0,0,0,0,0,0,0,0,0,0,0,0,0,0,0,0,0,0,0,0,0,0,0,0,0,0,0,0,0,0,0,0,0,0,0,0,0,0,0,0,0,0,0,0,0,0,0,0,0,0,0,0,0,0,0,0,0,0,0,0,0,0,0,0,0,-1714,3089.593916,0.024,"Pt(1,1-cbdca)(NH3)2",neutral,sq-pl,org,[NH3][Pt](OC(C12CCC2)=O)([NH3])OC1=O,https://doi.org/10.1002/jcc.24461
68,2.05,8,1.38,-1.52,0.0107,2.05,8,-1.31,-1.5,-0.494,2.08,7,-1.5,1.44,-0.0457,2.08,7,1.43,1.42,0.504,2.5,1,-2.34,0.824,-0.294,1,2.3,0.805,0.552,2.68,1,1.31,1.86,1.41,2.68,-1.4,2.15,-0.767,2.68,1,-1.7,1.9,0.841,1,1.59,2.15,-0.193,3.02,6,2.63,-1.47,0.237,6,-2.55,-1.45,-0.708,3.35,8,3.28,-0.45,0.516,3.35,8,-3.25,-0.425,-0.662,6,-3.2,-2.78,-1.04,6,3.34,-2.8,0.142,4.45,1,2.62,-3.6,-0.0259,1,-2.44,-3.55,-1.15,1,-3.89,-3.04,-0.241,1,4.05,-2.76,-0.68,1,3.89,-2.98,1.06,1,-3.77,-2.68,-1.96,0,0,0,0,0,0,0,0,0,0,0,0,0,0,0,0,0,0,0,0,0,0,0,0,0,0,0,0,0,0,0,0,0,0,0,0,0,0,0,0,0,0,0,0,0,0,0,0,0,0,0,0,0,0,0,0,0,0,0,0,0,0,0,0,0,0,0,0,0,0,0,0,0,0,0,0,0,0,0,0,0,0,0,0,0,0,0,0,0,0,0,-1565,1107.43399,116,cis-Pt(NH 3) 2(Ac)2,neutral,sq-pl,org,[Pt@SP1](OC(=O)C)([NH3+])([NH3+])OC(=O)C,https://doi.org/10.1002/jcc.24461
69,2,8,0.466,1.23,1.51,2.01,8,-0.914,1.43,-1.07,2.13,7,-0.699,-1.23,-1.59,2.13,7,0.839,-1.46,1.3,2.35,1,1.72,1.27,-0.977,1,-1.21,-0.514,-2.11,2.49,1,1.11,-0.837,2.07,2.7,0.148,-2.12,1.67,2.71,1,-1.36,-1.95,-1.31,1,-0.00462,-1.65,-2.21,2.77,1,1.66,-1.98,0.997,6,0.63,2.5,1.31,2.9,6,-0.57,2.68,-0.947,3.08,6,0.713,2.99,-0.151,1,3.09,-0.201,-0.24,6,1.91,2.36,-0.875,3.89,1,1.97,2.77,-1.88,8,0.769,3.27,2.22,8,-1.19,3.57,-1.49,1,3.08,2.48,0.934,6,4.08,0.186,0.0319,6,3.23,2.57,-0.141,1,0.825,4.08,-0.115,1,4.13,0.244,1.12,4.61,6,4.3,1.57,-0.576,1,4.31,1.49,-1.67,4.87,1,4.83,-0.515,-0.318,1,3.58,3.59,-0.332,1,5.28,1.93,-0.263,0,0,0,0,0,0,0,0,0,0,0,0,0,0,0,0,0,0,0,0,0,0,0,0,0,0,0,0,0,0,0,0,0,0,0,0,0,0,0,0,0,0,0,0,0,0,0,0,0,0,0,0,0,0,0,0,0,0,0,0,0,-1686,3146.573327,11,cis-Pt(NH 3) 2(bumal) 2,neutral,sq-pl,org,[Pt@SP1]1(OC(=O)C(C(=O)O1)CCCC)([NH3+])[NH3+],https://doi.org/10.1002/jcc.24461
70,1.99,8,-1.81,0.805,0.0957,1.99,8,-0.896,-1.67,0.595,2.12,7,0.709,1.89,-0.634,2.12,7,1.82,-1.08,-0.0094,2.47,1,-0.192,2.38,-0.627,1,1.44,-1.98,0.309,2.64,1,1.37,0.204,2.25,2.64,0.109,0.268,-2.63,2.71,1,1.32,2.36,0.0349,1,2.22,-1.23,-0.936,2.76,6,-2.18,-1.5,0.772,6,-2.71,-0.0652,0.475,3.07,6,2.85,-0.647,0.94,3.07,6,1.27,1.96,-1.99,6,2.23,-0.467,2.32,6,0.326,1.28,-2.97,3.34,1,3.27,0.3,0.585,1,2.24,1.46,-1.99,1,-0.613,1.83,-3.03,1,1.89,-1.42,2.7,8,-3.88,0.221,0.588,8,-2.91,-2.39,1.14,1,3.67,-1.38,0.991,1,1.43,3.01,-2.29,4.22,1,2.95,-0.049,3.01,1,0.767,1.24,-3.96,0,0,0,0,0,0,0,0,0,0,0,0,0,0,0,0,0,0,0,0,0,0,0,0,0,0,0,0,0,0,0,0,0,0,0,0,0,0,0,0,0,0,0,0,0,0,0,0,0,0,0,0,0,0,0,0,0,0,0,0,0,0,0,0,0,0,0,0,0,0,0,0,0,0,-1872,3607.064609,0.004,cis-Pt(EtNH 2) 2(Ox),neutral,sq-pl,org,[Pt@@]1(OC(=O)C(O1)=O)([N](CC)([H])[H])[N](CC)([H])[H],https://doi.org/10.1002/jcc.24461
71,2.01,8,-0.0186,-1.46,1.38,2.01,8,1.43,1.06,0.944,2.12,7,-1.6,-1.12,-0.818,2.13,7,-0.000484,1.69,-1.29,2.46,1,0.733,2.21,-0.805,1,-1.98,-1.52,0.0416,2.59,1,-1.74,1.79,0.688,2.71,-2.33,-0.558,-1.26,2.74,1,0.315,1.53,-2.25,1,0.45,-1.13,-2.55,2.86,6,1.09,-1.76,1.98,6,2.33,0.411,1.62,2.89,1,2.71,-0.672,-0.764,2.97,6,2.36,-1.11,1.41,1,1.95,-2.26,-0.451,6,2.64,-1.51,-0.0634,3.05,6,-1.2,-2.21,-1.72,6,-1.23,2.49,-1.28,1,-0.564,-2.89,-1.14,6,-1.66,2.74,0.157,1,-2.01,1.95,-1.83,6,-0.429,-1.67,-2.91,1,-0.921,3.35,0.672,1,-1.05,-0.992,-3.49,4.02,8,3.14,0.971,2.32,8,1.14,-2.54,2.9,4.03,1,-2.08,-2.77,-2.06,1,-1.07,3.45,-1.79,1,-2.62,3.25,0.189,4.33,1,-0.1,-2.48,-3.55,6,3.68,-1.78,1.84,6,4,-2.09,0.371,1,3.51,-2.65,2.47,1,4.36,-1.09,2.34,1,4.85,-1.53,-0.0179,4.13,-3.14,0.145,0,0,0,0,0,0,0,0,0,0,0,0,0,0,0,0,0,0,0,0,0,0,0,0,0,0,0,0,0,0,0,0,0,-1860,3317.275925,-21,cis-Pt(EtNH 2) 2(CBDCA) 2,neutral,sq-pl,org,[Pt@SP1]1(OC(=O)C2(CCC2)C(=O)O1)([NH2+]CC)[NH2+](CC),https://doi.org/10.1002/jcc.24461
72,2.07,8,1.84,0.898,0.286,2.07,8,-0.697,1.88,0.499,2.07,7,-1.95,-0.676,-0.176,2.07,7,0.944,-1.77,-0.515,2.43,1,1.89,-1.34,-0.722,1,-2.39,0.117,0.377,2.98,1,1.47,-2.12,1.48,2.98,-2.19,0.364,-1.98,2.98,6,1.14,-2.69,0.609,6,-2.49,-0.587,-1.53,3.03,6,2.97,0.596,-0.203,6,-1.81,2.23,0.992,3.08,6,-2.37,-1.91,0.487,3.08,6,0.561,-2.49,-1.73,1,-1.97,-1.93,1.5,1,0.451,-1.78,-2.55,3.33,1,0.217,-3.21,0.853,1,-2.12,-1.4,-2.15,8,3.22,-0.435,-0.844,8,-2.79,1.48,1.13,1,-0.377,-3.03,-1.59,1,-2.02,-2.79,-0.0552,1,1.91,-3.43,0.37,1,-3.58,-0.638,-1.52,4.01,1,-3.46,-1.96,0.542,1,1.33,-3.22,-2,4.38,6,4.08,1.61,0.0517,6,-1.9,3.68,1.43,1,3.79,2.28,0.854,4.5,1,-1.11,4.26,0.965,1,-1.79,3.72,2.51,1,4.23,2.18,-0.86,1,5,1.09,0.294,1,-2.88,4.08,1.16,0,0,0,0,0,0,0,0,0,0,0,0,0,0,0,0,0,0,0,0,0,0,0,0,0,0,0,0,0,0,0,0,0,0,0,0,0,0,0,0,-1693,1392.574866,0.065,cis-Pt(Me 2 NH) 2 (Ac)2,neutral,sq-pl,org,CC([Pt@@](C(C)=O)([N]([H])(C)C)[N]([H])(C)C)=O,https://doi.org/10.1002/jcc.24461
73,1.99,8,-1.32,1.31,-0.689,1.99,8,-1.57,-1.19,0.261,2.1,7,1.44,1.48,-0.369,2.1,7,1.14,-1.59,0.753,2.42,1,0.337,-2.12,1.12,1,0.825,2.07,-0.944,2.75,6,-2.54,0.838,-0.663,2.75,-2.68,-0.612,-0.112,2.99,6,1.78,2.26,0.822,6,1.75,-2.41,-0.297,3,1,0.869,2.53,1.35,1,1.01,-2.61,-1.07,3.1,6,2.06,-1.36,1.86,3.1,6,2.62,1.16,-1.16,1,1.57,-0.775,2.64,1,2.33,0.605,-2.05,3.29,1,2.42,1.67,1.48,1,2.6,-1.89,-0.736,1,2.94,-0.824,1.51,1,3.31,0.554,-0.576,8,-3.49,1.48,-1.04,8,-3.76,-1.16,-0.0346,1,2.32,3.18,0.554,1,2.1,-3.37,0.103,4.05,1,2.4,-2.31,2.3,1,3.15,2.07,-1.48,0,0,0,0,0,0,0,0,0,0,0,0,0,0,0,0,0,0,0,0,0,0,0,0,0,0,0,0,0,0,0,0,0,0,0,0,0,0,0,0,0,0,0,0,0,0,0,0,0,0,0,0,0,0,0,0,0,0,0,0,0,0,0,0,0,0,0,0,0,0,0,0,0,0,-1887,3715.314144,20,cis-Pt(Me2NH)2(Ox),neutral,sq-pl,org,[Pt@SP1]1(OC(=O)C(=O)O1)([NH+](C)C)[NH+](C)C,https://doi.org/10.1002/jcc.24461
74,2.01,8,-2,0.00479,-0.238,2.01,8,-0.0788,0.218,2,2.1,7,-0.0758,-0.128,-2.09,2.1,7,2.05,0.151,0.388,2.41,1,-1.09,0.00231,-2.15,1,2,-0.0883,1.38,2.84,1,-1.44,-1.98,1.43,2.88,-1.1,-0.243,2.65,2.88,6,-2.76,-0.436,0.719,1,1.75,2.16,0.859,2.94,6,2.47,1.55,0.322,6,-2.04,-1.17,1.87,3.04,6,0.232,-1.43,-2.67,3.05,6,0.552,0.959,-2.84,1,0.279,1.91,-2.39,1,-0.3,-2.21,-2.12,3.13,6,3.03,-0.736,-0.241,1,2.52,1.88,-0.716,1,2.7,-1.77,-0.154,1,1.3,-1.63,-2.61,1,1.64,0.848,-2.82,1,3.14,-0.483,-1.3,1,3.46,1.69,0.777,1,-0.0683,-1.48,-3.72,4.01,1,0.229,0.958,-3.89,8,-1.29,-0.0082,3.82,4.04,8,-3.96,-0.328,0.694,1,4.01,-0.642,0.231,1,-2.79,-1.58,2.55,0,0,0,0,0,0,0,0,0,0,0,0,0,0,0,0,0,0,0,0,0,0,0,0,0,0,0,0,0,0,0,0,0,0,0,0,0,0,0,0,0,0,0,0,0,0,0,0,0,0,0,0,0,0,0,0,0,0,0,0,0,-1882,3493.914257,13,cis-Pt(Me2NH)2(Mal),neutral,sq-pl,org,[Pt@SP1]1(OC(=O)CC(=O)O1)([NH+](C)C)[NH+](C)C,https://doi.org/10.1002/jcc.24461
75,1.99,8,1.93,0.471,0.157,2.04,8,0.55,-1.65,-1.07,2.07,8,-0.614,1.66,1.07,2.22,16,-2.18,-0.391,-0.127,2.35,1,2.32,-0.264,-0.328,1,0.221,2.08,1.29,2.46,1,-0.285,-2.07,-1.29,3.25,-2.62,1.93,-0.184,3.26,1,-2.5,0.54,2.02,8,-2.81,-1.53,-0.811,3.32,6,-3.05,1.1,-0.74,6,-2.92,-0.338,1.55,3.56,1,-2.82,1.2,-1.8,3.56,1,-2.61,-1.24,2.07,1,-4.11,1,-0.581,1,-4,-0.29,1.47,0,0,0,0,0,0,0,0,0,0,0,0,0,0,0,0,0,0,0,0,0,0,0,0,0,0,0,0,0,0,0,0,0,0,0,0,0,0,0,0,0,0,0,0,0,0,0,0,0,0,0,0,0,0,0,0,0,0,0,0,0,0,0,0,0,0,0,0,0,0,0,0,0,0,0,0,0,0,0,0,0,0,0,0,0,0,0,0,0,0,0,0,0,0,0,0,0,0,0,0,0,0,0,0,0,0,0,0,0,0,0,0,0,0,0,-1000,-2526,856.998763,0.04,[Pt(SOMe 2 )(OH)3 ]-,anion,sq-pl,org-inorg,[Pt-]([S](C)(C)=O)(O[H])(O[H])O[H],https://doi.org/10.1002/jcc.24461
76,2.05,8,-1.05,1.75,-0.147,2.05,8,-1.83,-0.915,-0.176,2.09,7,1.85,0.928,0.295,2.09,7,1.13,-1.74,0.276,2.36,1,1.48,1.47,1.11,1,1.62,-1.95,-0.601,2.68,8,-1.52,-0.915,2.01,2.68,-2.24,-1.06,1.02,2.78,6,-0.882,2.49,0.876,6,2.12,-1.29,1.27,2.87,1,1.57,-1.02,2.18,8,0.0348,2.35,1.69,2.93,6,2.84,-0.0592,0.719,3.06,6,0.435,-2.95,0.711,6,2.36,1.88,-0.682,1,-0.123,-2.72,1.62,3.18,1,1.58,2.6,-0.921,1,-0.269,-3.26,-0.0585,1,2.65,1.36,-1.6,1,3.44,-0.35,-0.156,1,2.83,-2.09,1.51,1,3.53,0.351,1.47,1,1.14,-3.76,0.91,1,3.23,2.42,-0.292,4.15,6,-3.7,-1.49,1.16,6,-1.89,3.62,1.03,4.5,1,-2.37,3.82,0.0809,1,-4.31,-0.59,1.15,1,-3.98,-2.11,0.323,4.57,1,-2.64,3.3,1.75,1,-3.84,-2.01,2.1,1,-1.39,4.5,1.42,0,0,0,0,0,0,0,0,0,0,0,0,0,0,0,0,0,0,0,0,0,0,0,0,0,0,0,0,0,0,0,0,0,0,0,0,0,0,0,0,0,0,0,0,0,0,0,0,-1456,1717.553912,0.12,cis-Pt(Me 2 en) 2(Ac)2,neutral,sq-pl,org,[Pt]1(OC(=O)C)([N](CC[N]1(C)[H])(C)[H])OC(=O)C,https://doi.org/10.1002/jcc.24461
77,2.05,8,-1.91,0.651,-0.341,2.06,8,-0.848,-1.83,-0.397,2.09,7,0.959,1.8,0.474,2.1,7,1.93,-0.818,0.0704,2.67,8,-0.973,-1.71,1.8,6,-1.29,-2.23,0.733,2.87,6,2.25,-1.19,-1.31,2.87,2.37,1.6,0.117,2.88,6,0.809,1.98,1.92,1,1.1,1.08,2.46,2.92,6,2.86,0.221,0.553,1,1.5,-1.89,-1.67,2.97,6,-2.57,1.42,0.427,2.99,1,2.24,-0.318,-1.96,6,2.03,-2,0.922,6,0.449,2.99,-0.209,3.05,1,-0.247,2.16,2.13,1,1.64,-1.78,1.91,1,0.451,2.83,-1.29,1,2.47,1.7,-0.968,1,1.42,-2.8,0.497,1,-0.573,3.16,0.12,8,-2.1,2.15,1.29,1,2.89,0.175,1.64,3.87,1,3,2.38,0.585,1,3.88,0.0393,0.178,3.89,1,1.41,2.83,2.27,1,3.24,-1.67,-1.37,1,3.07,-2.35,0.998,4.01,1,1.06,3.86,0.0317,6,-2.2,-3.45,0.685,6,-4.08,1.42,0.161,1,-4.28,1.09,-0.855,1,-3.22,-3.1,0.514,1,-1.92,-4.1,-0.135,-4.54,0.722,0.857,4.81,1,-2.16,-3.98,1.63,1,-4.49,2.41,0.339,0,0,0,0,0,0,0,0,0,0,0,0,0,0,0,0,0,0,0,0,0,0,0,0,-1469,2045.79717,0.034,cis-Pt(Me 4 en) 2(Ac)2,neutral,sq-pl,org,[Pt]1(OC(=O)C)([N](CC[N]1(C)C)(C)C)OC(=O)C,https://doi.org/10.1002/jcc.24461
78,1.98,8,-0.0664,-1.97,0.241,1.98,8,-1.91,-0.0973,0.519,2.09,7,2.02,0.101,-0.539,2.09,7,0.0659,2.07,-0.259,2.55,1,2.04,-0.198,-1.52,1,0.118,2.46,0.688,2.78,6,-2.33,-1.31,0.764,2.78,-1.24,-2.41,0.606,2.9,6,2.43,1.51,-0.453,6,1.31,2.4,-0.98,3,6,-1.13,2.63,-0.896,6,2.88,-0.804,0.225,3.08,1,2.49,-1.82,0.137,3.09,1,-2.01,2.32,-0.323,1,-1.23,2.22,-1.9,1,2.86,-0.523,1.28,3.2,1,2.62,1.74,0.601,1,1.14,2.19,-2.04,1,3.36,1.69,-1.01,1,1.57,3.46,-0.876,8,-1.46,-3.59,0.806,8,-3.47,-1.56,1.08,1,-1.09,3.72,-0.951,1,3.91,-0.773,-0.134,0,0,0,0,0,0,0,0,0,0,0,0,0,0,0,0,0,0,0,0,0,0,0,0,0,0,0,0,0,0,0,0,0,0,0,0,0,0,0,0,0,0,0,0,0,0,0,0,0,0,0,0,0,0,0,0,0,0,0,0,0,0,0,0,0,0,0,0,0,0,0,0,0,0,0,0,0,0,0,0,0,0,0,-1988,3734.936392,49,cis-Pt(Me 2 en) 2(Ox),neutral,sq-pl,org,[Pt@SP1]12([NH+](CC[NH+]1C)C)OC(=O)C(=O)O2,https://doi.org/10.1002/jcc.24461
79,1.99,8,-0.0392,-1.98,0.161,1.99,8,-1.91,-0.148,0.521,2.07,7,2,0.12,-0.529,2.07,7,0.00361,2.06,-0.172,2.78,6,-1.21,-2.46,0.508,6,-2.31,-1.38,0.723,2.88,6,2.4,1.53,-0.424,2.88,2.13,-0.372,-1.9,2.88,6,1.25,2.45,-0.854,6,-0.0646,2.63,1.18,2.92,6,-1.17,2.51,-0.932,6,2.81,-0.721,0.355,2.98,1,-0.971,2.27,1.66,2.98,1,1.77,-1.4,-1.94,1,1.54,0.231,-2.59,1,0.794,2.31,1.77,3.02,1,-2.07,2.16,-0.427,1,2.45,-1.75,0.291,1,-1.15,2.08,-1.93,1,2.7,-0.389,1.39,1,2.66,1.74,0.618,1,1.1,2.36,-1.93,1,3.29,1.73,-1.04,1,1.5,3.5,-0.64,3.9,1,3.18,-0.347,-2.23,1,-0.0889,3.72,1.14,3.93,1,-1.19,3.6,-1.01,1,3.87,-0.684,0.0713,8,-1.42,-3.64,0.65,3.96,8,-3.44,-1.66,1.05,0,0,0,0,0,0,0,0,0,0,0,0,0,0,0,0,0,0,0,0,0,0,0,0,0,0,0,0,0,0,0,0,0,0,0,0,0,0,0,0,0,0,0,0,0,0,0,0,0,0,0,0,0,0,0,0,-1970,3784.886111,21,cis-Pt(Me 4 en) 2(Ox),neutral,sq-pl,org,[Pt@SP1]12([N+](CC[N+]1(C)C)(C)C)OC(=O)C(=O)O2,https://doi.org/10.1002/jcc.24461
80,2,8,0.0128,-1.95,-0.462,2,8,-1.89,0.233,-0.631,2.09,7,2.01,-0.0906,0.574,2.1,7,0.203,2.05,0.376,2.51,1,2.49,-0.175,-0.327,1,-0.204,2.23,1.3,2.86,1,-1.98,-1.63,1.26,2.88,1.65,2.32,0.427,2.89,6,-2.74,-0.743,-0.546,6,-1.07,-2.65,-0.39,2.9,6,2.35,1.2,1.19,6,-0.495,2.9,-0.591,3.03,6,-2.28,-1.97,0.264,3.04,6,2.4,-1.24,1.39,1,-1.55,2.63,-0.61,1,2.1,-2.15,0.875,3.16,1,2.02,2.35,-0.603,1,-0.086,2.73,-1.59,1,2,1.18,2.23,1,1.89,-1.2,2.35,1,1.86,3.29,0.895,1,3.44,1.37,1.2,1,-0.393,3.96,-0.341,1,3.48,-1.26,1.57,4.04,8,-3.85,-0.684,-1.03,8,-1.13,-3.8,-0.765,4.12,1,-3.11,-2.68,0.339,0,0,0,0,0,0,0,0,0,0,0,0,0,0,0,0,0,0,0,0,0,0,0,0,0,0,0,0,0,0,0,0,0,0,0,0,0,0,0,0,0,0,0,0,0,0,0,0,0,0,0,0,0,0,0,0,0,0,0,0,0,0,0,0,0,0,0,0,0,-1974,3496.123162,36,cis-Pt(Me 2 en) 2(Mal),neutral,sq-pl,org,[Pt@SP1]12([NH+](CC[NH+]1C)C)OC(=O)CC(=O)O2,https://doi.org/10.1002/jcc.24461
81,2.01,8,-0.0379,-1.95,-0.496,2.01,8,-1.92,0.255,-0.555,2.07,7,2,-0.143,0.506,2.08,7,0.195,2.03,0.408,2.83,1,-1.9,-1.59,1.35,6,2.73,-0.343,-0.75,2.87,6,1.64,2.3,0.5,2.87,2.38,1.13,1.15,2.89,6,-2.77,-0.704,-0.4,6,-1.13,-2.64,-0.36,2.91,6,-0.487,2.34,1.67,6,-0.408,2.82,-0.666,2.95,1,2.37,-1.26,-1.22,2.96,6,2.28,-1.27,1.4,1,2.55,0.485,-1.43,6,-2.28,-1.93,0.381,3.03,1,-1.54,2.08,1.57,1,-0.0658,1.75,2.48,1,-1.46,2.56,-0.75,1,0.07,2.59,-1.62,1,1.96,-2.19,0.904,1,1.71,-1.17,2.32,1,2.03,2.45,-0.511,1,2.1,1.07,2.21,3.85,1,3.46,1.29,1.1,1,1.83,3.22,1.07,3.88,1,3.81,-0.428,-0.567,1,-0.401,3.4,1.91,1,-0.31,3.9,-0.465,3.96,1,3.35,-1.34,1.63,8,-1.23,-3.78,-0.745,8,-3.91,-0.63,-0.797,1,-3.1,-2.63,0.516,0,0,0,0,0,0,0,0,0,0,0,0,0,0,0,0,0,0,0,0,0,0,0,0,0,0,0,0,0,0,0,0,0,0,0,0,0,0,0,0,0,0,0,0,-1976,3571.802814,8,cis-Pt(Me 4 en) 2(Mal),neutral,sq-pl,org,[Pt@SP1]12([N+](CC[N+]1(C)C)(C)C)OC(=O)CC(=O)O2,https://doi.org/10.1002/jcc.24461
82,2.02,8,-0.906,0.681,1.67,2.02,8,0.227,1.83,-0.819,2.11,7,1.14,-0.528,-1.69,2.11,7,-0.115,-1.81,1.08,2.44,1,-0.975,-1.57,1.59,1,0.789,0.22,-2.29,2.87,1,0.992,-0.826,2.56,2.87,2.59,0.799,-0.952,2.91,6,0.967,-1.8,2.07,6,2.54,-0.195,-1.4,2.94,6,-0.424,2.88,-0.448,6,-1.44,1.85,1.78,3.05,6,-2.77,0.98,-0.809,3.18,1,2.96,-0.922,-0.696,1,1.92,-1.97,1.58,6,1.05,-1.79,-2.42,3.19,6,-0.28,-3.14,0.499,6,-2.27,0.792,-2.1,6,-3.19,-0.136,-0.0861,6,-1.59,2.76,0.551,1,0.00539,-2.04,-2.59,1,-1.06,-3.11,-0.263,6,-2.2,-0.477,-2.65,6,-3.12,-1.4,-0.64,3.52,1,1.52,-2.59,-1.84,1,0.656,-3.46,0.0447,3.62,6,-2.63,-1.58,-1.93,1,-1.97,1.65,-2.68,1,-3.6,-0.000774,0.903,3.72,6,-2.87,2.35,-0.221,1,0.816,-2.57,2.83,1,3.15,-0.204,-2.31,8,-0.18,3.97,-0.922,8,-1.9,2.23,2.84,1,1.56,-1.72,-3.39,-0.555,-3.87,1.26,4.15,1,-1.85,-0.601,-3.66,1,-3.48,-2.26,-0.0789,4.26,1,-1.76,3.77,0.941,4.36,-2.6,-2.56,-2.37,4.44,-3.03,3.09,-1.01,4.44,-3.71,2.4,0.477,0,0,0,0,0,0,0,-1835,3154.529265,-41,cis-Pt(Me 2 NH) 2 (benzmal),neutral,sq-pl,org,[Pt@SP1]1([NH+](C)C)([NH+](C)C)OC(=O)C(C(=O)O1)Cc1ccccc1,https://doi.org/10.1002/jcc.24461
83,2,8,-1.5,0.731,-1.11,2.01,8,-1.24,-1.05,1.18,2.09,7,1.68,-0.583,1.11,2.1,7,1.37,1.28,-0.951,2.47,1,1.15,2.15,-0.447,1,1.95,-1.47,0.668,2.9,6,2.73,0.418,0.886,2.91,2.72,0.847,-0.583,2.92,6,-2.6,0.0978,-1.33,6,-2.42,-1.42,0.831,2.96,6,0.0474,-1.89,-2.28,6,-0.798,-2.53,-1.38,3.03,6,1.44,-0.846,2.53,3.09,6,1.21,1.56,-2.38,1,0.621,-1.55,2.63,1,0.172,1.82,-2.57,3.2,6,-2.87,-1.25,-0.633,1,2.51,1.28,1.52,1,2.98,-0.0061,-1.22,1,1.15,0.0763,3.03,1,-0.384,-1.3,-3.08,1,1.46,0.671,-2.95,6,1.42,-2.08,-2.22,6,-0.228,-3.34,-0.391,3.64,6,-2.29,-2.41,-1.48,6,1.14,-3.51,-0.322,3.72,6,1.97,-2.89,-1.24,1,3.72,0.0307,1.16,1,3.46,1.64,-0.75,3.96,1,-0.871,-3.85,0.311,1,2.06,-1.64,-2.98,1,2.34,-1.25,3.02,1,1.86,2.38,-2.7,8,-3.43,0.514,-2.12,8,-3.17,-1.98,1.61,-3.96,-1.37,-0.641,4.25,1,-2.58,-2.24,-2.52,1,1.56,-4.16,0.437,4.47,1,-2.75,-3.33,-1.13,4.48,3.04,-3.06,-1.22,0,0,0,0,0,0,0,0,0,0,0,0,0,0,0,-1926,3207.259533,-27,cis-Pt(Me 2 en) 2(benzmal),neutral,sq-pl,org,[Pt@SP1]12(OC(=O)C(C(=O)O1)Cc1ccccc1)[NH+](CC[NH+]2C)C,https://doi.org/10.1002/jcc.24461
84,2.01,8,-1.3,0.0459,1.53,2.01,8,-0.206,1.95,-0.44,2.08,7,0.455,-1.97,0.472,2.09,7,1.56,-0.14,-1.39,2.86,6,1.24,-1.92,1.71,6,1.25,-2.48,-0.656,2.89,6,2.25,-1.42,-1.14,2.92,2.48,0.981,-1.19,2.94,1,2.11,-1.27,1.6,6,1.05,-0.0802,-2.75,2.95,6,-2.11,1.01,1.8,6,-1.1,2.75,0.0465,2.99,1,0.607,-1.52,2.5,3,6,-0.705,-2.83,0.704,1,2.87,0.975,-0.167,1,1.94,1.91,-1.34,3.04,1,0.479,0.842,-2.88,6,-2.8,-0.491,-1.13,1,-1.32,-2.39,1.49,1,0.377,-0.918,-2.95,1,0.565,-2.73,-1.47,1,-1.3,-2.91,-0.202,1,-3.1,-0.927,-0.193,6,-2.3,2.18,0.818,3.29,1,3.01,-1.27,-0.378,6,-2.89,0.89,-1.31,3.53,6,-2.44,-1.31,-2.2,6,-3.39,1.78,-0.212,1,1.79,-3.4,-0.37,3.86,1,2.75,-1.78,-2.05,1,1.58,-2.93,2,6,-2.56,1.43,-2.55,1,3.32,0.929,-1.89,1,1.87,-0.0994,-3.48,1,-0.392,-3.84,1.01,-2.43,-2.38,-2.08,4.08,8,-2.79,0.996,2.82,8,-1.05,3.95,-0.15,4.12,6,-2.15,-0.76,-3.44,4.26,-2.19,0.614,-3.6,4.28,-2.71,3,1.41,4.41,-4.2,1.29,0.33,4.5,1,-2.61,-0.654,5.08,-1.96,0,-1930,3201.550501,-26,cis-Pt(Me 4 en) 2(benzmal),neutral,sq-pl,org,[Pt@SP1]12(OC(=O)C(C(=O)O1)Cc1ccccc1)[N+](C)(CC[N+]2(C)C)C,https://doi.org/10.1002/jcc.24461
85,2.01,8,1.97,0.257,0.297,2.02,8,0.00549,0.825,-1.84,2.12,7,0.141,-0.998,1.86,2.12,7,-2.03,-0.366,-0.469,2.43,1,0.207,2.4,0.339,1,1.11,-0.741,2.08,2.47,1,-2.04,0.0759,-1.4,2.6,-0.372,-2.29,-1.19,2.65,1,0.128,-2.01,1.72,1,-2.72,0.116,0.108,2.84,1,-1.04,1.37,2.27,6,2.63,1.18,-0.332,2.91,6,0.92,1.67,-2.19,3.05,6,-2.39,-1.78,-0.63,6,1.82,2.25,-1.09,6,-0.717,-0.628,3,3.22,6,0.959,3.07,-0.118,6,-1.39,-2.46,-1.55,1,-2.38,-2.26,0.356,6,-0.7,0.881,3.18,1,-1.74,-0.969,2.79,1,-1.46,-2.04,-2.55,1,0.308,1.22,3.4,1,0.422,3.83,-0.686,4.03,1,-3.4,-1.88,-1.04,8,3.84,1.24,-0.289,4.05,8,1.03,2.05,-3.34,1,2.32,2.96,1.54,1,-0.375,-1.12,3.92,4.18,1,2.55,2.91,-1.58,1,-1.57,-3.53,-1.61,6,1.78,3.73,0.982,1,-1.35,1.17,4,1,0.158,3.9,2.39,6,0.914,4.55,1.94,2.53,4.38,0.525,5.51,1,0.39,5.32,1.37,1,2.27,4.44,3.62,6.26,6,1.74,5.19,3.04,6.88,2.48,5.87,2.61,6.95,1.11,5.77,3.71,0,0,0,0,0,0,0,0,0,0,0,-1827,3337.961232,-21,cis-Pt(EtNH 2) 2(bumal) 2,neutral,sq-pl,org,[Pt@SP1]1(OC(=O)C(C(=O)O1)CCCC)([NH2+]CC)[NH2+]CC,https://doi.org/10.1002/jcc.24461
86,2.01,8,1.08,1.5,0.802,2.02,8,-0.951,1.21,-1.31,2.1,7,1.14,-1.13,1.35,2.1,7,-1.1,-1.46,-1.03,2.35,1,-1.62,1.06,1.33,1,1.82,-0.385,1.54,2.43,1,-1.75,-0.8,-1.49,2.89,0.608,2.7,0.828,2.89,6,-1.17,2.45,-1,1,0.206,-1.3,-2.66,2.98,6,-0.324,-2.08,-2.11,6,0.461,-1.43,2.61,3.05,1,0.00718,-0.514,3,3.06,6,-0.871,2.9,0.443,6,1.88,-2.29,0.859,6,-1.9,-2.45,-0.305,3.14,6,-1.8,2.15,1.41,1,2.4,-2.03,-0.0627,1,-2.5,-1.95,0.458,1,0.399,-2.78,-1.69,1,-0.319,-2.17,2.45,1,1.2,-3.12,0.665,1,-1.24,-3.17,0.176,1,-2.84,2.34,1.12,3.96,1,-0.972,-2.62,-2.8,1,1.16,-1.81,3.36,4,1,-0.539,2.43,3.14,8,1.28,3.64,1.19,1,2.62,-2.63,1.59,4.05,8,-1.65,3.23,-1.8,1,-2.57,-2.99,-0.976,1,-1.07,3.97,0.494,6,-1.59,2.58,2.86,1,-2.29,0.729,3.72,6,-2.48,1.8,3.82,-1.8,3.65,2.96,5.38,1,-3.53,1.97,3.56,1,-1.22,2.05,5.56,6.15,6,-2.25,2.22,5.27,6.78,-2.47,3.27,5.4,6.81,-2.89,1.65,5.94,0,0,0,0,0,0,0,0,0,0,0,-1826,3434.341458,-21,cis-Pt(Me 2 NH) 2 (bumal) 2,neutral,sq-pl,org,[Pt@SP1]1(OC(=O)C(C(=O)O1)CCCC)([NH+](C)C)[NH+](C)C,https://doi.org/10.1002/jcc.24461
87,2.01,8,0.81,0.376,1.8,2.02,8,1.5,0.957,-0.944,2.1,7,-0.852,-0.577,-1.83,2.11,7,-1.51,-1.21,0.833,2.33,1,-0.452,2.28,0.171,1,-0.192,-1.29,-2.15,2.6,1,-2.26,-0.588,1.16,2.89,-2.02,-2.05,-0.263,2.9,6,1.51,1.44,2.01,6,-2.15,-1.21,-1.54,2.91,6,2.13,1.95,-0.403,6,-1.06,-1.99,1.98,3.04,6,-0.932,0.457,-2.86,3.1,6,1.55,2.52,0.912,1,-2.4,1.76,0.857,1,-0.658,-1.32,2.73,3.13,1,0.0588,0.89,-3,6,0.149,3.08,0.639,1,-0.262,-2.66,1.67,1,-1.3,-2.85,-0.428,1,-2.88,-0.414,-1.39,1,-1.61,1.24,-2.54,1,-2.99,-2.5,-0.00872,1,-2.49,-1.84,-2.37,3.9,1,0.229,3.9,-0.0856,1,-0.375,2.87,2.72,4,1,-1.88,-2.58,2.41,1,-1.29,0.0497,-3.81,6,-2.78,2.38,1.67,4.05,8,2.1,1.62,3.06,8,3.09,2.47,-0.926,6,-0.556,3.57,1.9,1,-2.63,1.85,2.61,1,2.22,3.31,1.26,6,-2.07,3.72,1.7,-3.85,2.52,1.52,4.89,1,-2.26,4.26,0.769,1,-0.13,4.53,2.2,5.58,1,-2.48,4.32,2.52,0,0,0,0,0,0,0,0,0,0,0,0,0,0,0,0,0,0,0,-1923,3495.502338,-13,cis-Pt(Me 2 en) 2(bumal) 2,neutral,sq-pl,org,[Pt@SP1]12([NH+](CC[NH+]1C)C)OC(=O)C(C(=O)O2)CCCC,https://doi.org/10.1002/jcc.24461
88,2.01,8,1.72,-0.485,0.924,2.02,8,0.985,0.559,-1.67,2.08,7,-1.83,0.364,-0.918,2.08,7,-1.12,-0.692,1.61,2.35,1,0.861,2.11,0.583,6,-1.99,-0.663,-1.95,2.88,6,-2.51,-0.853,1.13,2.88,-2.86,0.251,0.125,2.9,6,2.82,0.144,0.669,6,2.17,1.08,-1.61,2.92,6,-1.05,0.283,2.7,6,-0.594,-1.97,2.09,2.96,1,-1.16,-0.578,-2.65,2.96,6,-1.88,1.68,-1.55,1,-1.96,-1.66,-1.51,1,-0.0108,0.411,3,3.04,1,0.446,-1.84,2.38,1,-1.45,1.25,2.38,1,-0.618,-2.71,1.28,1,-1.07,1.75,-2.28,6,2.74,1.4,-0.22,1,-1.74,2.47,-0.81,6,1.89,2.49,0.45,1,-2.58,-1.83,0.633,3.24,1,-2.93,1.21,0.648,1,1.85,3.36,-0.212,3.86,1,-3.85,0.0441,-0.322,1,-3.22,-0.843,1.96,1,-2.94,-0.534,-2.49,3.93,1,-1.63,-0.0604,3.57,1,-1.17,-2.35,2.94,1,-2.84,1.84,-2.06,8,3.88,-0.2,1.14,8,2.79,1.36,-2.61,1,2.56,2.02,2.44,3.76,1.76,-0.363,4.21,6,2.45,2.9,1.81,1,0.557,3.49,2.65,4.91,6,1.55,3.92,2.51,5.08,3.45,3.33,1.67,5.35,1.44,4.8,1.87,6.11,2.23,3.47,4.51,6.18,6,2.12,3.74,0,0,0,-1922,3497.776712,-27,cis-Pt(Me 4 en) 2(bumal) 2,neutral,sq-pl,org,[Pt@SP1]12([N+](CC[N+]1(C)C)(C)C)OC(=O)C(C(=O)O2)CCCC,https://doi.org/10.1002/jcc.24461
89,2.01,8,1.14,1.1,1.24,2.01,8,1.51,-1.2,-0.585,2.1,7,-1.09,-1.25,-1.29,2.12,7,-1.54,1.22,0.817,2.46,1,-0.916,1.86,1.32,1,-0.561,-2.12,-1.2,2.54,1,-0.865,-0.879,-2.22,2.63,-1.03,-0.988,2.2,2.72,1,-2.07,1.77,0.142,6,2.4,1.28,1.04,2.92,6,2.74,-0.833,-0.546,6,0.635,2.41,-1.55,2.99,6,1.61,1.52,-2,3.08,6,-2.43,0.586,1.8,6,3.11,0.612,-0.155,6,-2.53,-1.53,-1.22,3.21,6,-1.62,-0.257,2.76,6,-0.624,2.43,-2.14,1,0.887,3.13,-0.787,6,1.29,0.646,-3.03,1,-2.75,-1.97,-0.24,1,-3.07,-0.591,-1.32,1,-3.15,-0.0411,1.26,1,-0.928,0.372,3.32,3.64,6,2.99,1.52,-1.4,6,-0.929,1.56,-3.17,3.67,6,0.0323,0.664,-3.61,1,-1.35,3.16,-1.82,1,2.04,-0.0428,-3.4,4.04,1,-2.99,1.35,2.35,8,3.05,2.03,1.75,8,3.64,-1.59,-0.877,1,-2.26,-0.779,3.46,1,4.17,0.591,0.113,1,3.27,2.53,-1.11,-1.9,1.59,-3.64,4.44,1,3.7,1.16,-2.15,1,-0.189,-0.0031,-4.44,4.52,6,-2.97,-2.5,-2.32,4.77,-2.43,-3.44,-2.23,4.78,-2.77,-2.08,-3.3,5.34,-4.03,-2.7,-2.24,0,0,0,0,0,0,0,-1833,3160.715688,-0.041,cis-Pt(EtNH 2) 2(benzmal),neutral,sq-pl,org,[Pt]1([N](CC)([H])[H])(OC(C(C(O1)=O)CC2=CC=CC=C2)=O)[N](CC)([H])[H],https://doi.org/10.1002/jcc.24461
90,1.82,7,-1.8,0.0239,-0.265,2.36,17,-0.0022,2.31,-0.446,2.36,17,-0.193,-2.31,0.425,2.43,17,2.4,-0.0324,0.35,2.64,8,-2.24,-0.173,-1.4,8,-2.54,0.236,0.698,0,0,0,0,0,0,0,0,0,0,0,0,0,0,0,0,0,0,0,0,0,0,0,0,0,0,0,0,0,0,0,0,0,0,0,0,0,0,0,0,0,0,0,0,0,0,0,0,0,0,0,0,0,0,0,0,0,0,0,0,0,0,0,0,0,0,0,0,0,0,0,0,0,0,0,0,0,0,0,0,0,0,0,0,0,0,0,0,0,0,0,0,0,0,0,0,0,0,0,0,0,0,0,0,0,0,0,0,0,0,0,0,0,0,0,0,0,0,0,0,0,0,0,0,0,0,0,0,0,0,0,0,0,0,0,0,0,0,0,0,0,0,0,0,0,0,0,0,0,0,0,0,0,0,0,0,0,0,0,0,-2000,-1671,197.9955475,65,[Pt(NO 2)Cl 3 ]2-,anion,sq-pl,hal-inorg,[Pt@SP1](N(=O)=O)(Cl)(Cl)Cl,https://doi.org/10.1002/jcc.24461
91,1.82,7,-1.81,-0.047,-0.16,2.39,17,-0.0769,-2.3,-0.66,2.39,17,-0.31,2.29,0.629,2.51,35,2.5,0.0644,0.224,2.64,8,-2.48,-0.358,0.824,8,-2.31,0.233,-1.25,0,0,0,0,0,0,0,0,0,0,0,0,0,0,0,0,0,0,0,0,0,0,0,0,0,0,0,0,0,0,0,0,0,0,0,0,0,0,0,0,0,0,0,0,0,0,0,0,0,0,0,0,0,0,0,0,0,0,0,0,0,0,0,0,0,0,0,0,0,0,0,0,0,0,0,0,0,0,0,0,0,0,0,0,0,0,0,0,0,0,0,0,0,0,0,0,0,0,0,0,0,0,0,0,0,0,0,0,0,0,0,0,0,0,0,0,0,0,0,0,0,0,0,0,0,0,0,0,0,0,0,0,0,0,0,0,0,0,0,0,0,0,0,0,0,0,0,0,0,0,0,0,0,0,0,0,0,0,0,0,-2000,-1828,639.6576832,13,trans-[Pt(NO2 )Cl 2Br] 2-,anion,sq-pl,hal-inorg,[Pt@SP1](Cl)(N(=O)=O)(Cl)Br,https://doi.org/10.1002/jcc.24461
92,1.82,7,1.81,0.0606,-0.0759,2.37,17,0.112,2.3,0.572,2.45,35,0.0796,-2.37,-0.599,2.45,17,-2.45,0.04,0.135,2.64,8,2.46,-0.167,0.952,8,2.35,0.359,-1.15,0,0,0,0,0,0,0,0,0,0,0,0,0,0,0,0,0,0,0,0,0,0,0,0,0,0,0,0,0,0,0,0,0,0,0,0,0,0,0,0,0,0,0,0,0,0,0,0,0,0,0,0,0,0,0,0,0,0,0,0,0,0,0,0,0,0,0,0,0,0,0,0,0,0,0,0,0,0,0,0,0,0,0,0,0,0,0,0,0,0,0,0,0,0,0,0,0,0,0,0,0,0,0,0,0,0,0,0,0,0,0,0,0,0,0,0,0,0,0,0,0,0,0,0,0,0,0,0,0,0,0,0,0,0,0,0,0,0,0,0,0,0,0,0,0,0,0,0,0,0,0,0,0,0,0,0,0,0,0,0,-2000,-1878,868.8094025,33,cis-[Pt(NO 2 )Cl 2Br]2-,anion,sq-pl,hal-inorg,[Pt@SP1](Br)(N(=O)=O)(Cl)Cl,https://doi.org/10.1002/jcc.24461
93,1.82,7,1.79,-0.282,0.162,2.41,17,0.422,-0.305,-2.35,2.47,35,-0.0834,0.258,2.46,2.53,35,-2.48,0.382,-0.331,2.63,8,2.54,0.69,0.0948,8,2.19,-1.44,0.306,0,0,0,0,0,0,0,0,0,0,0,0,0,0,0,0,0,0,0,0,0,0,0,0,0,0,0,0,0,0,0,0,0,0,0,0,0,0,0,0,0,0,0,0,0,0,0,0,0,0,0,0,0,0,0,0,0,0,0,0,0,0,0,0,0,0,0,0,0,0,0,0,0,0,0,0,0,0,0,0,0,0,0,0,0,0,0,0,0,0,0,0,0,0,0,0,0,0,0,0,0,0,0,0,0,0,0,0,0,0,0,0,0,0,0,0,0,0,0,0,0,0,0,0,0,0,0,0,0,0,0,0,0,0,0,0,0,0,0,0,0,0,0,0,0,0,0,0,0,0,0,0,0,0,0,0,0,0,0,0,-2000,-2057,920.5140732,-19,cis-[Pt(NO 2 )ClBr 2 ]2-,anion,sq-pl,hal-inorg,[Pt@SP1](Br)(Br)(N(=O)=O)Cl,https://doi.org/10.1002/jcc.24461
94,1.82,7,-1.72,0.359,-0.472,2.48,35,-0.576,0.752,2.29,2.48,35,0.392,-0.711,-2.34,2.48,17,2.34,-0.49,0.644,2.63,8,-2.55,-0.539,-0.363,8,-1.98,1.49,-0.886,0,0,0,0,0,0,0,0,0,0,0,0,0,0,0,0,0,0,0,0,0,0,0,0,0,0,0,0,0,0,0,0,0,0,0,0,0,0,0,0,0,0,0,0,0,0,0,0,0,0,0,0,0,0,0,0,0,0,0,0,0,0,0,0,0,0,0,0,0,0,0,0,0,0,0,0,0,0,0,0,0,0,0,0,0,0,0,0,0,0,0,0,0,0,0,0,0,0,0,0,0,0,0,0,0,0,0,0,0,0,0,0,0,0,0,0,0,0,0,0,0,0,0,0,0,0,0,0,0,0,0,0,0,0,0,0,0,0,0,0,0,0,0,0,0,0,0,0,0,0,0,0,0,0,0,0,0,0,0,0,-2000,-2104,312.0028078,4,trans-[Pt(NO2 )ClBr 2 ]2-,anion,sq-pl,hal-inorg,[Pt@SP1](Br)(Cl)(Br)N(=O)=O,https://doi.org/10.1002/jcc.24461
95,1.82,7,1.73,-0.0734,0.536,2.51,35,0.904,0.339,-2.31,2.51,35,-0.588,-0.346,2.41,2.55,35,-2.44,0.0987,-0.755,2.63,8,2.29,-1.17,0.553,8,2.29,0.976,0.863,0,0,0,0,0,0,0,0,0,0,0,0,0,0,0,0,0,0,0,0,0,0,0,0,0,0,0,0,0,0,0,0,0,0,0,0,0,0,0,0,0,0,0,0,0,0,0,0,0,0,0,0,0,0,0,0,0,0,0,0,0,0,0,0,0,0,0,0,0,0,0,0,0,0,0,0,0,0,0,0,0,0,0,0,0,0,0,0,0,0,0,0,0,0,0,0,0,0,0,0,0,0,0,0,0,0,0,0,0,0,0,0,0,0,0,0,0,0,0,0,0,0,0,0,0,0,0,0,0,0,0,0,0,0,0,0,0,0,0,0,0,0,0,0,0,0,0,0,0,0,0,0,0,0,0,0,0,0,0,0,-2000,-2303,391.1970695,-48,[Pt(NO 2)Br 3] 2-,anion,sq-pl,hal-inorg,[Pt@SP1](Br)(Br)(N(=O)=O)Br,https://doi.org/10.1002/jcc.24461
96,1.89,7,0.605,-1.29,1.25,1.89,7,-0.82,0.959,1.41,2.39,17,1.03,-1.28,-1.74,2.39,17,-0.803,1.66,-1.52,2.72,8,-0.181,1.83,2.01,8,1.71,-1.14,1.79,2.72,8,-0.107,-2.26,1.52,2.72,-1.99,0.702,1.73,0,0,0,0,0,0,0,0,0,0,0,0,0,0,0,0,0,0,0,0,0,0,0,0,0,0,0,0,0,0,0,0,0,0,0,0,0,0,0,0,0,0,0,0,0,0,0,0,0,0,0,0,0,0,0,0,0,0,0,0,0,0,0,0,0,0,0,0,0,0,0,0,0,0,0,0,0,0,0,0,0,0,0,0,0,0,0,0,0,0,0,0,0,0,0,0,0,0,0,0,0,0,0,0,0,0,0,0,0,0,0,0,0,0,0,0,0,0,0,0,0,0,0,0,0,0,0,0,0,0,0,0,0,0,0,0,0,0,0,0,0,0,0,0,0,0,0,0,0,0,0,-2000,-1797,26.41117113,13,trans-[Pt(NO2 )2 Cl2 ]2-,anion,sq-pl,hal-inorg,[Pt@SP1](Cl)(N(=O)=O)(Cl)N(=O)=O,https://doi.org/10.1002/jcc.24461
97,1.89,7,1.89,-0.0439,0.00377,1.89,7,-1.89,-0.0541,-0.0536,2.36,17,0.022,-2.11,-1.06,2.43,35,-0.0224,2.17,1.1,2.73,8,2.52,0.399,-0.972,8,-2.49,0.388,-1.05,2.73,8,-2.52,-0.587,0.877,2.73,2.5,-0.57,0.954,0,0,0,0,0,0,0,0,0,0,0,0,0,0,0,0,0,0,0,0,0,0,0,0,0,0,0,0,0,0,0,0,0,0,0,0,0,0,0,0,0,0,0,0,0,0,0,0,0,0,0,0,0,0,0,0,0,0,0,0,0,0,0,0,0,0,0,0,0,0,0,0,0,0,0,0,0,0,0,0,0,0,0,0,0,0,0,0,0,0,0,0,0,0,0,0,0,0,0,0,0,0,0,0,0,0,0,0,0,0,0,0,0,0,0,0,0,0,0,0,0,0,0,0,0,0,0,0,0,0,0,0,0,0,0,0,0,0,0,0,0,0,0,0,0,0,0,0,0,0,0,-2000,-1994,856.1046382,-56,trans-[Pt(NO2 )2 ClBr]2-,anion,sq-pl,hal-inorg,[Pt@SP1](N(=O)=O)(Cl)(N(=O)=O)Br,https://doi.org/10.1002/jcc.24461
98,1.89,7,-1.88,-0.0784,0.187,1.89,7,1.88,0.078,-0.186,2.46,35,-0.0335,2.37,0.656,2.46,35,0.0334,-2.37,-0.659,2.73,8,-2.38,-0.389,1.28,8,2.61,-0.182,0.79,2.73,8,-2.61,0.181,-0.787,2.73,2.38,0.388,-1.28,0,0,0,0,0,0,0,0,0,0,0,0,0,0,0,0,0,0,0,0,0,0,0,0,0,0,0,0,0,0,0,0,0,0,0,0,0,0,0,0,0,0,0,0,0,0,0,0,0,0,0,0,0,0,0,0,0,0,0,0,0,0,0,0,0,0,0,0,0,0,0,0,0,0,0,0,0,0,0,0,0,0,0,0,0,0,0,0,0,0,0,0,0,0,0,0,0,0,0,0,0,0,0,0,0,0,0,0,0,0,0,0,0,0,0,0,0,0,0,0,0,0,0,0,0,0,0,0,0,0,0,0,0,0,0,0,0,0,0,0,0,0,0,0,0,0,0,0,0,0,0,-2000,-2209,1.422262106,-86,trans-[Pt(NO2 )2 Br2 ]2-,anion,sq-pl,hal-inorg,[Pt@SP1](N(=O)=O)(Br)(N(=O)=O)Br,https://doi.org/10.1002/jcc.24461
99,1.89,7,1.88,0.0047,-0.218,1.89,7,0.0452,-1.88,0.224,2.39,17,-2.37,-0.0772,0.28,2.39,17,0.0136,2.37,-0.292,2.72,8,0.184,-2.36,1.36,8,2.36,-0.124,-1.35,2.72,8,2.61,0.135,0.771,2.72,-0.0603,-2.62,-0.762,0,0,0,0,0,0,0,0,0,0,0,0,0,0,0,0,0,0,0,0,0,0,0,0,0,0,0,0,0,0,0,0,0,0,0,0,0,0,0,0,0,0,0,0,0,0,0,0,0,0,0,0,0,0,0,0,0,0,0,0,0,0,0,0,0,0,0,0,0,0,0,0,0,0,0,0,0,0,0,0,0,0,0,0,0,0,0,0,0,0,0,0,0,0,0,0,0,0,0,0,0,0,0,0,0,0,0,0,0,0,0,0,0,0,0,0,0,0,0,0,0,0,0,0,0,0,0,0,0,0,0,0,0,0,0,0,0,0,0,0,0,0,0,0,0,0,0,0,0,0,0,-2000,-1797,27.18427771,13,cis-[Pt(NO 2 )2Cl 2 ]2-,anion,sq-pl,hal-inorg,[Pt@SP1](N(=O)=O)(N(=O)=O)(Cl)Cl,https://doi.org/10.1002/jcc.24461
100,1.89,7,-1.89,0.00175,-0.0403,1.9,7,-0.0525,1.88,-0.272,2.42,17,2.41,0.215,0.0191,2.48,35,0.0342,-2.45,0.349,2.72,8,-2.47,-0.136,-1.12,8,-2.52,0.171,1.01,2.73,8,-0.0445,2.33,-1.42,2.73,-0.0871,2.64,0.704,0,0,0,0,0,0,0,0,0,0,0,0,0,0,0,0,0,0,0,0,0,0,0,0,0,0,0,0,0,0,0,0,0,0,0,0,0,0,0,0,0,0,0,0,0,0,0,0,0,0,0,0,0,0,0,0,0,0,0,0,0,0,0,0,0,0,0,0,0,0,0,0,0,0,0,0,0,0,0,0,0,0,0,0,0,0,0,0,0,0,0,0,0,0,0,0,0,0,0,0,0,0,0,0,0,0,0,0,0,0,0,0,0,0,0,0,0,0,0,0,0,0,0,0,0,0,0,0,0,0,0,0,0,0,0,0,0,0,0,0,0,0,0,0,0,0,0,0,0,0,0,-2000,-1949,822.5555356,-32,cis-[Pt(NO 2 )2ClBr]2-,anion,sq-pl,hal-inorg,[Pt@SP1](N(=O)=O)(N(=O)=O)(Br)Cl,https://doi.org/10.1002/jcc.24461
101,1.9,7,-1.87,-0.0508,0.338,1.9,7,0.00401,-1.87,0.338,2.51,35,-0.164,2.47,-0.415,2.51,35,2.47,-0.0926,-0.421,2.73,8,0.181,-2.28,1.49,8,-2.65,-0.266,-0.596,2.73,8,-2.28,0.113,1.49,2.73,-0.189,-2.65,-0.596,0,0,0,0,0,0,0,0,0,0,0,0,0,0,0,0,0,0,0,0,0,0,0,0,0,0,0,0,0,0,0,0,0,0,0,0,0,0,0,0,0,0,0,0,0,0,0,0,0,0,0,0,0,0,0,0,0,0,0,0,0,0,0,0,0,0,0,0,0,0,0,0,0,0,0,0,0,0,0,0,0,0,0,0,0,0,0,0,0,0,0,0,0,0,0,0,0,0,0,0,0,0,0,0,0,0,0,0,0,0,0,0,0,0,0,0,0,0,0,0,0,0,0,0,0,0,0,0,0,0,0,0,0,0,0,0,0,0,0,0,0,0,0,0,0,0,0,0,0,0,0,-2000,-2120,979.5111651,-78,cis-[Pt(NO 2 )2Br 2] 2-,anion,sq-pl,hal-inorg,[Pt@SP1](N(=O)=O)(Br)(Br)N(=O)=O,https://doi.org/10.1002/jcc.24461
102,1.92,7,-0.000756,-1.78,-0.736,1.94,7,1.92,-0.0801,0.232,1.94,7,-1.92,0.107,-0.217,2.37,17,0.000313,2.18,0.909,2.76,8,0.509,-1.99,-1.84,8,-0.512,-2.71,-0.101,2.76,8,-2.39,0.376,-1.34,2.77,2.39,-0.685,1.21,2.79,8,2.69,0.475,-0.568,8,-2.69,-0.0676,0.742,0,0,0,0,0,0,0,0,0,0,0,0,0,0,0,0,0,0,0,0,0,0,0,0,0,0,0,0,0,0,0,0,0,0,0,0,0,0,0,0,0,0,0,0,0,0,0,0,0,0,0,0,0,0,0,0,0,0,0,0,0,0,0,0,0,0,0,0,0,0,0,0,0,0,0,0,0,0,0,0,0,0,0,0,0,0,0,0,0,0,0,0,0,0,0,0,0,0,0,0,0,0,0,0,0,0,0,0,0,0,0,0,0,0,0,0,0,0,0,0,0,0,0,0,0,0,0,0,0,0,0,0,0,0,0,0,0,0,0,0,0,0,-2000,-1949,57.77739043,-66,[Pt(NO 2)3 Cl] 2-,anion,sq-pl,hal-inorg,[Pt@SP1](N(=O)=O)(N(=O)=O)(Cl)N(=O)=O,https://doi.org/10.1002/jcc.24461
103,1.96,7,-0.0688,-1.93,0.325,1.96,7,-1.92,0.00319,-0.386,1.96,7,1.92,-0.00343,0.385,1.96,7,0.0686,1.93,-0.324,2.79,8,0.201,-2.38,1.45,8,0.752,2.38,-1.26,2.79,8,2.7,-0.646,-0.336,2.79,-2.73,-0.312,0.496,2.79,8,-2.32,0.32,-1.51,8,2.36,0.637,1.35,2.79,8,-0.382,-2.7,-0.591,8,-0.571,2.7,0.401,0,0,0,0,0,0,0,0,0,0,0,0,0,0,0,0,0,0,0,0,0,0,0,0,0,0,0,0,0,0,0,0,0,0,0,0,0,0,0,0,0,0,0,0,0,0,0,0,0,0,0,0,0,0,0,0,0,0,0,0,0,0,0,0,0,0,0,0,0,0,0,0,0,0,0,0,0,0,0,0,0,0,0,0,0,0,0,0,0,0,0,0,0,0,0,0,0,0,0,0,0,0,0,0,0,0,0,0,0,0,0,0,0,0,0,0,0,0,0,0,0,0,0,0,0,0,0,0,0,0,0,0,0,-2000,-2187,0.521702148,-125,[Pt(NO2)4] 2-,anion,sq-pl,inorg,[Pt@SP1](N(=O)=O)(N(=O)=O)(N(=O)=O)N(=O)=O,https://doi.org/10.1002/jcc.24461
104,2.08,7,0.103,-1.15,-1.73,2.08,7,-1.72,-1.02,0.577,2.08,7,1.72,1.02,-0.577,2.08,7,-0.103,1.15,1.73,2.64,1,-2.52,-0.384,0.681,1,-1.59,-1.49,1.48,2.64,1,-0.188,2.15,1.51,2.64,-0.737,-1.04,-2.31,2.64,1,0.188,-2.15,-1.51,1,2.52,0.384,-0.682,2.64,1,0.737,1.04,2.31,1,1.59,1.5,-1.48,2.68,1,2.03,1.74,0.0794,2.68,1,0.894,-0.932,-2.34,1,-0.894,0.932,2.34,1,-2.03,-1.75,-0.0785,0,0,0,0,0,0,0,0,0,0,0,0,0,0,0,0,0,0,0,0,0,0,0,0,0,0,0,0,0,0,0,0,0,0,0,0,0,0,0,0,0,0,0,0,0,0,0,0,0,0,0,0,0,0,0,0,0,0,0,0,0,0,0,0,0,0,0,0,0,0,0,0,0,0,0,0,0,0,0,0,0,0,0,0,0,0,0,0,0,0,0,0,0,0,0,0,0,0,0,0,0,0,0,0,0,0,0,0,0,0,0,0,0,0,0,2000,-2580,0.201939937,45,[Pt(NH3)4] 2+,cation,sq-pl,org,[Pt@SP1]([NH3+])([NH3+])([NH3+])[NH3+],https://doi.org/10.1002/ejic.202000474
105,2.06,7,-0.133,2.05,-0.0666,2.06,7,-0.113,-2.06,0.0656,2.2,7,2.2,0.0106,0.0173,2.24,17,-2.24,-0.011,0.00237,2.5,1,-1.14,2.22,0.0209,1,-1.12,-2.23,0.185,2.64,1,0.172,-2.51,-0.805,2.64,0.167,2.46,-0.955,2.66,1,0.333,2.55,0.696,1,0.376,-2.5,0.844,2.72,1,2.53,0.0172,0.978,1,2.59,-0.809,-0.442,2.75,1,2.58,0.828,-0.451,0,0,0,0,0,0,0,0,0,0,0,0,0,0,0,0,0,0,0,0,0,0,0,0,0,0,0,0,0,0,0,0,0,0,0,0,0,0,0,0,0,0,0,0,0,0,0,0,0,0,0,0,0,0,0,0,0,0,0,0,0,0,0,0,0,0,0,0,0,0,0,0,0,0,0,0,0,0,0,0,0,0,0,0,0,0,0,0,0,0,0,0,0,0,0,0,0,0,0,0,0,0,0,0,0,0,0,0,0,0,0,0,0,0,0,0,0,0,0,0,0,0,0,0,0,0,0,0,1000,-2353,1525.422527,-34,[Pt(NH3)3Cl]+,cation,sq-pl,hal-org,[Pt@SP1]([NH3+])([NH3+])([NH3+])Cl,https://doi.org/10.1002/ejic.202000474
106,2.07,7,-0.105,2.06,-0.0999,2.07,7,-0.046,-2.07,0.0917,2.2,7,2.2,0.0427,0.132,2.37,35,-2.37,-0.0647,-0.141,2.55,1,-1.1,2.29,-0.17,1,-0.641,-2.32,0.889,2.56,1,-0.541,-2.39,-0.746,2.65,0.353,2.46,-0.923,2.65,1,0.253,2.54,0.733,1,0.829,-2.59,0.169,2.73,1,2.61,-0.468,-0.646,1,2.51,-0.393,0.997,2.77,1,2.58,0.984,0.113,0,0,0,0,0,0,0,0,0,0,0,0,0,0,0,0,0,0,0,0,0,0,0,0,0,0,0,0,0,0,0,0,0,0,0,0,0,0,0,0,0,0,0,0,0,0,0,0,0,0,0,0,0,0,0,0,0,0,0,0,0,0,0,0,0,0,0,0,0,0,0,0,0,0,0,0,0,0,0,0,0,0,0,0,0,0,0,0,0,0,0,0,0,0,0,0,0,0,0,0,0,0,0,0,0,0,0,0,0,0,0,0,0,0,0,0,0,0,0,0,0,0,0,0,0,0,0,0,1000,-2492,1855.791957,-42,[Pt(NH3)3Br]+,cation,sq-pl,hal-org,[Pt@SP1]([NH3+])([NH3+])([NH3+])Br,https://doi.org/10.1002/ejic.202000474
107,2.07,7,-0.0584,2.07,-0.0679,2.07,7,-0.037,-2.07,0.0695,2.2,7,2.18,0.0188,0.251,2.57,53,-2.55,-0.0257,-0.315,2.58,1,-0.866,2.38,0.487,1,-0.79,-2.35,0.71,2.59,1,-0.309,-2.42,-0.856,2.59,-0.25,2.36,-1.03,2.71,1,0.761,2.58,0.265,1,0.813,-2.56,0.358,2.72,1,2.42,0.00794,1.24,1,2.63,-0.789,-0.181,2.75,1,2.62,0.844,-0.16,0,0,0,0,0,0,0,0,0,0,0,0,0,0,0,0,0,0,0,0,0,0,0,0,0,0,0,0,0,0,0,0,0,0,0,0,0,0,0,0,0,0,0,0,0,0,0,0,0,0,0,0,0,0,0,0,0,0,0,0,0,0,0,0,0,0,0,0,0,0,0,0,0,0,0,0,0,0,0,0,0,0,0,0,0,0,0,0,0,0,0,0,0,0,0,0,0,0,0,0,0,0,0,0,0,0,0,0,0,0,0,0,0,0,0,0,0,0,0,0,0,0,0,0,0,0,0,0,1000,-2819,2082.872655,-97,[Pt(NH3)3I]+,cation,sq-pl,hal-org,[Pt@SP1]([NH3+])([NH3+])([NH3+])I,https://doi.org/10.1002/ejic.202000474
108,2.15,7,2.15,0.109,-0.0362,2.15,7,-0.217,-2.13,-0.251,2.24,17,0.142,2.22,0.259,2.24,17,-2.24,-0.028,0.0298,2.51,1,-1.24,-2.17,-0.238,1,2.25,1.12,0.0832,2.74,1,2.58,-0.162,-0.914,2.74,2.62,-0.36,0.732,2.74,1,0.147,-2.69,0.51,1,0.117,-2.5,-1.14,0,0,0,0,0,0,0,0,0,0,0,0,0,0,0,0,0,0,0,0,0,0,0,0,0,0,0,0,0,0,0,0,0,0,0,0,0,0,0,0,0,0,0,0,0,0,0,0,0,0,0,0,0,0,0,0,0,0,0,0,0,0,0,0,0,0,0,0,0,0,0,0,0,0,0,0,0,0,0,0,0,0,0,0,0,0,0,0,0,0,0,0,0,0,0,0,0,0,0,0,0,0,0,0,0,0,0,0,0,0,0,0,0,0,0,0,0,0,0,0,0,0,0,0,0,0,0,0,0,0,0,0,0,0,0,0,0,0,0,0,0,0,0,-2101,2112.069705,-41,cis-[Pt(NH3)2Cl2],neutral,sq-pl,hal-org,[Pt@SP1]([NH3+])([NH3+])(Cl)Cl,https://doi.org/10.1002/ejic.202000474
109,2.16,7,2.14,0.0974,-0.274,2.19,7,-0.176,-2.15,-0.379,2.25,17,0.207,2.21,0.338,2.36,35,-2.34,-0.0301,0.268,2.51,1,2.26,1.1,-0.112,1,-0.848,-2.23,-1.14,2.64,1,-0.625,-2.53,0.452,2.75,2.69,-0.413,0.41,2.75,1,2.47,-0.126,-1.21,1,0.65,-2.69,-0.599,0,0,0,0,0,0,0,0,0,0,0,0,0,0,0,0,0,0,0,0,0,0,0,0,0,0,0,0,0,0,0,0,0,0,0,0,0,0,0,0,0,0,0,0,0,0,0,0,0,0,0,0,0,0,0,0,0,0,0,0,0,0,0,0,0,0,0,0,0,0,0,0,0,0,0,0,0,0,0,0,0,0,0,0,0,0,0,0,0,0,0,0,0,0,0,0,0,0,0,0,0,0,0,0,0,0,0,0,0,0,0,0,0,0,0,0,0,0,0,0,0,0,0,0,0,0,0,0,0,0,0,0,0,0,0,0,0,0,0,0,0,0,0,-2254,2088.590096,-67,cis-[Pt(NH3)2ClBr],neutral,sq-pl,hal-org,[Pt@SP1]([NH3+])([NH3+])(Cl)Br,https://doi.org/10.1002/ejic.202000474
110,2.2,7,2.19,0.0302,-0.168,2.2,7,-0.092,-2.19,-0.145,2.37,35,0.106,2.36,0.139,2.37,35,-2.36,-0.0835,0.17,2.62,1,2.41,1.03,-0.117,1,-0.725,-2.37,-0.922,2.65,1,-0.571,-2.49,0.703,2.77,2.54,-0.329,-1.05,2.77,1,2.67,-0.441,0.595,1,0.754,-2.74,-0.265,0,0,0,0,0,0,0,0,0,0,0,0,0,0,0,0,0,0,0,0,0,0,0,0,0,0,0,0,0,0,0,0,0,0,0,0,0,0,0,0,0,0,0,0,0,0,0,0,0,0,0,0,0,0,0,0,0,0,0,0,0,0,0,0,0,0,0,0,0,0,0,0,0,0,0,0,0,0,0,0,0,0,0,0,0,0,0,0,0,0,0,0,0,0,0,0,0,0,0,0,0,0,0,0,0,0,0,0,0,0,0,0,0,0,0,0,0,0,0,0,0,0,0,0,0,0,0,0,0,0,0,0,0,0,0,0,0,0,0,0,0,0,0,-2428,2059.541845,-93,cis-[Pt(NH3)2Br2],neutral,sq-pl,hal-org,[Pt@SP1]([NH3+])([NH3+])(Br)Br,https://doi.org/10.1002/ejic.202000474
111,2.14,7,2.13,0.0529,-0.254,2.2,7,-0.135,-2.16,-0.367,2.25,17,0.261,2.21,0.354,2.5,1,2.26,1.06,-0.0932,2.56,53,-2.54,0.00565,0.306,1,-0.788,-2.28,-1.14,2.67,1,-0.579,-2.56,0.459,2.74,2.46,-0.178,-1.18,2.74,1,2.66,-0.465,0.437,1,0.716,-2.68,-0.569,0,0,0,0,0,0,0,0,0,0,0,0,0,0,0,0,0,0,0,0,0,0,0,0,0,0,0,0,0,0,0,0,0,0,0,0,0,0,0,0,0,0,0,0,0,0,0,0,0,0,0,0,0,0,0,0,0,0,0,0,0,0,0,0,0,0,0,0,0,0,0,0,0,0,0,0,0,0,0,0,0,0,0,0,0,0,0,0,0,0,0,0,0,0,0,0,0,0,0,0,0,0,0,0,0,0,0,0,0,0,0,0,0,0,0,0,0,0,0,0,0,0,0,0,0,0,0,0,0,0,0,0,0,0,0,0,0,0,0,0,0,0,0,-2615,2047.384079,-121,cis-[Pt(NH3)2ClI],neutral,sq-pl,hal-org,[Pt@SP1]([NH3+])([NH3+])(Cl)I,https://doi.org/10.1002/ejic.202000474
112,2.18,7,2.17,0.0129,-0.166,2.21,7,-0.0771,-2.2,-0.139,2.37,35,0.188,2.36,0.14,2.56,53,-2.56,-0.0223,0.194,2.63,1,2.5,0.511,0.664,1,2.37,0.616,-0.964,2.67,1,-0.572,-2.51,0.695,2.67,-0.678,-2.41,-0.935,2.84,1,2.7,-0.85,-0.262,1,0.784,-2.73,-0.23,0,0,0,0,0,0,0,0,0,0,0,0,0,0,0,0,0,0,0,0,0,0,0,0,0,0,0,0,0,0,0,0,0,0,0,0,0,0,0,0,0,0,0,0,0,0,0,0,0,0,0,0,0,0,0,0,0,0,0,0,0,0,0,0,0,0,0,0,0,0,0,0,0,0,0,0,0,0,0,0,0,0,0,0,0,0,0,0,0,0,0,0,0,0,0,0,0,0,0,0,0,0,0,0,0,0,0,0,0,0,0,0,0,0,0,0,0,0,0,0,0,0,0,0,0,0,0,0,0,0,0,0,0,0,0,0,0,0,0,0,0,0,0,-2830,1996.272378,-151,cis-[Pt(NH3)2BrI],neutral,sq-pl,hal-org,[Pt@SP1]([NH3+])([NH3+])(Br)I,https://doi.org/10.1002/ejic.202000474
113,2.19,7,2.19,-0.0214,-0.167,2.19,7,-0.0422,-2.19,-0.139,2.57,53,0.16,2.56,0.154,2.57,53,-2.56,-0.0864,0.191,2.66,1,-0.53,-2.51,0.697,1,-0.646,-2.4,-0.933,2.66,1,2.41,0.571,-0.966,2.66,2.53,0.46,0.663,2.84,1,2.68,-0.903,-0.264,1,0.824,-2.71,-0.235,0,0,0,0,0,0,0,0,0,0,0,0,0,0,0,0,0,0,0,0,0,0,0,0,0,0,0,0,0,0,0,0,0,0,0,0,0,0,0,0,0,0,0,0,0,0,0,0,0,0,0,0,0,0,0,0,0,0,0,0,0,0,0,0,0,0,0,0,0,0,0,0,0,0,0,0,0,0,0,0,0,0,0,0,0,0,0,0,0,0,0,0,0,0,0,0,0,0,0,0,0,0,0,0,0,0,0,0,0,0,0,0,0,0,0,0,0,0,0,0,0,0,0,0,0,0,0,0,0,0,0,0,0,0,0,0,0,0,0,0,0,0,0,-3309,1955.50152,-207,cis-[Pt(NH3)2I2],neutral,sq-pl,hal-org,[Pt@SP1]([NH3+])([NH3+])(I)I,https://doi.org/10.1002/ejic.202000474
114,2.05,7,2.03,-0.211,-0.18,2.05,7,-2.03,0.212,0.169,2.3,17,0.204,2.29,0.169,2.3,17,-0.204,-2.29,-0.17,2.56,1,2.24,-1.21,-0.273,1,-2.24,1.21,0.271,2.58,1,-2.49,-0.158,-0.664,2.58,2.36,0.294,-1,2.58,1,-2.37,-0.302,0.985,1,2.49,0.168,0.646,0,0,0,0,0,0,0,0,0,0,0,0,0,0,0,0,0,0,0,0,0,0,0,0,0,0,0,0,0,0,0,0,0,0,0,0,0,0,0,0,0,0,0,0,0,0,0,0,0,0,0,0,0,0,0,0,0,0,0,0,0,0,0,0,0,0,0,0,0,0,0,0,0,0,0,0,0,0,0,0,0,0,0,0,0,0,0,0,0,0,0,0,0,0,0,0,0,0,0,0,0,0,0,0,0,0,0,0,0,0,0,0,0,0,0,0,0,0,0,0,0,0,0,0,0,0,0,0,0,0,0,0,0,0,0,0,0,0,0,0,0,0,0,-2174,5.774726215,-21,trans-[Pt(NH3)2Cl2],neutral,sq-pl,hal-org,[Pt@SP1]([NH3+])(Cl)([NH3+])Cl,https://doi.org/10.1039/C3DT53594K
115,2.05,7,-2.03,0.256,0.178,2.05,7,2.04,-0.157,-0.176,2.31,17,0.247,2.29,0.174,2.42,35,-0.259,-2.4,-0.176,2.56,1,-2.21,1.26,0.273,1,2.43,0.788,-0.114,2.6,1,2.29,-0.576,-1.07,2.6,-2.39,-0.236,1,2.6,1,-2.51,-0.104,-0.647,1,2.42,-0.739,0.572,0,0,0,0,0,0,0,0,0,0,0,0,0,0,0,0,0,0,0,0,0,0,0,0,0,0,0,0,0,0,0,0,0,0,0,0,0,0,0,0,0,0,0,0,0,0,0,0,0,0,0,0,0,0,0,0,0,0,0,0,0,0,0,0,0,0,0,0,0,0,0,0,0,0,0,0,0,0,0,0,0,0,0,0,0,0,0,0,0,0,0,0,0,0,0,0,0,0,0,0,0,0,0,0,0,0,0,0,0,0,0,0,0,0,0,0,0,0,0,0,0,0,0,0,0,0,0,0,0,0,0,0,0,0,0,0,0,0,0,0,0,0,0,-2293,20.86155023,-45,trans-[Pt(NH3)2ClBr],neutral,sq-pl,hal-org,[Pt@SP1]([NH3+])(Cl)([NH3+])Br,https://doi.org/10.1002/ejic.202000474
116,2.06,7,2.04,-0.211,-0.178,2.06,7,-2.04,0.211,0.173,2.44,35,-0.275,-2.42,-0.169,2.44,35,0.276,2.42,0.175,2.59,1,2.37,0.304,-0.999,1,-2.5,-0.171,-0.658,2.59,1,2.5,0.184,0.645,2.59,-2.38,-0.315,0.984,2.61,1,-2.3,1.2,0.278,1,2.3,-1.2,-0.271,0,0,0,0,0,0,0,0,0,0,0,0,0,0,0,0,0,0,0,0,0,0,0,0,0,0,0,0,0,0,0,0,0,0,0,0,0,0,0,0,0,0,0,0,0,0,0,0,0,0,0,0,0,0,0,0,0,0,0,0,0,0,0,0,0,0,0,0,0,0,0,0,0,0,0,0,0,0,0,0,0,0,0,0,0,0,0,0,0,0,0,0,0,0,0,0,0,0,0,0,0,0,0,0,0,0,0,0,0,0,0,0,0,0,0,0,0,0,0,0,0,0,0,0,0,0,0,0,0,0,0,0,0,0,0,0,0,0,0,0,0,0,0,-2557,5.57772556,-65,trans-[Pt(NH3)2Br2],neutral,sq-pl,hal-org,[Pt@SP1]([NH3+])(Br)([NH3+])Br,https://doi.org/10.1002/ejic.202000474
117,2.07,7,2.05,-0.173,-0.179,2.07,7,-2.04,0.251,0.173,2.44,35,0.281,2.42,0.178,2.58,1,2.36,0.356,-1,2.58,1,2.49,0.252,0.642,1,-2.26,1.25,0.269,2.61,1,-2.4,-0.251,0.992,2.61,-2.52,-0.12,-0.652,2.61,53,-0.301,-2.59,-0.19,1,2.37,-1.14,-0.267,0,0,0,0,0,0,0,0,0,0,0,0,0,0,0,0,0,0,0,0,0,0,0,0,0,0,0,0,0,0,0,0,0,0,0,0,0,0,0,0,0,0,0,0,0,0,0,0,0,0,0,0,0,0,0,0,0,0,0,0,0,0,0,0,0,0,0,0,0,0,0,0,0,0,0,0,0,0,0,0,0,0,0,0,0,0,0,0,0,0,0,0,0,0,0,0,0,0,0,0,0,0,0,0,0,0,0,0,0,0,0,0,0,0,0,0,0,0,0,0,0,0,0,0,0,0,0,0,0,0,0,0,0,0,0,0,0,0,0,0,0,0,0,-2999,67.05395466,-127,trans-[Pt(NH3)2BrI],neutral,sq-pl,hal-org,[Pt@SP1]([NH3+])(Br)([NH3+])I,https://doi.org/10.1002/ejic.202000474
118,2.07,7,2.05,-0.212,-0.178,2.07,7,-2.05,0.212,0.177,2.6,1,2.38,0.297,-1,2.6,1,-2.51,-0.167,-0.658,2.6,1,-2.39,-0.323,0.983,1,2.52,0.196,0.639,2.61,53,-0.303,-2.59,-0.184,2.61,0.303,2.59,0.181,2.63,1,-2.33,1.19,0.29,1,2.33,-1.19,-0.262,0,0,0,0,0,0,0,0,0,0,0,0,0,0,0,0,0,0,0,0,0,0,0,0,0,0,0,0,0,0,0,0,0,0,0,0,0,0,0,0,0,0,0,0,0,0,0,0,0,0,0,0,0,0,0,0,0,0,0,0,0,0,0,0,0,0,0,0,0,0,0,0,0,0,0,0,0,0,0,0,0,0,0,0,0,0,0,0,0,0,0,0,0,0,0,0,0,0,0,0,0,0,0,0,0,0,0,0,0,0,0,0,0,0,0,0,0,0,0,0,0,0,0,0,0,0,0,0,0,0,0,0,0,0,0,0,0,0,0,0,0,0,0,-3372,2.934875828,-191,trans-[Pt(NH3)2I2],neutral,sq-pl,hal-org,[Pt@SP1]([NH3+])(I)([NH3+])I,https://doi.org/10.1002/ejic.202000474
119,2.16,7,-2.15,-0.229,0.0529,2.18,17,2.17,0.232,-0.0602,2.26,17,0.0419,-2.21,0.452,2.26,17,-0.446,2.17,-0.453,2.68,1,-2.59,0.671,-0.144,1,-2.44,-0.56,0.971,2.69,1,-2.44,-0.915,-0.641,0,0,0,0,0,0,0,0,0,0,0,0,0,0,0,0,0,0,0,0,0,0,0,0,0,0,0,0,0,0,0,0,0,0,0,0,0,0,0,0,0,0,0,0,0,0,0,0,0,0,0,0,0,0,0,0,0,0,0,0,0,0,0,0,0,0,0,0,0,0,0,0,0,0,0,0,0,0,0,0,0,0,0,0,0,0,0,0,0,0,0,0,0,0,0,0,0,0,0,0,0,0,0,0,0,0,0,0,0,0,0,0,0,0,0,0,0,0,0,0,0,0,0,0,0,0,0,0,0,0,0,0,0,0,0,0,0,0,0,0,0,0,0,0,0,0,0,0,0,0,0,0,0,0,0,-1000,-1884,1282.595422,219,[Pt(NH3)Cl3]-,anion,sq-pl,hal-org,[Pt@SP1]([NH3+])(Cl)(Cl)Cl,https://doi.org/10.1002/ejic.202000474
120,1.9,7,-1.87,0.0783,0.285,2.34,35,0.475,-1.94,1.22,2.35,35,1.98,0.947,-0.827,2.57,1,-2.52,-0.446,-0.298,2.59,1,-2.29,0.272,1.19,35,-0.47,-1.21,-2.86,3.49,1,0.858,-0.986,-3.23,0,0,0,0,0,0,0,0,0,0,0,0,0,0,0,0,0,0,0,0,0,0,0,0,0,0,0,0,0,0,0,0,0,0,0,0,0,0,0,0,0,0,0,0,0,0,0,0,0,0,0,0,0,0,0,0,0,0,0,0,0,0,0,0,0,0,0,0,0,0,0,0,0,0,0,0,0,0,0,0,0,0,0,0,0,0,0,0,0,0,0,0,0,0,0,0,0,0,0,0,0,0,0,0,0,0,0,0,0,0,0,0,0,0,0,0,0,0,0,0,0,0,0,0,0,0,0,0,0,0,0,0,0,0,0,0,0,0,0,0,0,0,0,0,0,0,0,0,0,0,0,0,0,0,0,-1000,-2534,598.1436874,185,[Pt(NH3)Br3]-,anion,sq-pl,hal-org,[Pt@SP1]([NH3+])(Br)(Br)Br,https://doi.org/10.1002/ejic.202000474
121,2.19,17,-0.259,-1,1.93,2.22,7,0.28,1.01,-1.96,2.59,53,-2.48,0.735,-0.133,2.59,53,2.52,-0.578,-0.15,2.74,1,1,1.73,-1.88,1,0.599,0.33,-2.65,2.78,1,-0.575,1.45,-2.31,0,0,0,0,0,0,0,0,0,0,0,0,0,0,0,0,0,0,0,0,0,0,0,0,0,0,0,0,0,0,0,0,0,0,0,0,0,0,0,0,0,0,0,0,0,0,0,0,0,0,0,0,0,0,0,0,0,0,0,0,0,0,0,0,0,0,0,0,0,0,0,0,0,0,0,0,0,0,0,0,0,0,0,0,0,0,0,0,0,0,0,0,0,0,0,0,0,0,0,0,0,0,0,0,0,0,0,0,0,0,0,0,0,0,0,0,0,0,0,0,0,0,0,0,0,0,0,0,0,0,0,0,0,0,0,0,0,0,0,0,0,0,0,0,0,0,0,0,0,0,0,0,0,0,0,-1000,-3298,1269.126886,55,trans-[Pt(NH3)ClI2]-,anion,sq-pl,hal-org,[Pt@SP1]([NH3+])(I)(Cl)I,https://doi.org/10.1002/ejic.202000474
122,2.21,7,-2.17,0.146,-0.413,2.56,53,2.53,0.037,0.381,2.6,53,-0.574,0.789,2.41,2.6,53,0.161,-1.27,-2.26,2.71,1,-2.59,-0.757,-0.194,1,-2.35,0.345,-1.4,2.77,1,-2.63,0.855,0.162,0,0,0,0,0,0,0,0,0,0,0,0,0,0,0,0,0,0,0,0,0,0,0,0,0,0,0,0,0,0,0,0,0,0,0,0,0,0,0,0,0,0,0,0,0,0,0,0,0,0,0,0,0,0,0,0,0,0,0,0,0,0,0,0,0,0,0,0,0,0,0,0,0,0,0,0,0,0,0,0,0,0,0,0,0,0,0,0,0,0,0,0,0,0,0,0,0,0,0,0,0,0,0,0,0,0,0,0,0,0,0,0,0,0,0,0,0,0,0,0,0,0,0,0,0,0,0,0,0,0,0,0,0,0,0,0,0,0,0,0,0,0,0,0,0,0,0,0,0,0,0,0,0,0,0,-1000,-4250,1142.398727,-39,[Pt(NH3)I3]-,anion,sq-pl,hal-org,[Pt@SP1]([NH3+])(I)(I)I,https://doi.org/10.1002/ejic.202000474
