Complex ID;Source_doi;Charge;Shift;Dipole_point_q;q;Brutto;Charge_class;Geometry;Ligand;Smiles;1;2;3;4;5;6;7;8;9;10;11;12;13;14;15;16;17;18;19;20;21;22;23;24;25;26;27;28;29;30;31;32;33;34;35;36;37;38;39;40;41;42;43;44;45;46
1;https://doi.org/10.1002/ejic.201600573;-2000;-1630;16.71301257;91.0;[PtCl4]2-;anion;sq-pl;hal;Cl[Pt@SP1](Cl)(Cl)Cl;569.0346601;569.0346601;569.0294975;569.0294961;0.0;0.0;0.0;0.0;0.0;0.0;0.0;0.0;0.0;0.0;0.0;0.0;0.0;0.0;0.0;0.0;0.0;0.0;0.0;0.0;0.0;0.0;0.0;0.0;0.0;0.0;0.0;0.0;0.0;0.0;0.0;0.0;0.0;0.0;0.0;0.0;0.0;0.0;0.0;0.0;0.0;0.0
2;https://doi.org/10.1002/ejic.201600573;-2000;-1842;770.7583657;56.0;[PtCl3Br]2-;anion;sq-pl;hal;Cl[Pt@SP1](Cl)(Cl)Br;1115.450553;565.4651458;565.4651283;567.4311798;0.0;0.0;0.0;0.0;0.0;0.0;0.0;0.0;0.0;0.0;0.0;0.0;0.0;0.0;0.0;0.0;0.0;0.0;0.0;0.0;0.0;0.0;0.0;0.0;0.0;0.0;0.0;0.0;0.0;0.0;0.0;0.0;0.0;0.0;0.0;0.0;0.0;0.0;0.0;0.0;0.0;0.0
3;https://doi.org/10.1002/ejic.201600573;0;-2090;0.254179799;26.0;trans-[PtCl2Br2];neutral;sq-pl;hal;Br[Pt@SP1](Cl)(Br)Cl;1106.278839;1106.278835;562.2614106;562.2614053;0.0;0.0;0.0;0.0;0.0;0.0;0.0;0.0;0.0;0.0;0.0;0.0;0.0;0.0;0.0;0.0;0.0;0.0;0.0;0.0;0.0;0.0;0.0;0.0;0.0;0.0;0.0;0.0;0.0;0.0;0.0;0.0;0.0;0.0;0.0;0.0;0.0;0.0;0.0;0.0;0.0;0.0
4;https://doi.org/10.1002/ejic.201600573;0;-2103;1003.165338;18.0;cis-[PtCl2Br2];neutral;sq-pl;hal;Cl[Pt@SP1](Cl)(Br)[Br];1111.684443;1111.684381;563.5778996;563.5778558;0.0;0.0;0.0;0.0;0.0;0.0;0.0;0.0;0.0;0.0;0.0;0.0;0.0;0.0;0.0;0.0;0.0;0.0;0.0;0.0;0.0;0.0;0.0;0.0;0.0;0.0;0.0;0.0;0.0;0.0;0.0;0.0;0.0;0.0;0.0;0.0;0.0;0.0;0.0;0.0;0.0;0.0
5;https://doi.org/10.1002/ejic.201600573;-2000;-2346;1414.192862;-6.0;[PtCl3I]2-;anion;sq-pl;hal;Cl[Pt@SP1](Cl)(Cl)I;1568.940212;564.3829447;564.3813476;571.1908121;0.0;0.0;0.0;0.0;0.0;0.0;0.0;0.0;0.0;0.0;0.0;0.0;0.0;0.0;0.0;0.0;0.0;0.0;0.0;0.0;0.0;0.0;0.0;0.0;0.0;0.0;0.0;0.0;0.0;0.0;0.0;0.0;0.0;0.0;0.0;0.0;0.0;0.0;0.0;0.0;0.0;0.0
6;https://doi.org/10.1002/ejic.201600573;-2000;-2377;657.924086;-17.0;[PtClBr3]2-;anion;sq-pl;hal;Cl[Pt@SP1](Br)(Br)Br;1108.635533;1101.598619;1101.598604;560.4605272;0.0;0.0;0.0;0.0;0.0;0.0;0.0;0.0;0.0;0.0;0.0;0.0;0.0;0.0;0.0;0.0;0.0;0.0;0.0;0.0;0.0;0.0;0.0;0.0;0.0;0.0;0.0;0.0;0.0;0.0;0.0;0.0;0.0;0.0;0.0;0.0;0.0;0.0;0.0;0.0;0.0;0.0
7;https://doi.org/10.1002/ejic.201600573;-2000;-2690;0.007541703;-55.0;[PtBr4]2-;anion;sq-pl;hal;Br[Pt@SP1](Br)(Br)Br;1098.239948;1098.239943;1098.239942;1098.23994;0.0;0.0;0.0;0.0;0.0;0.0;0.0;0.0;0.0;0.0;0.0;0.0;0.0;0.0;0.0;0.0;0.0;0.0;0.0;0.0;0.0;0.0;0.0;0.0;0.0;0.0;0.0;0.0;0.0;0.0;0.0;0.0;0.0;0.0;0.0;0.0;0.0;0.0;0.0;0.0;0.0;0.0
8;https://doi.org/10.1002/ejic.201600573;-2000;-3103;1665.137007;-112.0;cis-[PtCl2I2]2-;anion;sq-pl;hal;Cl[Pt@SP1](Cl)(I)I;1559.54746;1559.48375;566.3475338;566.348305;0.0;0.0;0.0;0.0;0.0;0.0;0.0;0.0;0.0;0.0;0.0;0.0;0.0;0.0;0.0;0.0;0.0;0.0;0.0;0.0;0.0;0.0;0.0;0.0;0.0;0.0;0.0;0.0;0.0;0.0;0.0;0.0;0.0;0.0;0.0;0.0;0.0;0.0;0.0;0.0;0.0;0.0
9;https://doi.org/10.1002/ejic.201600573;-2000;-3260;576.5131313;-119.0;[PtBr3I]2-;anion;sq-pl;hal;Br[Pt@SP1](Br)(Br)I;1548.310399;1095.039112;1095.038439;1102.948169;0.0;0.0;0.0;0.0;0.0;0.0;0.0;0.0;0.0;0.0;0.0;0.0;0.0;0.0;0.0;0.0;0.0;0.0;0.0;0.0;0.0;0.0;0.0;0.0;0.0;0.0;0.0;0.0;0.0;0.0;0.0;0.0;0.0;0.0;0.0;0.0;0.0;0.0;0.0;0.0;0.0;0.0
10;https://doi.org/10.1002/ejic.201600573;-2000;-3977;0.216704546;-184.0;trans-[PtBr2I2]2-;anion;sq-pl;hal;I[Pt@SP1](Br)(I)Br;1552.77304;1552.771589;1091.467676;1091.467674;0.0;0.0;0.0;0.0;0.0;0.0;0.0;0.0;0.0;0.0;0.0;0.0;0.0;0.0;0.0;0.0;0.0;0.0;0.0;0.0;0.0;0.0;0.0;0.0;0.0;0.0;0.0;0.0;0.0;0.0;0.0;0.0;0.0;0.0;0.0;0.0;0.0;0.0;0.0;0.0;0.0;0.0
11;https://doi.org/10.1002/ejic.201600573;-2000;-3985;742.5487469;-184.0;cis-[PtBr2I2]2-;anion;sq-pl;hal;Br[Pt@SP1](Br)(I)I;1543.607239;1543.576794;1099.61478;1099.614093;0.0;0.0;0.0;0.0;0.0;0.0;0.0;0.0;0.0;0.0;0.0;0.0;0.0;0.0;0.0;0.0;0.0;0.0;0.0;0.0;0.0;0.0;0.0;0.0;0.0;0.0;0.0;0.0;0.0;0.0;0.0;0.0;0.0;0.0;0.0;0.0;0.0;0.0;0.0;0.0;0.0;0.0
12;https://doi.org/10.1002/ejic.201600573;-2000;-4213;1014.32237;-208.0;[PtClI3]2-;anion;sq-pl;hal;Cl[Pt@SP1](I)(I)I;1549.868254;1551.515436;1551.514964;561.0798384;0.0;0.0;0.0;0.0;0.0;0.0;0.0;0.0;0.0;0.0;0.0;0.0;0.0;0.0;0.0;0.0;0.0;0.0;0.0;0.0;0.0;0.0;0.0;0.0;0.0;0.0;0.0;0.0;0.0;0.0;0.0;0.0;0.0;0.0;0.0;0.0;0.0;0.0;0.0;0.0;0.0;0.0
13;https://doi.org/10.1002/ejic.201600573;-2000;-4667;486.3400451;-243.0;[PtBrI3]2-;anion;sq-pl;hal;Br[Pt@SP1](I)(I)I;1536.477604;1543.71;1543.707388;1090.254829;0.0;0.0;0.0;0.0;0.0;0.0;0.0;0.0;0.0;0.0;0.0;0.0;0.0;0.0;0.0;0.0;0.0;0.0;0.0;0.0;0.0;0.0;0.0;0.0;0.0;0.0;0.0;0.0;0.0;0.0;0.0;0.0;0.0;0.0;0.0;0.0;0.0;0.0;0.0;0.0;0.0;0.0
14;https://doi.org/10.1002/ejic.201600573;-2000;-5475;0.009531342;-304.0;[PtI4]2-;anion;sq-pl;hal;I[Pt@SP1](I)(I)I;1535.628131;1535.635989;1535.617965;1535.597743;0.0;0.0;0.0;0.0;0.0;0.0;0.0;0.0;0.0;0.0;0.0;0.0;0.0;0.0;0.0;0.0;0.0;0.0;0.0;0.0;0.0;0.0;0.0;0.0;0.0;0.0;0.0;0.0;0.0;0.0;0.0;0.0;0.0;0.0;0.0;0.0;0.0;0.0;0.0;0.0;0.0;0.0
15;https://doi.org/10.1002/ejic.201600573;0;-2169;679.3044769;-23.0;[PtCl2(η2 -CH2=CH2)(Me2phen)];neutral;sq-pl;hal-org;CC1=[N+]2C3=C4[N+]([Pt@OH1]25(Cl)([CH2][CH2]5)(Cl))=C(C=CC4=CC=C3C=C1)C;566.6272192;566.606305;238.554158;238.5248551;223.6056288;223.6050989;150.260254;150.2547421;145.5474848;145.5299405;140.9467589;140.9279418;104.3032909;104.299683;102.9876443;102.9795097;92.59503838;92.59015286;84.77246907;84.77152138;28.84781995;28.84784584;28.84772517;28.84767271;25.29666945;25.29370101;25.28286255;25.27903263;17.71209437;17.71031247;14.5416466;14.54056531;12.71517082;12.71462162;11.95680258;11.95662795;0.0;0.0;0.0;0.0;0.0;0.0;0.0;0.0;0.0;0.0
16;https://doi.org/10.1002/ejic.201600573;0;-2456;674.2025214;-54.0;[PtBrCl(η2 -CH2=CH2)(Me2phen)];neutral;sq-pl;hal-org;CC1=[N+]2C3=C4[N+]([Pt@OH1]25(Cl)([CH2][CH2]5)(Br))=C(C=CC4=CC=C3C=C1)C;1107.211131;566.9791423;238.2040192;238.1806197;223.4891797;223.488726;150.4498508;150.4456982;145.3352179;145.3215036;140.2629511;140.2476695;104.4681544;104.4655454;103.0004058;102.994305;92.69640281;92.6928145;84.91897802;84.91831647;28.73594976;28.73580915;28.8521608;28.85203578;24.83143026;24.82924525;25.34189772;25.33851674;17.6466408;17.64518147;14.54129948;14.54049766;12.72963257;12.72923677;11.9763231;11.97620187;0.0;0.0;0.0;0.0;0.0;0.0;0.0;0.0;0.0;0.0
17;https://doi.org/10.1002/ejic.201600573;0;-2886;666.8159418;-99.0;[PtBr2(η2 -CH2=CH2)(Me2phen)];neutral;sq-pl;hal-org;CC1=[N+]2C3=C4[N+]([Pt@OH1]25(Br)([CH2][CH2]5)(Br))=C(C=CC4=CC=C3C=C1)C;1094.842159;1094.762334;262.6634206;216.9162182;220.317793;220.0231416;159.3883159;155.1715108;153.8428037;146.5513812;132.3161374;125.6285334;107.5072215;109.3466591;101.8847511;96.56021689;96.78671732;88.98126338;85.73760047;84.26277348;28.86200181;28.86199874;28.63995149;28.63466668;27.30832248;27.26509784;22.37904031;22.28286827;18.89690842;16.21526421;15.37389526;13.7095253;13.16139286;12.31172102;12.12769782;11.85496764;0.0;0.0;0.0;0.0;0.0;0.0;0.0;0.0;0.0;0.0
18;https://doi.org/10.1002/ejic.201600573;0;-3087;694.328048;-127.0;[PtClI(η2 -CH2=CH2)(Me2phen)];neutral;sq-pl;hal-org;CC1=[N+]2C3=C4[N+]([Pt@OH1]25(Cl)([CH2][CH2]5)(I))=C(C=CC4=CC=C3C=C1)C;1565.549228;570.0315021;237.8796671;237.8314434;223.2496801;223.2478085;150.2854331;150.276015;145.1391106;145.108629;139.9469408;139.9122947;104.3699404;104.3635901;102.8804812;102.8659512;92.60108862;92.5922927;84.8417534;84.84008818;28.64201942;28.64138915;28.83561204;28.83502415;26.60141805;26.58720038;23.51779854;23.49290475;17.67679086;17.6751779;14.5274064;14.52548787;12.71839953;12.71740582;11.96717713;11.96686938;0.0;0.0;0.0;0.0;0.0;0.0;0.0;0.0;0.0;0.0
19;https://doi.org/10.1002/ejic.201600573;0;-3426;672.1036297;-170.0;[PtBrI(η2 -CH2=CH2)(Me2phen)];neutral;sq-pl;hal-org;CC1=[N+]2C3=C4[N+]([Pt@OH1]25(Br)([CH2][CH2]5)(I))=C(C=CC4=CC=C3C=C1)C;1552.911409;1093.962163;264.8585489;215.9254687;219.7090542;219.2948716;160.3861457;155.8531855;154.3474262;146.6315112;131.5794936;124.5694155;107.8895316;109.8270734;101.8928076;96.91572771;96.46407854;88.84792316;85.91478012;84.34276385;28.71272416;28.46786027;28.90046574;28.70043658;26.83711591;27.78823967;22.41160295;21.80114036;18.94547957;16.11153577;15.43174289;13.66297681;13.20137366;12.297818;12.15312527;11.86235373;0.0;0.0;0.0;0.0;0.0;0.0;0.0;0.0;0.0;0.0
20;https://doi.org/10.1002/ejic.201600573;0;-4041;695.8492842;-243.0;[PtI2(η2-CH2=CH2)(Me2phen)];neutral;sq-pl;hal-org;CC1=[N+]2C3=C4[N+]([Pt@OH1]25(I)([CH2][CH2]5)(I))=C(C=CC4=CC=C3C=C1)C;1551.48776;1551.42119;266.401541;215.2971853;219.2252684;218.6451992;161.0670034;156.2848197;154.6623432;146.6677013;131.104491;123.9237606;108.1301061;110.1493444;101.8844111;97.14733519;96.24961544;88.75053237;86.02057184;84.38460111;28.7471808;28.74288753;28.51838113;28.51539958;27.39741929;27.21505013;21.97456807;21.96246486;18.96755529;16.04281196;15.47069887;13.6323628;13.22729923;12.28730945;12.16850629;11.86578913;0.0;0.0;0.0;0.0;0.0;0.0;0.0;0.0;0.0;0.0
21;https://doi.org/10.1002/ejic.201600573;-2000;7090;0.00025442;944.0;[PtF6] 2-;anion;oct;hal;[Pt@OH1]([F])([F])([F])([F])([F])[F];353.4143146;353.4142543;353.4141213;353.4141208;353.4141083;353.4140928;0.0;0.0;0.0;0.0;0.0;0.0;0.0;0.0;0.0;0.0;0.0;0.0;0.0;0.0;0.0;0.0;0.0;0.0;0.0;0.0;0.0;0.0;0.0;0.0;0.0;0.0;0.0;0.0;0.0;0.0;0.0;0.0;0.0;0.0;0.0;0.0;0.0;0.0;0.0;0.0
22;https://doi.org/10.1002/ejic.201600573;-2000;5856;110.9324823;886.0;[PtClF5] 2-;anion;oct;hal;[Pt@OH1]([F])([F])([F])([F])([F])[Cl];565.8573963;354.324662;354.3246459;354.3246357;354.3246433;351.124513;0.0;0.0;0.0;0.0;0.0;0.0;0.0;0.0;0.0;0.0;0.0;0.0;0.0;0.0;0.0;0.0;0.0;0.0;0.0;0.0;0.0;0.0;0.0;0.0;0.0;0.0;0.0;0.0;0.0;0.0;0.0;0.0;0.0;0.0;0.0;0.0;0.0;0.0;0.0;0.0
23;https://doi.org/10.1002/ejic.201600573;-2000;5669;797.3248028;854.0;[PtBrF5] 2-;anion;oct;hal;[Pt@OH1]([F])([F])([F])([F])([F])[Br];1099.03748;354.1284613;354.1284677;354.1284795;354.1284852;351.066779;0.0;0.0;0.0;0.0;0.0;0.0;0.0;0.0;0.0;0.0;0.0;0.0;0.0;0.0;0.0;0.0;0.0;0.0;0.0;0.0;0.0;0.0;0.0;0.0;0.0;0.0;0.0;0.0;0.0;0.0;0.0;0.0;0.0;0.0;0.0;0.0;0.0;0.0;0.0;0.0
24;https://doi.org/10.1002/ejic.201600573;-2000;4887;0.000159121;813.0;trans-[PtCl2F4] 2-;anion;oct;hal;[Pt@OH1]([Cl])([F])([F])([F])([F])[Cl];563.659447;563.659447;354.7726641;354.77266;354.7725464;354.7725445;0.0;0.0;0.0;0.0;0.0;0.0;0.0;0.0;0.0;0.0;0.0;0.0;0.0;0.0;0.0;0.0;0.0;0.0;0.0;0.0;0.0;0.0;0.0;0.0;0.0;0.0;0.0;0.0;0.0;0.0;0.0;0.0;0.0;0.0;0.0;0.0;0.0;0.0;0.0;0.0
25;https://doi.org/10.1002/ejic.201600573;-2000;4551;3.48e-05;751.0;trans-[PtBr2F4] 2-;anion;oct;hal;[Pt@OH1]([Br])([F])([F])([F])([F])[Br];1086.031219;1086.031217;354.4318954;354.4318951;354.4318852;354.4318844;0.0;0.0;0.0;0.0;0.0;0.0;0.0;0.0;0.0;0.0;0.0;0.0;0.0;0.0;0.0;0.0;0.0;0.0;0.0;0.0;0.0;0.0;0.0;0.0;0.0;0.0;0.0;0.0;0.0;0.0;0.0;0.0;0.0;0.0;0.0;0.0;0.0;0.0;0.0;0.0
26;https://doi.org/10.1002/ejic.201600573;-2000;4547;138.3439684;818.0;cis-[PtCl2F4] 2-;anion;oct;hal;[Pt@OH1]([Cl])([Cl])([F])([F])([F])[F];564.4867235;564.4867176;355.138012;355.1380043;351.3381712;351.3381306;0.0;0.0;0.0;0.0;0.0;0.0;0.0;0.0;0.0;0.0;0.0;0.0;0.0;0.0;0.0;0.0;0.0;0.0;0.0;0.0;0.0;0.0;0.0;0.0;0.0;0.0;0.0;0.0;0.0;0.0;0.0;0.0;0.0;0.0;0.0;0.0;0.0;0.0;0.0;0.0
27;https://doi.org/10.1002/ejic.201600573;-2000;4136;933.4378038;747.0;cis-[PtBr2F4] 2-;anion;oct;hal;[Pt@OH1]([F])([F])([F])([F])([Br])[Br];1091.838535;1091.837692;354.6379204;354.6379106;350.6937728;350.6937257;0.0;0.0;0.0;0.0;0.0;0.0;0.0;0.0;0.0;0.0;0.0;0.0;0.0;0.0;0.0;0.0;0.0;0.0;0.0;0.0;0.0;0.0;0.0;0.0;0.0;0.0;0.0;0.0;0.0;0.0;0.0;0.0;0.0;0.0;0.0;0.0;0.0;0.0;0.0;0.0
28;https://doi.org/10.1002/ejic.201600573;-2000;3551;78.23061264;739.0;mer-[PtCl3F3] 2-;anion;oct;hal;[Pt@OH1]([F])([F])([Cl])([Cl])([Cl])[F];562.9084328;562.3013145;562.3011353;355.4963457;355.4963459;351.2824377;0.0;0.0;0.0;0.0;0.0;0.0;0.0;0.0;0.0;0.0;0.0;0.0;0.0;0.0;0.0;0.0;0.0;0.0;0.0;0.0;0.0;0.0;0.0;0.0;0.0;0.0;0.0;0.0;0.0;0.0;0.0;0.0;0.0;0.0;0.0;0.0;0.0;0.0;0.0;0.0
29;https://doi.org/10.1002/ejic.201600573;-2000;3191;154.0980433;744.0;fac-[PtCl3F3] 2-;anion;oct;hal;[Pt@OH1]([F])([F])([F])([Cl])([Cl])[Cl];564.0184255;564.0180678;564.0180219;351.5170093;351.516774;351.5167948;0.0;0.0;0.0;0.0;0.0;0.0;0.0;0.0;0.0;0.0;0.0;0.0;0.0;0.0;0.0;0.0;0.0;0.0;0.0;0.0;0.0;0.0;0.0;0.0;0.0;0.0;0.0;0.0;0.0;0.0;0.0;0.0;0.0;0.0;0.0;0.0;0.0;0.0;0.0;0.0
30;https://doi.org/10.1002/ejic.201600573;-2000;2907;549.1343081;634.0;mer-[PtBr3F3] 2-;anion;oct;hal;[Pt@OH1]([F])([F])([Br])([Br])([Br])[F];1085.115358;1080.829455;1080.830988;354.677758;354.6777661;350.1489474;0.0;0.0;0.0;0.0;0.0;0.0;0.0;0.0;0.0;0.0;0.0;0.0;0.0;0.0;0.0;0.0;0.0;0.0;0.0;0.0;0.0;0.0;0.0;0.0;0.0;0.0;0.0;0.0;0.0;0.0;0.0;0.0;0.0;0.0;0.0;0.0;0.0;0.0;0.0;0.0
31;https://doi.org/10.1002/ejic.201600573;-2000;2534;9.76e-05;658.0;trans-[PtCl4F2] 2-;anion;oct;hal;[Pt@OH1]([F])([Cl])([Cl])([Cl])([Cl])[F];560.7704984;560.7704967;560.7704512;560.7704514;355.7925692;355.7925639;0.0;0.0;0.0;0.0;0.0;0.0;0.0;0.0;0.0;0.0;0.0;0.0;0.0;0.0;0.0;0.0;0.0;0.0;0.0;0.0;0.0;0.0;0.0;0.0;0.0;0.0;0.0;0.0;0.0;0.0;0.0;0.0;0.0;0.0;0.0;0.0;0.0;0.0;0.0;0.0
32;https://doi.org/10.1002/ejic.201600573;-2000;2487;962.5169532;632.0;fac-[PtBr3F3] 2-;anion;oct;hal;[Pt@OH1]([F])([F])([F])([Br])([Br])[Br];1086.679589;1086.67887;1086.679028;350.3969926;350.3970254;350.3969947;0.0;0.0;0.0;0.0;0.0;0.0;0.0;0.0;0.0;0.0;0.0;0.0;0.0;0.0;0.0;0.0;0.0;0.0;0.0;0.0;0.0;0.0;0.0;0.0;0.0;0.0;0.0;0.0;0.0;0.0;0.0;0.0;0.0;0.0;0.0;0.0;0.0;0.0;0.0;0.0
33;https://doi.org/10.1002/ejic.201600573;-2000;2171;101.3629248;662.0;cis-[PtCl4F2] 2-;anion;oct;hal;[Pt@OH1]([Cl])([Cl])([Cl])([Cl])([F])[F];563.0644989;563.0644919;561.5307706;561.5301637;351.4569728;351.4569683;0.0;0.0;0.0;0.0;0.0;0.0;0.0;0.0;0.0;0.0;0.0;0.0;0.0;0.0;0.0;0.0;0.0;0.0;0.0;0.0;0.0;0.0;0.0;0.0;0.0;0.0;0.0;0.0;0.0;0.0;0.0;0.0;0.0;0.0;0.0;0.0;0.0;0.0;0.0;0.0
34;https://doi.org/10.1002/ejic.201600573;-2000;1157;6.09e-05;513.0;trans-[PtBr4F2] 2-;anion;oct;hal;[Pt@OH1]([F])([Br])([Br])([Br])([Br])[F];1075.523178;1075.523165;1075.522303;1075.522306;354.4742405;354.4742113;0.0;0.0;0.0;0.0;0.0;0.0;0.0;0.0;0.0;0.0;0.0;0.0;0.0;0.0;0.0;0.0;0.0;0.0;0.0;0.0;0.0;0.0;0.0;0.0;0.0;0.0;0.0;0.0;0.0;0.0;0.0;0.0;0.0;0.0;0.0;0.0;0.0;0.0;0.0;0.0
35;https://doi.org/10.1002/ejic.201600573;-2000;1142;659.6543214;513.0;cis-[PtBr4F2] 2-;anion;oct;hal;[Pt@OH1]([F])([Br])([Br])([Br])([F])[Br];1080.853818;1080.854107;1077.004163;1077.001552;349.9079199;349.9079149;0.0;0.0;0.0;0.0;0.0;0.0;0.0;0.0;0.0;0.0;0.0;0.0;0.0;0.0;0.0;0.0;0.0;0.0;0.0;0.0;0.0;0.0;0.0;0.0;0.0;0.0;0.0;0.0;0.0;0.0;0.0;0.0;0.0;0.0;0.0;0.0;0.0;0.0;0.0;0.0
36;https://doi.org/10.1002/ejic.201600573;-2000;1111;57.07163677;579.0;[PtCl5F]2-;anion;oct;hal;[Pt@OH1]([F])([Cl])([Cl])([Cl])([Cl])[Cl];562.5325253;560.4599024;560.4593583;560.4592453;560.4585782;351.4164024;0.0;0.0;0.0;0.0;0.0;0.0;0.0;0.0;0.0;0.0;0.0;0.0;0.0;0.0;0.0;0.0;0.0;0.0;0.0;0.0;0.0;0.0;0.0;0.0;0.0;0.0;0.0;0.0;0.0;0.0;0.0;0.0;0.0;0.0;0.0;0.0;0.0;0.0;0.0;0.0
37;https://doi.org/10.1002/ejic.201600573;-2000;0;0.001333351;496.0;[PtCl6] 2-;anion;oct;hal;[Pt@OH1]([Cl])([Cl])([Cl])([Cl])([Cl])[Cl];559.7806737;559.7806414;559.7796998;559.779701;559.7716715;559.7716281;0.0;0.0;0.0;0.0;0.0;0.0;0.0;0.0;0.0;0.0;0.0;0.0;0.0;0.0;0.0;0.0;0.0;0.0;0.0;0.0;0.0;0.0;0.0;0.0;0.0;0.0;0.0;0.0;0.0;0.0;0.0;0.0;0.0;0.0;0.0;0.0;0.0;0.0;0.0;0.0
38;https://doi.org/10.1002/ejic.201600573;-2000;-286;687.873655;463.0;[PtCl5Br]2-;anion;oct;hal;[Pt@OH1]([Cl])([Cl])([Cl])([Cl])([Cl])[Br];1089.911803;557.5561157;557.5560849;557.5560664;557.5560335;559.2874029;0.0;0.0;0.0;0.0;0.0;0.0;0.0;0.0;0.0;0.0;0.0;0.0;0.0;0.0;0.0;0.0;0.0;0.0;0.0;0.0;0.0;0.0;0.0;0.0;0.0;0.0;0.0;0.0;0.0;0.0;0.0;0.0;0.0;0.0;0.0;0.0;0.0;0.0;0.0;0.0
39;https://doi.org/10.1002/ejic.201600573;-2000;-311;387.3071615;391.0;[PtBr5F]2-;anion;oct;hal;[Pt@OH1]([Br])([F])([Br])([Br])([Br])[Br];1075.266232;1072.436131;1072.436035;1072.435024;1072.433444;349.4725002;0.0;0.0;0.0;0.0;0.0;0.0;0.0;0.0;0.0;0.0;0.0;0.0;0.0;0.0;0.0;0.0;0.0;0.0;0.0;0.0;0.0;0.0;0.0;0.0;0.0;0.0;0.0;0.0;0.0;0.0;0.0;0.0;0.0;0.0;0.0;0.0;0.0;0.0;0.0;0.0
40;https://doi.org/10.1002/ejic.201600573;-2000;-583;929.547763;426.0;cis-[PtCl4Br2] 2-;anion;oct;hal;[Pt@OH1]([Br])([Br])([Cl])([Cl])([Cl])[Cl];1089.091489;1089.091379;554.9493881;554.9493884;556.6307037;556.6306691;0.0;0.0;0.0;0.0;0.0;0.0;0.0;0.0;0.0;0.0;0.0;0.0;0.0;0.0;0.0;0.0;0.0;0.0;0.0;0.0;0.0;0.0;0.0;0.0;0.0;0.0;0.0;0.0;0.0;0.0;0.0;0.0;0.0;0.0;0.0;0.0;0.0;0.0;0.0;0.0
41;https://doi.org/10.1002/ejic.201600573;-2000;-585;0.000367865;428.0;trans-[PtCl4Br2] 2-;anion;oct;hal;[Pt@OH1]([Br])([Cl])([Cl])([Cl])([Cl])[Br];1081.150417;1081.149195;555.5477147;555.5477257;555.5477052;555.5477013;0.0;0.0;0.0;0.0;0.0;0.0;0.0;0.0;0.0;0.0;0.0;0.0;0.0;0.0;0.0;0.0;0.0;0.0;0.0;0.0;0.0;0.0;0.0;0.0;0.0;0.0;0.0;0.0;0.0;0.0;0.0;0.0;0.0;0.0;0.0;0.0;0.0;0.0;0.0;0.0
42;https://doi.org/10.1002/ejic.201600573;-2000;-854;1295.710963;401.0;[PtCl5I]2-;anion;oct;hal;[Pt@OH1]([Cl])([Cl])([Cl])([Cl])([Cl])[I];1546.878328;556.620129;556.6201312;556.6201325;556.6201345;562.0699715;0.0;0.0;0.0;0.0;0.0;0.0;0.0;0.0;0.0;0.0;0.0;0.0;0.0;0.0;0.0;0.0;0.0;0.0;0.0;0.0;0.0;0.0;0.0;0.0;0.0;0.0;0.0;0.0;0.0;0.0;0.0;0.0;0.0;0.0;0.0;0.0;0.0;0.0;0.0;0.0
43;https://doi.org/10.1002/ejic.201600573;-2000;-892;1071.320988;388.0;fac-[PtCl3Br3] 2-;anion;oct;hal;[Pt@OH1]([Cl])([Cl])([Cl])([Br])([Br])[Br];1085.746964;1085.746952;1085.746849;553.7953685;553.7953474;553.7953444;0.0;0.0;0.0;0.0;0.0;0.0;0.0;0.0;0.0;0.0;0.0;0.0;0.0;0.0;0.0;0.0;0.0;0.0;0.0;0.0;0.0;0.0;0.0;0.0;0.0;0.0;0.0;0.0;0.0;0.0;0.0;0.0;0.0;0.0;0.0;0.0;0.0;0.0;0.0;0.0
44;https://doi.org/10.1002/ejic.201600573;-2000;-894;635.4777311;389.0;mer-[PtCl3Br3] 2-;anion;oct;hal;[Pt@OH1]([Cl])([Cl])([Br])([Br])([Br])[Cl];1088.65165;1079.429091;1079.429116;552.5616346;552.5618743;554.3393724;0.0;0.0;0.0;0.0;0.0;0.0;0.0;0.0;0.0;0.0;0.0;0.0;0.0;0.0;0.0;0.0;0.0;0.0;0.0;0.0;0.0;0.0;0.0;0.0;0.0;0.0;0.0;0.0;0.0;0.0;0.0;0.0;0.0;0.0;0.0;0.0;0.0;0.0;0.0;0.0
45;https://doi.org/10.1002/ejic.201600573;-2000;-1213;835.9622259;349.0;cis-[PtCl2Br4] 2-;anion;oct;hal;[Pt@OH1]([Br])([Br])([Br])([Br])([Cl])[Cl];1083.03868;1083.038647;1075.578969;1075.577199;551.3742738;551.3742754;0.0;0.0;0.0;0.0;0.0;0.0;0.0;0.0;0.0;0.0;0.0;0.0;0.0;0.0;0.0;0.0;0.0;0.0;0.0;0.0;0.0;0.0;0.0;0.0;0.0;0.0;0.0;0.0;0.0;0.0;0.0;0.0;0.0;0.0;0.0;0.0;0.0;0.0;0.0;0.0
46;https://doi.org/10.1002/ejic.201600573;-2000;-1216;3.05e-05;350.0;trans-[PtCl2Br4] 2-;anion;oct;hal;[Pt@OH1]([Cl])([Br])([Br])([Br])([Br])[Cl];1078.260066;1078.25988;1078.259513;1078.259326;549.8495798;549.849577;0.0;0.0;0.0;0.0;0.0;0.0;0.0;0.0;0.0;0.0;0.0;0.0;0.0;0.0;0.0;0.0;0.0;0.0;0.0;0.0;0.0;0.0;0.0;0.0;0.0;0.0;0.0;0.0;0.0;0.0;0.0;0.0;0.0;0.0;0.0;0.0;0.0;0.0;0.0;0.0
47;https://doi.org/10.1002/ejic.201600573;-2000;-1547;556.5975826;309.0;[PtClBr5] 2-;anion;oct;hal;[Pt@OH1]([Br])([Br])([Br])([Br])([Cl])[Br];1078.366266;1072.621154;1072.621639;1072.621307;1072.6214;548.8553353;0.0;0.0;0.0;0.0;0.0;0.0;0.0;0.0;0.0;0.0;0.0;0.0;0.0;0.0;0.0;0.0;0.0;0.0;0.0;0.0;0.0;0.0;0.0;0.0;0.0;0.0;0.0;0.0;0.0;0.0;0.0;0.0;0.0;0.0;0.0;0.0;0.0;0.0;0.0;0.0
48;https://doi.org/10.1002/ejic.201600573;-2000;-1806;1597.569464;297.0;cis-[PtCl4I2] 2-;anion;oct;hal;[Pt@OH1]([Cl])([Cl])([Cl])([Cl])([I])[I];1541.356524;1541.164823;552.470036;552.470054;558.359504;558.3632181;0.0;0.0;0.0;0.0;0.0;0.0;0.0;0.0;0.0;0.0;0.0;0.0;0.0;0.0;0.0;0.0;0.0;0.0;0.0;0.0;0.0;0.0;0.0;0.0;0.0;0.0;0.0;0.0;0.0;0.0;0.0;0.0;0.0;0.0;0.0;0.0;0.0;0.0;0.0;0.0
49;https://doi.org/10.1002/ejic.201600573;-2000;-1884;0.003656878;304.0;trans-[PtCl4I2] 2-;anion;oct;hal;[Pt@OH1]([I])([Cl])([Cl])([Cl])([Cl])[I];1537.641235;1537.630333;553.1692569;553.1692587;553.1692563;553.1692582;0.0;0.0;0.0;0.0;0.0;0.0;0.0;0.0;0.0;0.0;0.0;0.0;0.0;0.0;0.0;0.0;0.0;0.0;0.0;0.0;0.0;0.0;0.0;0.0;0.0;0.0;0.0;0.0;0.0;0.0;0.0;0.0;0.0;0.0;0.0;0.0;0.0;0.0;0.0;0.0
50;https://doi.org/10.1002/ejic.201600573;-2000;-1891;1.77e-05;268.0;[PtBr6] 2-;anion;oct;hal;[Pt@OH1]([Br])([Br])([Br])([Br])([Br])[Br];1068.191708;1068.191687;1068.191674;1068.191661;1068.191648;1068.191621;0.0;0.0;0.0;0.0;0.0;0.0;0.0;0.0;0.0;0.0;0.0;0.0;0.0;0.0;0.0;0.0;0.0;0.0;0.0;0.0;0.0;0.0;0.0;0.0;0.0;0.0;0.0;0.0;0.0;0.0;0.0;0.0;0.0;0.0;0.0;0.0;0.0;0.0;0.0;0.0
51;https://doi.org/10.1002/ejic.201600573;-2000;-2545;507.3774985;200.0;[PtBr5I]2-;anion;oct;hal;[Pt@OH1]([Br])([Br])([Br])([Br])([Br])[I];1521.331187;1064.142169;1064.141915;1064.140901;1064.140647;1070.621887;0.0;0.0;0.0;0.0;0.0;0.0;0.0;0.0;0.0;0.0;0.0;0.0;0.0;0.0;0.0;0.0;0.0;0.0;0.0;0.0;0.0;0.0;0.0;0.0;0.0;0.0;0.0;0.0;0.0;0.0;0.0;0.0;0.0;0.0;0.0;0.0;0.0;0.0;0.0;0.0
52;https://doi.org/10.1002/ejic.201600573;-2000;-2849;1736.406153;186.0;fac-[PtCl3I3] 2-;anion;oct;hal;[Pt@OH1]([Cl])([Cl])([Cl])([I])([I])[I];1531.781288;1531.778989;1531.69259;553.7650256;553.7642824;553.7619046;0.0;0.0;0.0;0.0;0.0;0.0;0.0;0.0;0.0;0.0;0.0;0.0;0.0;0.0;0.0;0.0;0.0;0.0;0.0;0.0;0.0;0.0;0.0;0.0;0.0;0.0;0.0;0.0;0.0;0.0;0.0;0.0;0.0;0.0;0.0;0.0;0.0;0.0;0.0;0.0
53;https://doi.org/10.1002/ejic.201600573;-2000;-2849;1021.247898;193.0;mer-[PtCl3I3] 2-;anion;oct;hal;[Pt@OH1]([I])([Cl])([I])([Cl])([I])[Cl];1535.954184;1530.986817;1530.986427;548.0481752;548.0481808;554.6050714;0.0;0.0;0.0;0.0;0.0;0.0;0.0;0.0;0.0;0.0;0.0;0.0;0.0;0.0;0.0;0.0;0.0;0.0;0.0;0.0;0.0;0.0;0.0;0.0;0.0;0.0;0.0;0.0;0.0;0.0;0.0;0.0;0.0;0.0;0.0;0.0;0.0;0.0;0.0;0.0
54;https://doi.org/10.1002/ejic.201600573;-2000;-3132;0.000973199;129.0;trans-[PtBr4I2] 2-;anion;oct;hal;[Pt@OH1]([I])([Br])([Br])([Br])([Br])[I];1522.688555;1522.680736;1059.791266;1059.791081;1059.790037;1059.789852;0.0;0.0;0.0;0.0;0.0;0.0;0.0;0.0;0.0;0.0;0.0;0.0;0.0;0.0;0.0;0.0;0.0;0.0;0.0;0.0;0.0;0.0;0.0;0.0;0.0;0.0;0.0;0.0;0.0;0.0;0.0;0.0;0.0;0.0;0.0;0.0;0.0;0.0;0.0;0.0
55;https://doi.org/10.1002/ejic.201600573;-2000;-3252;672.7130215;131.0;cis-[PtBr4I2] 2-;anion;oct;hal;[Pt@OH1]([Br])([Br])([Br])([Br])([I])[I];1516.175899;1516.074424;1059.756042;1059.7533;1066.384107;1066.385973;0.0;0.0;0.0;0.0;0.0;0.0;0.0;0.0;0.0;0.0;0.0;0.0;0.0;0.0;0.0;0.0;0.0;0.0;0.0;0.0;0.0;0.0;0.0;0.0;0.0;0.0;0.0;0.0;0.0;0.0;0.0;0.0;0.0;0.0;0.0;0.0;0.0;0.0;0.0;0.0
56;https://doi.org/10.1002/ejic.201600573;-2000;-3898;447.1678645;60.0;mer-[PtBr3I3] 2-;anion;oct;hal;[Pt@OH1]([I])([Br])([I])([Br])([I])[Br];1510.724394;1517.324294;1517.296345;1055.063313;1055.062556;1061.770726;0.0;0.0;0.0;0.0;0.0;0.0;0.0;0.0;0.0;0.0;0.0;0.0;0.0;0.0;0.0;0.0;0.0;0.0;0.0;0.0;0.0;0.0;0.0;0.0;0.0;0.0;0.0;0.0;0.0;0.0;0.0;0.0;0.0;0.0;0.0;0.0;0.0;0.0;0.0;0.0
57;https://doi.org/10.1002/ejic.201600573;-2000;-3932;1289.214939;77.0;cis-[PtCl2I4] 2-;anion;oct;hal;[Pt@OH1]([I])([Cl])([Cl])([I])([I])[I];1523.050887;1522.954217;1520.608134;1520.582426;549.2619613;549.2630417;0.0;0.0;0.0;0.0;0.0;0.0;0.0;0.0;0.0;0.0;0.0;0.0;0.0;0.0;0.0;0.0;0.0;0.0;0.0;0.0;0.0;0.0;0.0;0.0;0.0;0.0;0.0;0.0;0.0;0.0;0.0;0.0;0.0;0.0;0.0;0.0;0.0;0.0;0.0;0.0
58;https://doi.org/10.1002/ejic.201600573;-2000;-3932;0.004805005;82.0;trans-[PtCl2I4] 2-;anion;oct;hal;[Pt@OH1]([Cl])([I])([I])([I])([I])[Cl];1525.117214;1525.072365;1524.844589;1524.842498;542.7843816;542.7843811;0.0;0.0;0.0;0.0;0.0;0.0;0.0;0.0;0.0;0.0;0.0;0.0;0.0;0.0;0.0;0.0;0.0;0.0;0.0;0.0;0.0;0.0;0.0;0.0;0.0;0.0;0.0;0.0;0.0;0.0;0.0;0.0;0.0;0.0;0.0;0.0;0.0;0.0;0.0;0.0
59;https://doi.org/10.1002/ejic.201600573;-2000;-4014;776.1266296;62.0;fac-[PtBr3I3] 2-;anion;oct;hal;[Pt@OH1]([Br])([Br])([Br])([I])([I])[I];1510.74539;1510.737598;1510.736017;1061.719959;1061.71961;1061.71953;0.0;0.0;0.0;0.0;0.0;0.0;0.0;0.0;0.0;0.0;0.0;0.0;0.0;0.0;0.0;0.0;0.0;0.0;0.0;0.0;0.0;0.0;0.0;0.0;0.0;0.0;0.0;0.0;0.0;0.0;0.0;0.0;0.0;0.0;0.0;0.0;0.0;0.0;0.0;0.0
60;https://doi.org/10.1002/ejic.201600573;-2000;-4603;5.05e-05;-12.0;trans-[PtBr2I4] 2-;anion;oct;hal;[Pt@OH1]([Br])([I])([I])([I])([I])[Br];1511.652122;1511.65127;1511.63498;1511.632448;1050.112608;1050.112559;0.0;0.0;0.0;0.0;0.0;0.0;0.0;0.0;0.0;0.0;0.0;0.0;0.0;0.0;0.0;0.0;0.0;0.0;0.0;0.0;0.0;0.0;0.0;0.0;0.0;0.0;0.0;0.0;0.0;0.0;0.0;0.0;0.0;0.0;0.0;0.0;0.0;0.0;0.0;0.0
61;https://doi.org/10.1002/ejic.201600573;-2000;-4719;598.3553339;-10.0;cis-[PtBr2I4] 2-;anion;oct;hal;[Pt@OH1]([I])([I])([Br])([Br])([I])[I];1505.166272;1505.138309;1511.707053;1511.672776;1056.734648;1056.734822;0.0;0.0;0.0;0.0;0.0;0.0;0.0;0.0;0.0;0.0;0.0;0.0;0.0;0.0;0.0;0.0;0.0;0.0;0.0;0.0;0.0;0.0;0.0;0.0;0.0;0.0;0.0;0.0;0.0;0.0;0.0;0.0;0.0;0.0;0.0;0.0;0.0;0.0;0.0;0.0
62;https://doi.org/10.1002/ejic.201600573;-2000;-5081;830.7317512;-38.0;[PtClI5] 2-;anion;oct;hal;[Pt@OH1]([I])([I])([I])([I])([I])[Cl];1511.300144;1511.501017;1511.501242;1511.498596;1511.498859;544.096222;0.0;0.0;0.0;0.0;0.0;0.0;0.0;0.0;0.0;0.0;0.0;0.0;0.0;0.0;0.0;0.0;0.0;0.0;0.0;0.0;0.0;0.0;0.0;0.0;0.0;0.0;0.0;0.0;0.0;0.0;0.0;0.0;0.0;0.0;0.0;0.0;0.0;0.0;0.0;0.0
63;https://doi.org/10.1002/ejic.201600573;-2000;-5483;403.4539384;-83.0;[PtBrI5] 2-;anion;oct;hal;[Pt@OH1]([I])([I])([I])([I])([I])[Br];1499.38078;1505.818538;1505.817602;1505.817461;1505.816492;1051.426797;0.0;0.0;0.0;0.0;0.0;0.0;0.0;0.0;0.0;0.0;0.0;0.0;0.0;0.0;0.0;0.0;0.0;0.0;0.0;0.0;0.0;0.0;0.0;0.0;0.0;0.0;0.0;0.0;0.0;0.0;0.0;0.0;0.0;0.0;0.0;0.0;0.0;0.0;0.0;0.0
64;https://doi.org/10.1002/ejic.201600573;-2000;-6293;0.000177858;-156.0;[PtI6] 2-;anion;oct;hal;[Pt@OH1]([I])([I])([I])([I])([I])[I];1499.789439;1499.788753;1499.787343;1499.786667;1499.786439;1499.786042;0.0;0.0;0.0;0.0;0.0;0.0;0.0;0.0;0.0;0.0;0.0;0.0;0.0;0.0;0.0;0.0;0.0;0.0;0.0;0.0;0.0;0.0;0.0;0.0;0.0;0.0;0.0;0.0;0.0;0.0;0.0;0.0;0.0;0.0;0.0;0.0;0.0;0.0;0.0;0.0
65;https://doi.org/10.1016/S0020-1693(00)81457-7;-2000;-1780;295.358378;-0.047;[Pt(NO2)3(OH)] 2-;anion;sq-pl;inorg;[Pt-]([N+](=O)[O-])([N+](=O)[O-])([N+](=O)[O-])O[H];301.4948275;285.4650873;282.5576975;282.6884867;227.379229;225.3440238;225.1724744;224.3686954;223.8439956;224.0634832;31.46742136;0.0;0.0;0.0;0.0;0.0;0.0;0.0;0.0;0.0;0.0;0.0;0.0;0.0;0.0;0.0;0.0;0.0;0.0;0.0;0.0;0.0;0.0;0.0;0.0;0.0;0.0;0.0;0.0;0.0;0.0;0.0;0.0;0.0;0.0;0.0
66;https://doi.org/10.1016/S0020-1693(00)81457-7;-2000;-1487;1058.62284;0.06;[Pt(NO2)2(C2O4)]2-;anion;sq-pl;org-inorg;O=C1O[Pt-2]([N+]([O-])=O)([N+]([O-])=O)[O-2]C1=O;296.7796012;296.7792552;289.6649239;289.6645132;229.3262864;229.3257472;229.3236735;229.3182652;152.5654835;152.5653488;161.9964556;161.9963637;0.0;0.0;0.0;0.0;0.0;0.0;0.0;0.0;0.0;0.0;0.0;0.0;0.0;0.0;0.0;0.0;0.0;0.0;0.0;0.0;0.0;0.0;0.0;0.0;0.0;0.0;0.0;0.0;0.0;0.0;0.0;0.0;0.0;0.0
67;https://doi.org/10.1002/jcc.24461;0;-1714;3089.593916;0.024;Pt(1,1-cbdca)(NH3)2;neutral;sq-pl;org;[NH3][Pt](OC(C12CCC2)=O)([NH3])OC1=O;311.5414472;311.5357649;256.5088721;256.5023659;155.5398616;155.5368418;164.1578265;164.1571342;159.0626224;156.0648434;105.1880948;104.2777031;31.29903123;31.29198682;28.83552919;28.81184265;28.38304621;28.36659653;26.82942072;26.81335501;15.51335273;15.51243586;15.28759505;15.28415751;0.0;0.0;0.0;0.0;0.0;0.0;0.0;0.0;0.0;0.0;0.0;0.0;0.0;0.0;0.0;0.0;0.0;0.0;0.0;0.0;0.0;0.0
68;https://doi.org/10.1002/jcc.24461;0;-1565;1107.43399;116.0;cis-Pt(NH 3) 2(Ac)2;neutral;sq-pl;org;[Pt@SP1](OC(=O)C)([NH3+])([NH3+])OC(=O)C;304.3455917;304.3419478;262.5546687;262.5520846;186.424225;186.4223665;155.1402732;155.1395429;107.2006014;107.2003711;31.25348304;31.25319198;29.12682052;29.12418768;29.11107299;29.10799333;17.51074115;17.50704437;15.77826451;15.75022323;15.54668121;15.52344949;0.0;0.0;0.0;0.0;0.0;0.0;0.0;0.0;0.0;0.0;0.0;0.0;0.0;0.0;0.0;0.0;0.0;0.0;0.0;0.0;0.0;0.0;0.0;0.0
69;https://doi.org/10.1002/jcc.24461;0;-1686;3146.573327;11.0;cis-Pt(NH 3) 2(bumal) 2;neutral;sq-pl;org;[Pt@SP1]1(OC(=O)C(C(=O)O1)CCCC)([NH3+])[NH3+];311.6169466;310.4510102;256.0476808;256.05395;154.7486531;154.2762772;162.1796008;161.5138476;152.1118237;148.26494;113.2158744;114.6757856;101.4133191;33.17684762;31.35092388;31.30261264;28.91089538;28.74227993;28.29964755;28.16687597;25.0779874;20.06017168;19.21001298;18.74944085;18.18852877;16.06162694;16.01897312;15.34885034;13.85339472;0.0;0.0;0.0;0.0;0.0;0.0;0.0;0.0;0.0;0.0;0.0;0.0;0.0;0.0;0.0;0.0;0.0
70;https://doi.org/10.1002/jcc.24461;0;-1872;3607.064609;0.004;cis-Pt(EtNH 2) 2(Ox);neutral;sq-pl;org;[Pt@@]1(OC(=O)C(O1)=O)([N](CC)([H])[H])[N](CC)([H])[H];314.0521253;314.0502299;257.8449876;257.8445186;169.74888;169.7488184;158.5652019;158.5650876;152.3414888;152.3384587;143.9926572;143.9905953;31.57312989;31.57287169;29.51530062;29.51286325;28.8251023;28.82342568;23.37523064;23.37444118;21.72718972;21.72533145;19.30232361;19.30212903;18.48910501;18.48816704;0.0;0.0;0.0;0.0;0.0;0.0;0.0;0.0;0.0;0.0;0.0;0.0;0.0;0.0;0.0;0.0;0.0;0.0;0.0;0.0
71;https://doi.org/10.1002/jcc.24461;0;-1860;3317.275925;-21.0;cis-Pt(EtNH 2) 2(CBDCA) 2;neutral;sq-pl;org;[Pt@SP1]1(OC(=O)C2(CCC2)C(=O)O1)([NH2+]CC)[NH2+](CC);309.9890907;309.8466553;257.7679805;256.7735048;155.0374294;155.023434;163.3876874;163.305279;157.6957371;153.7216182;153.5828362;152.933963;145.9961482;138.5877186;104.5100292;103.3698366;31.64367672;31.18841313;30.11744894;28.82222515;28.45490481;27.61376021;26.98403672;25.79790224;24.66641891;23.33174027;22.06840141;20.63109556;19.34786946;19.34778862;18.67459857;18.02002012;15.4645204;15.40590831;15.32858025;15.01510252;0.0;0.0;0.0;0.0;0.0;0.0;0.0;0.0;0.0;0.0
72;https://doi.org/10.1002/jcc.24461;0;-1693;1392.574866;0.065;cis-Pt(Me 2 NH) 2 (Ac)2;neutral;sq-pl;org;CC([Pt@@](C(C)=O)([N]([H])(C)C)[N]([H])(C)C)=O;301.4547334;301.4500312;263.4672344;263.461243;185.7695443;185.7146593;154.2222867;154.1826963;156.954061;156.9338443;151.9238399;151.9041643;106.8123702;106.7954614;32.15168185;32.15103672;26.21706353;26.21383513;24.83916845;24.83022221;23.4468288;23.44042775;22.68021162;22.67995765;19.7798862;19.77922426;19.42892902;19.42689022;17.3256692;17.31621985;16.13974442;16.12608058;15.22376446;15.214713;0.0;0.0;0.0;0.0;0.0;0.0;0.0;0.0;0.0;0.0;0.0;0.0
73;https://doi.org/10.1002/jcc.24461;0;-1887;3715.314144;20.0;cis-Pt(Me2NH)2(Ox);neutral;sq-pl;org;[Pt@SP1]1(OC(=O)C(=O)O1)([NH+](C)C)[NH+](C)C;314.0;314.0;260.0;260.0;170.0;170.0;159.0;159.0;156.0;156.0;151.0;151.0;32.3;32.3;26.0;26.0;24.6;24.6;23.7;23.7;22.9;22.9;19.6;19.6;19.3;19.3;0.0;0.0;0.0;0.0;0.0;0.0;0.0;0.0;0.0;0.0;0.0;0.0;0.0;0.0;0.0;0.0;0.0;0.0;0.0;0.0
74;https://doi.org/10.1002/jcc.24461;0;-1882;3493.914257;13.0;cis-Pt(Me2NH)2(Mal);neutral;sq-pl;org;[Pt@SP1]1(OC(=O)CC(=O)O1)([NH+](C)C)[NH+](C)C;310.0;310.0;261.0;261.0;155.0;155.0;162.0;162.0;159.0;156.0;154.0;154.0;150.0;32.3;32.0;27.5;26.8;25.4;25.3;24.2;24.1;23.3;23.2;22.8;19.9;19.0;19.5;19.5;19.2;0.0;0.0;0.0;0.0;0.0;0.0;0.0;0.0;0.0;0.0;0.0;0.0;0.0;0.0;0.0;0.0;0.0
75;https://doi.org/10.1002/jcc.24461;-1000;-2526;856.998763;0.04;[Pt(SOMe 2 )(OH)3 ]-;anion;sq-pl;org-inorg;[Pt-]([S](C)(C)=O)(O[H])(O[H])O[H];563.3097711;313.6166272;305.399484;302.0051382;189.1138614;140.8924952;140.8820462;33.12397888;31.76106795;31.8010493;23.96367513;23.95839302;21.93554575;21.93361577;18.25170225;18.25116963;0.0;0.0;0.0;0.0;0.0;0.0;0.0;0.0;0.0;0.0;0.0;0.0;0.0;0.0;0.0;0.0;0.0;0.0;0.0;0.0;0.0;0.0;0.0;0.0;0.0;0.0;0.0;0.0;0.0;0.0
76;https://doi.org/10.1002/jcc.24461;0;-1456;1717.553912;0.12;cis-Pt(Me 2 en) 2(Ac)2;neutral;sq-pl;org;[Pt]1(OC(=O)C)([N](CC[N]1(C)[H])(C)[H])OC(=O)C;304.8837266;304.4265371;261.4917617;260.9868666;232.6879193;215.1501882;174.3483208;168.2861037;168.0686378;159.6048849;152.7714988;151.1755772;112.7932356;111.2042278;33.07093251;29.98382755;27.15562647;24.59133959;24.51461387;23.85158252;23.06487035;22.55036235;20.37213568;20.32885565;19.33255821;19.26465951;17.34213372;17.32258648;17.2546367;17.05226709;16.19269579;15.84911696;0.0;0.0;0.0;0.0;0.0;0.0;0.0;0.0;0.0;0.0;0.0;0.0;0.0;0.0
77;https://doi.org/10.1002/jcc.24461;0;-1469;2045.79717;0.034;cis-Pt(Me 4 en) 2(Ac)2;neutral;sq-pl;org;[Pt]1(OC(=O)C)([N](CC[N]1(C)C)(C)C)OC(=O)C;304.2188419;303.6143516;261.2481087;259.8300847;233.6802125;190.7910051;174.5576281;163.2564026;157.4664654;162.7333348;163.28353;160.2876121;156.1137976;154.6293891;112.8280602;108.3155;26.86099137;26.56615171;26.05594775;25.60809286;25.26974803;24.74453373;24.83046217;24.50486099;24.23638019;23.41746304;20.15204683;20.1056089;20.04974531;20.04084091;19.54699661;19.47040958;17.34786658;17.34712106;17.224505;16.68708458;16.2054083;15.28374774;0.0;0.0;0.0;0.0;0.0;0.0;0.0;0.0
78;https://doi.org/10.1002/jcc.24461;0;-1988;3734.936392;49.0;cis-Pt(Me 2 en) 2(Ox);neutral;sq-pl;org;[Pt@SP1]12([NH+](CC[NH+]1C)C)OC(=O)C(=O)O2;314.8452108;314.8408553;261.3071157;261.3011779;157.7749058;157.7738277;168.271004;168.2692463;161.4152428;161.4075553;156.1291636;156.1174776;30.56225786;30.55871528;25.28626953;25.28299095;24.57645412;24.56828602;24.35797915;24.35399811;20.02088776;20.02080635;19.5477464;19.5472302;0.0;0.0;0.0;0.0;0.0;0.0;0.0;0.0;0.0;0.0;0.0;0.0;0.0;0.0;0.0;0.0;0.0;0.0;0.0;0.0;0.0;0.0
79;https://doi.org/10.1002/jcc.24461;0;-1970;3784.886111;21.0;cis-Pt(Me 4 en) 2(Ox);neutral;sq-pl;org;[Pt@SP1]12([N+](CC[N+]1(C)C)(C)C)OC(=O)C(=O)O2;313.7393015;313.7383287;263.6855964;263.6833226;157.5834887;157.5829322;168.0930635;168.0919251;162.4192718;162.4021282;162.4027553;162.3917132;160.1751763;160.1495093;26.20238512;26.18102647;25.79654226;25.79606347;25.84601082;25.82346069;25.47342152;25.46397144;24.08584169;24.0783749;20.20242287;20.20213588;20.0168331;20.01631568;19.85886923;19.85727974;0.0;0.0;0.0;0.0;0.0;0.0;0.0;0.0;0.0;0.0;0.0;0.0;0.0;0.0;0.0;0.0
80;https://doi.org/10.1002/jcc.24461;0;-1974;3496.123162;36.0;cis-Pt(Me 2 en) 2(Mal);neutral;sq-pl;org;[Pt@SP1]12([NH+](CC[NH+]1C)C)OC(=O)CC(=O)O2;311.3752871;311.2933582;261.1117688;260.2345811;154.4864551;154.4247544;162.0309161;161.9508099;162.5008637;161.6157465;154.6419624;155.7611231;154.0165323;31.04000968;30.13330321;27.29616151;25.09456211;24.92132529;24.70596521;24.69981241;24.22636423;24.04530769;20.06593957;20.06006877;19.50772358;18.95340665;19.40834193;0.0;0.0;0.0;0.0;0.0;0.0;0.0;0.0;0.0;0.0;0.0;0.0;0.0;0.0;0.0;0.0;0.0;0.0;0.0
81;https://doi.org/10.1002/jcc.24461;0;-1976;3571.802814;8.0;cis-Pt(Me 4 en) 2(Mal);neutral;sq-pl;org;[Pt@SP1]12([N+](CC[N+]1(C)C)(C)C)OC(=O)CC(=O)O2;310.1119823;310.0728913;263.4302473;262.61701;154.3018566;154.290931;162.0295756;161.9809522;162.9900994;162.9076195;163.9655992;160.8177587;159.7816311;158.1545462;155.3172622;27.59279106;26.45104338;26.27946915;25.76785027;25.64264613;25.64865852;25.55910921;25.3695507;25.04867865;24.20285113;24.13657912;20.23940269;20.22946239;20.12311296;19.89244045;19.82140314;19.71847363;19.01357982;0.0;0.0;0.0;0.0;0.0;0.0;0.0;0.0;0.0;0.0;0.0;0.0;0.0
82;https://doi.org/10.1002/jcc.24461;0;-1835;3154.529265;-41.0;cis-Pt(Me 2 NH) 2 (benzmal);neutral;sq-pl;org;[Pt@SP1]1([NH+](C)C)([NH+](C)C)OC(=O)C(C(=O)O1)Cc1ccccc1;309.1730893;309.1716723;259.089179;259.0786573;152.848802;152.8403988;158.9300366;158.9220366;160.9499493;160.9435138;153.584879;144.8147793;146.6174142;146.6045514;146.8737918;146.8524811;134.4884195;134.4776699;129.2586288;125.8779746;32.01917704;32.01541216;27.16546449;27.16121675;24.56425988;24.56270219;23.65451668;23.65111249;22.16173772;22.15682403;21.01335864;21.01136117;19.94784261;19.9470834;18.29100406;18.8079053;18.8062346;18.98889246;18.98768774;17.55657836;17.55259107;17.90659141;0.0;0.0;0.0;0.0
83;https://doi.org/10.1002/jcc.24461;0;-1926;3207.259533;-27.0;cis-Pt(Me 2 en) 2(benzmal);neutral;sq-pl;org;[Pt@SP1]12(OC(=O)C(C(=O)O1)Cc1ccccc1)[NH+](CC[NH+]2C)C;311.352761;310.5513006;260.7265462;259.8267953;153.6673224;153.2109535;160.2637876;159.7043261;161.5479483;160.9766163;156.5747767;157.9749946;154.203505;146.4637022;151.3702884;138.8833335;139.18545;128.6937822;126.1612145;125.9136654;31.54125189;30.83912747;25.0342599;24.74388916;24.21595755;24.34642416;24.06162774;23.21353157;23.20435174;19.70323922;20.02980214;19.9912415;19.63307811;19.41937927;19.24929238;18.39814552;18.37348635;17.45966151;17.47087056;17.39674605;0.0;0.0;0.0;0.0;0.0;0.0
84;https://doi.org/10.1002/jcc.24461;0;-1930;3201.550501;-26.0;cis-Pt(Me 4 en) 2(benzmal);neutral;sq-pl;org;[Pt@SP1]12(OC(=O)C(C(=O)O1)Cc1ccccc1)[N+](C)(CC[N+]2(C)C)C;310.4956012;310.0965367;262.4467237;260.6435467;152.7009709;152.7837162;158.2621728;158.491138;163.8178887;163.8829252;161.7348355;160.1089428;158.7835154;153.0703077;155.7825592;143.0905144;142.1258723;132.4612308;121.9864303;120.514281;113.4985007;109.7542283;26.56319351;26.11400932;25.69341362;25.69919867;25.70807049;25.09295794;25.09891181;24.7529015;24.43487894;24.07232492;23.69126449;20.21328028;20.19455122;20.1135776;19.73571444;19.8237661;19.54659956;19.5551948;18.21591684;17.69122946;17.32332691;16.63353419;15.98433368;15.35247296
85;https://doi.org/10.1002/jcc.24461;0;-1827;3337.961232;-21.0;cis-Pt(EtNH 2) 2(bumal) 2;neutral;sq-pl;org;[Pt@SP1]1(OC(=O)C(C(=O)O1)CCCC)([NH2+]CC)[NH2+]CC;309.9392785;309.4872936;257.6874228;257.5780257;154.2286694;154.0393507;161.3560444;161.0982858;151.0866874;153.5216543;148.8704841;145.4470471;145.3408873;138.7073702;110.1255538;93.15125314;74.70492433;32.03519886;31.57882611;31.55196666;29.9763952;29.46990691;28.58438206;27.43877444;23.61639378;22.7673005;21.7965689;21.49955542;19.9106618;19.17013962;18.6676254;19.37608214;19.07389583;18.66005973;17.80568945;17.06225841;15.33126071;14.16023241;12.66838981;11.33094365;11.22912825;0.0;0.0;0.0;0.0;0.0
86;https://doi.org/10.1002/jcc.24461;0;-1826;3434.341458;-21.0;cis-Pt(Me 2 NH) 2 (bumal) 2;neutral;sq-pl;org;[Pt@SP1]1(OC(=O)C(C(=O)O1)CCCC)([NH+](C)C)[NH+](C)C;309.8435359;309.2007921;259.7003209;259.6524706;154.4584682;154.1954385;162.0958925;161.7735978;152.992086;157.045881;155.3099274;148.9291694;151.5337774;150.3824301;112.2978205;95.49188982;76.15178166;33.20242524;32.2346087;32.11428025;26.30262311;25.61163604;24.80272711;24.37624599;23.78167712;23.70372662;22.90751984;22.86008958;20.27744203;19.47930881;18.82338406;19.69021674;19.53603058;19.29616107;19.19675607;17.62364433;15.51757563;14.48496234;12.90191887;11.50189501;11.45243759;0.0;0.0;0.0;0.0;0.0
87;https://doi.org/10.1002/jcc.24461;0;-1923;3495.502338;-13.0;cis-Pt(Me 2 en) 2(bumal) 2;neutral;sq-pl;org;[Pt@SP1]12([NH+](CC[NH+]1C)C)OC(=O)C(C(=O)O2)CCCC;310.9832383;309.6327191;260.2337302;259.024712;154.1307497;153.5997693;161.3613846;160.5796996;161.9973306;161.1847868;151.1786315;155.6616515;153.7974335;148.5630848;114.5200405;116.2881395;102.0584747;33.44827113;31.00602208;29.9435356;25.16951945;25.11270789;24.95219327;24.64239721;24.70471506;24.18124557;23.96531182;19.98343658;19.62546873;20.0172586;20.01598845;18.65858874;19.48616135;19.38352939;18.84433936;15.9649467;16.08768396;15.47706493;13.97979835;0.0;0.0;0.0;0.0;0.0;0.0;0.0
88;https://doi.org/10.1002/jcc.24461;0;-1922;3497.776712;-27.0;cis-Pt(Me 4 en) 2(bumal) 2;neutral;sq-pl;org;[Pt@SP1]12([N+](CC[N+]1(C)C)(C)C)OC(=O)C(C(=O)O2)CCCC;309.8921039;309.5537696;262.6532047;262.0006583;153.8965043;153.6857125;161.176889;160.9012916;162.7419387;162.6330152;163.4617745;160.5463878;159.5111385;158.0129595;151.5505935;148.1118045;111.186954;95.35903602;75.70271693;33.16312543;26.39514379;26.17360585;25.79614682;25.6331962;25.53852433;25.42942187;25.48914525;24.96946649;24.18378169;24.10978412;20.32176825;20.20280955;20.20894473;20.07960158;19.86699102;19.79545369;19.70058678;19.13643913;18.69153399;17.64952281;15.3647582;14.56604448;12.75895007;11.43132471;11.42303656;0.0
89;https://doi.org/10.1002/jcc.24461;0;-1833;3160.715688;-0.041;cis-Pt(EtNH 2) 2(benzmal);neutral;sq-pl;org;[Pt]1([N](CC)([H])[H])(OC(C(C(O1)=O)CC2=CC=CC=C2)=O)[N](CC)([H])[H];310.2537433;309.9343966;259.7676165;257.0072799;153.7688318;153.5356877;160.7259309;160.4481578;159.1917497;156.7158765;147.4963587;151.8497931;146.3109031;141.8787324;145.7569406;139.2800921;128.7289459;128.1168161;127.3816564;103.5827894;31.75922449;31.21242244;30.71517549;29.71314436;28.62971802;23.27595371;22.95832127;23.01611089;22.95742652;22.4774895;20.0455393;19.68926504;18.50645559;19.31256599;18.21401233;18.53584408;17.58247772;17.7189147;17.5669263;16.31421921;16.35565409;14.59528791;0.0;0.0;0.0;0.0
90;https://doi.org/10.1002/jcc.24461;-2000;-1671;197.9955475;65.0;[Pt(NO 2)Cl 3 ]2-;anion;sq-pl;hal-inorg;[Pt@SP1](N(=O)=O)(Cl)(Cl)Cl;562.9043516;562.8821247;545.8125934;300.084462;235.9350515;235.8104369;0.0;0.0;0.0;0.0;0.0;0.0;0.0;0.0;0.0;0.0;0.0;0.0;0.0;0.0;0.0;0.0;0.0;0.0;0.0;0.0;0.0;0.0;0.0;0.0;0.0;0.0;0.0;0.0;0.0;0.0;0.0;0.0;0.0;0.0;0.0;0.0;0.0;0.0;0.0;0.0
91;https://doi.org/10.1002/jcc.24461;-2000;-1828;639.6576832;13.0;trans-[Pt(NO2 )Cl 2Br] 2-;anion;sq-pl;hal-inorg;[Pt@SP1](Cl)(N(=O)=O)(Cl)Br;1086.325749;554.2202081;554.2159901;300.5020998;236.5269647;236.5127128;0.0;0.0;0.0;0.0;0.0;0.0;0.0;0.0;0.0;0.0;0.0;0.0;0.0;0.0;0.0;0.0;0.0;0.0;0.0;0.0;0.0;0.0;0.0;0.0;0.0;0.0;0.0;0.0;0.0;0.0;0.0;0.0;0.0;0.0;0.0;0.0;0.0;0.0;0.0;0.0
92;https://doi.org/10.1002/jcc.24461;-2000;-1878;868.8094025;33.0;cis-[Pt(NO 2 )Cl 2Br]2-;anion;sq-pl;hal-inorg;[Pt@SP1](Br)(N(=O)=O)(Cl)Cl;1115.94289;558.9452556;540.3544537;300.4458151;236.4198503;236.3925888;0.0;0.0;0.0;0.0;0.0;0.0;0.0;0.0;0.0;0.0;0.0;0.0;0.0;0.0;0.0;0.0;0.0;0.0;0.0;0.0;0.0;0.0;0.0;0.0;0.0;0.0;0.0;0.0;0.0;0.0;0.0;0.0;0.0;0.0;0.0;0.0;0.0;0.0;0.0;0.0
93;https://doi.org/10.1002/jcc.24461;-2000;-2057;920.5140732;-19.0;cis-[Pt(NO 2 )ClBr 2 ]2-;anion;sq-pl;hal-inorg;[Pt@SP1](Br)(Br)(N(=O)=O)Cl;1103.069805;1077.270444;550.4882912;300.5944055;236.8537261;236.8063528;0.0;0.0;0.0;0.0;0.0;0.0;0.0;0.0;0.0;0.0;0.0;0.0;0.0;0.0;0.0;0.0;0.0;0.0;0.0;0.0;0.0;0.0;0.0;0.0;0.0;0.0;0.0;0.0;0.0;0.0;0.0;0.0;0.0;0.0;0.0;0.0;0.0;0.0;0.0;0.0
94;https://doi.org/10.1002/jcc.24461;-2000;-2104;312.0028078;4.0;trans-[Pt(NO2 )ClBr 2 ]2-;anion;sq-pl;hal-inorg;[Pt@SP1](Br)(Cl)(Br)N(=O)=O;1102.518032;1102.5151;535.482556;300.7708065;236.8950426;236.8575961;0.0;0.0;0.0;0.0;0.0;0.0;0.0;0.0;0.0;0.0;0.0;0.0;0.0;0.0;0.0;0.0;0.0;0.0;0.0;0.0;0.0;0.0;0.0;0.0;0.0;0.0;0.0;0.0;0.0;0.0;0.0;0.0;0.0;0.0;0.0;0.0;0.0;0.0;0.0;0.0
95;https://doi.org/10.1002/jcc.24461;-2000;-2303;391.1970695;-48.0;[Pt(NO 2)Br 3] 2-;anion;sq-pl;hal-inorg;[Pt@SP1](Br)(Br)(N(=O)=O)Br;1088.771515;1088.771773;1069.312992;300.7534821;237.2035449;237.0913667;0.0;0.0;0.0;0.0;0.0;0.0;0.0;0.0;0.0;0.0;0.0;0.0;0.0;0.0;0.0;0.0;0.0;0.0;0.0;0.0;0.0;0.0;0.0;0.0;0.0;0.0;0.0;0.0;0.0;0.0;0.0;0.0;0.0;0.0;0.0;0.0;0.0;0.0;0.0;0.0
96;https://doi.org/10.1002/jcc.24461;-2000;-1797;26.41117113;13.0;trans-[Pt(NO2 )2 Cl2 ]2-;anion;sq-pl;hal-inorg;[Pt@SP1](Cl)(N(=O)=O)(Cl)N(=O)=O;555.316737;555.3125662;288.6884545;288.6887904;229.013889;229.0129176;229.0259296;229.0208914;0.0;0.0;0.0;0.0;0.0;0.0;0.0;0.0;0.0;0.0;0.0;0.0;0.0;0.0;0.0;0.0;0.0;0.0;0.0;0.0;0.0;0.0;0.0;0.0;0.0;0.0;0.0;0.0;0.0;0.0;0.0;0.0;0.0;0.0;0.0;0.0;0.0;0.0
97;https://doi.org/10.1002/jcc.24461;-2000;-1994;856.1046382;-56.0;trans-[Pt(NO2 )2 ClBr]2-;anion;sq-pl;hal-inorg;[Pt@SP1](N(=O)=O)(Cl)(N(=O)=O)Br;1122.649385;561.3472016;288.2140754;288.2074966;228.3191826;228.3050256;228.292994;228.297994;0.0;0.0;0.0;0.0;0.0;0.0;0.0;0.0;0.0;0.0;0.0;0.0;0.0;0.0;0.0;0.0;0.0;0.0;0.0;0.0;0.0;0.0;0.0;0.0;0.0;0.0;0.0;0.0;0.0;0.0;0.0;0.0;0.0;0.0;0.0;0.0;0.0;0.0
98;https://doi.org/10.1002/jcc.24461;-2000;-2209;1.422262106;-86.0;trans-[Pt(NO2 )2 Br2 ]2-;anion;sq-pl;hal-inorg;[Pt@SP1](N(=O)=O)(Br)(N(=O)=O)Br;1108.231735;1108.230096;288.3543992;288.356118;228.5941251;228.5950946;228.4938858;228.4939028;0.0;0.0;0.0;0.0;0.0;0.0;0.0;0.0;0.0;0.0;0.0;0.0;0.0;0.0;0.0;0.0;0.0;0.0;0.0;0.0;0.0;0.0;0.0;0.0;0.0;0.0;0.0;0.0;0.0;0.0;0.0;0.0;0.0;0.0;0.0;0.0;0.0;0.0
99;https://doi.org/10.1002/jcc.24461;-2000;-1797;27.18427771;13.0;cis-[Pt(NO 2 )2Cl 2 ]2-;anion;sq-pl;hal-inorg;[Pt@SP1](N(=O)=O)(N(=O)=O)(Cl)Cl;555.3188679;555.3172818;288.6900742;288.6878225;229.0439271;229.0291121;229.0045796;228.9918687;0.0;0.0;0.0;0.0;0.0;0.0;0.0;0.0;0.0;0.0;0.0;0.0;0.0;0.0;0.0;0.0;0.0;0.0;0.0;0.0;0.0;0.0;0.0;0.0;0.0;0.0;0.0;0.0;0.0;0.0;0.0;0.0;0.0;0.0;0.0;0.0;0.0;0.0
100;https://doi.org/10.1002/jcc.24461;-2000;-1949;822.5555356;-32.0;cis-[Pt(NO 2 )2ClBr]2-;anion;sq-pl;hal-inorg;[Pt@SP1](N(=O)=O)(N(=O)=O)(Br)Cl;1102.715901;547.8532422;289.3772267;287.1128071;229.5616789;229.5137432;228.4182774;228.4156176;0.0;0.0;0.0;0.0;0.0;0.0;0.0;0.0;0.0;0.0;0.0;0.0;0.0;0.0;0.0;0.0;0.0;0.0;0.0;0.0;0.0;0.0;0.0;0.0;0.0;0.0;0.0;0.0;0.0;0.0;0.0;0.0;0.0;0.0;0.0;0.0;0.0;0.0
101;https://doi.org/10.1002/jcc.24461;-2000;-2120;979.5111651;-78.0;cis-[Pt(NO 2 )2Br 2] 2-;anion;sq-pl;hal-inorg;[Pt@SP1](N(=O)=O)(Br)(Br)N(=O)=O;1089.74848;1089.718979;287.7135406;287.714577;228.8588903;228.850921;228.8557319;228.8479588;0.0;0.0;0.0;0.0;0.0;0.0;0.0;0.0;0.0;0.0;0.0;0.0;0.0;0.0;0.0;0.0;0.0;0.0;0.0;0.0;0.0;0.0;0.0;0.0;0.0;0.0;0.0;0.0;0.0;0.0;0.0;0.0;0.0;0.0;0.0;0.0;0.0;0.0
102;https://doi.org/10.1002/jcc.24461;-2000;-1949;57.77739043;-66.0;[Pt(NO 2)3 Cl] 2-;anion;sq-pl;hal-inorg;[Pt@SP1](N(=O)=O)(N(=O)=O)(Cl)N(=O)=O;560.500518;283.8214078;281.9369549;281.9350712;226.178242;226.1728317;225.6928303;225.670127;223.8944892;223.8706281;0.0;0.0;0.0;0.0;0.0;0.0;0.0;0.0;0.0;0.0;0.0;0.0;0.0;0.0;0.0;0.0;0.0;0.0;0.0;0.0;0.0;0.0;0.0;0.0;0.0;0.0;0.0;0.0;0.0;0.0;0.0;0.0;0.0;0.0;0.0;0.0
103;https://doi.org/10.1002/jcc.24461;-2000;-2187;0.521702148;-125.0;[Pt(NO2)4] 2-;anion;sq-pl;inorg;[Pt@SP1](N(=O)=O)(N(=O)=O)(N(=O)=O)N(=O)=O;279.1721817;279.1718599;279.1721519;279.1712057;223.3977191;223.3963083;223.3950241;223.3949532;223.390959;223.3909863;223.3888661;223.3888432;0.0;0.0;0.0;0.0;0.0;0.0;0.0;0.0;0.0;0.0;0.0;0.0;0.0;0.0;0.0;0.0;0.0;0.0;0.0;0.0;0.0;0.0;0.0;0.0;0.0;0.0;0.0;0.0;0.0;0.0;0.0;0.0;0.0;0.0
104;https://doi.org/10.1002/ejic.202000474;2000;-2580;0.201939937;45.0;[Pt(NH3)4] 2+;cation;sq-pl;org;[Pt@SP1]([NH3+])([NH3+])([NH3+])[NH3+];262.212577;262.2105473;262.2102317;262.2089694;29.58512499;29.58447148;29.58428392;29.58407593;29.58369967;29.58342403;29.58282006;29.58196122;29.15479505;29.15385987;29.15276126;29.15147;0.0;0.0;0.0;0.0;0.0;0.0;0.0;0.0;0.0;0.0;0.0;0.0;0.0;0.0;0.0;0.0;0.0;0.0;0.0;0.0;0.0;0.0;0.0;0.0;0.0;0.0;0.0;0.0;0.0;0.0
105;https://doi.org/10.1002/ejic.202000474;1000;-2353;1525.422527;-34.0;[Pt(NH3)3Cl]+;cation;sq-pl;hal-org;[Pt@SP1]([NH3+])([NH3+])([NH3+])Cl;592.7365485;265.124692;265.0920822;248.4026194;31.24018773;31.23175614;29.54159252;29.50091441;29.28988711;29.24831881;28.71438286;28.3956873;28.37411246;0.0;0.0;0.0;0.0;0.0;0.0;0.0;0.0;0.0;0.0;0.0;0.0;0.0;0.0;0.0;0.0;0.0;0.0;0.0;0.0;0.0;0.0;0.0;0.0;0.0;0.0;0.0;0.0;0.0;0.0;0.0;0.0;0.0
106;https://doi.org/10.1002/ejic.202000474;1000;-2492;1855.791957;-42.0;[Pt(NH3)3Br]+;cation;sq-pl;hal-org;[Pt@SP1]([NH3+])([NH3+])([NH3+])Br;1149.871422;263.5208805;263.7587759;247.9430255;30.61451529;30.41395907;30.41215256;29.39837092;29.39595724;28.63398726;28.5647008;28.56218845;28.19245539;0.0;0.0;0.0;0.0;0.0;0.0;0.0;0.0;0.0;0.0;0.0;0.0;0.0;0.0;0.0;0.0;0.0;0.0;0.0;0.0;0.0;0.0;0.0;0.0;0.0;0.0;0.0;0.0;0.0;0.0;0.0;0.0;0.0
107;https://doi.org/10.1002/ejic.202000474;1000;-2819;2082.872655;-97.0;[Pt(NH3)3I]+;cation;sq-pl;hal-org;[Pt@SP1]([NH3+])([NH3+])([NH3+])I;1609.210593;263.2855315;263.2412334;248.4651575;30.28397486;30.2822869;30.16631464;30.12968171;28.82538951;28.78719196;28.684191;28.38225493;28.339071;0.0;0.0;0.0;0.0;0.0;0.0;0.0;0.0;0.0;0.0;0.0;0.0;0.0;0.0;0.0;0.0;0.0;0.0;0.0;0.0;0.0;0.0;0.0;0.0;0.0;0.0;0.0;0.0;0.0;0.0;0.0;0.0;0.0
108;https://doi.org/10.1002/ejic.202000474;0;-2101;2112.069705;-41.0;cis-[Pt(NH3)2Cl2];neutral;sq-pl;hal-org;[Pt@SP1]([NH3+])([NH3+])(Cl)Cl;592.9328156;592.9202229;253.5657134;253.5565986;31.06364256;31.05252612;28.42307731;28.41971844;28.41715594;28.40957042;0.0;0.0;0.0;0.0;0.0;0.0;0.0;0.0;0.0;0.0;0.0;0.0;0.0;0.0;0.0;0.0;0.0;0.0;0.0;0.0;0.0;0.0;0.0;0.0;0.0;0.0;0.0;0.0;0.0;0.0;0.0;0.0;0.0;0.0;0.0;0.0
109;https://doi.org/10.1002/ejic.202000474;0;-2254;2088.590096;-67.0;cis-[Pt(NH3)2ClBr];neutral;sq-pl;hal-org;[Pt@SP1]([NH3+])([NH3+])(Cl)Br;1157.057639;590.1517794;249.679597;253.0126159;31.01477732;29.52371242;29.51427143;28.35005794;28.35205302;27.50652071;0.0;0.0;0.0;0.0;0.0;0.0;0.0;0.0;0.0;0.0;0.0;0.0;0.0;0.0;0.0;0.0;0.0;0.0;0.0;0.0;0.0;0.0;0.0;0.0;0.0;0.0;0.0;0.0;0.0;0.0;0.0;0.0;0.0;0.0;0.0;0.0
110;https://doi.org/10.1002/ejic.202000474;0;-2428;2059.541845;-93.0;cis-[Pt(NH3)2Br2];neutral;sq-pl;hal-org;[Pt@SP1]([NH3+])([NH3+])(Br)Br;1153.76364;1153.584152;248.5408574;248.7471507;29.76986693;29.44803448;29.43396724;28.18334448;28.18037789;27.33834024;0.0;0.0;0.0;0.0;0.0;0.0;0.0;0.0;0.0;0.0;0.0;0.0;0.0;0.0;0.0;0.0;0.0;0.0;0.0;0.0;0.0;0.0;0.0;0.0;0.0;0.0;0.0;0.0;0.0;0.0;0.0;0.0;0.0;0.0;0.0;0.0
111;https://doi.org/10.1002/ejic.202000474;0;-2615;2047.384079;-121.0;cis-[Pt(NH3)2ClI];neutral;sq-pl;hal-org;[Pt@SP1]([NH3+])([NH3+])(Cl)I;1615.191027;589.6882838;248.2671458;254.7916161;31.19659517;29.24649052;29.24131806;28.48289901;28.48110339;27.54156842;0.0;0.0;0.0;0.0;0.0;0.0;0.0;0.0;0.0;0.0;0.0;0.0;0.0;0.0;0.0;0.0;0.0;0.0;0.0;0.0;0.0;0.0;0.0;0.0;0.0;0.0;0.0;0.0;0.0;0.0;0.0;0.0;0.0;0.0;0.0;0.0
112;https://doi.org/10.1002/ejic.202000474;0;-2830;1996.272378;-151.0;cis-[Pt(NH3)2BrI];neutral;sq-pl;hal-org;[Pt@SP1]([NH3+])([NH3+])(Br)I;1612.014838;1151.298094;247.3844139;250.3048478;29.2128507;29.20485748;29.62371438;29.61996942;27.34852784;27.41959218;0.0;0.0;0.0;0.0;0.0;0.0;0.0;0.0;0.0;0.0;0.0;0.0;0.0;0.0;0.0;0.0;0.0;0.0;0.0;0.0;0.0;0.0;0.0;0.0;0.0;0.0;0.0;0.0;0.0;0.0;0.0;0.0;0.0;0.0;0.0;0.0
113;https://doi.org/10.1002/ejic.202000474;0;-3309;1955.50152;-207.0;cis-[Pt(NH3)2I2];neutral;sq-pl;hal-org;[Pt@SP1]([NH3+])([NH3+])(I)I;1608.911281;1608.868213;248.9121216;248.8798288;29.35775056;29.34726317;29.34665764;29.34852544;27.43320953;27.41655659;0.0;0.0;0.0;0.0;0.0;0.0;0.0;0.0;0.0;0.0;0.0;0.0;0.0;0.0;0.0;0.0;0.0;0.0;0.0;0.0;0.0;0.0;0.0;0.0;0.0;0.0;0.0;0.0;0.0;0.0;0.0;0.0;0.0;0.0;0.0;0.0
114;https://doi.org/10.1039/C3DT53594K;0;-2174;5.774726215;-21.0;trans-[Pt(NH3)2Cl2];neutral;sq-pl;hal-org;[Pt@SP1]([NH3+])(Cl)([NH3+])Cl;575.8601241;575.8506055;266.8319408;266.8309499;30.50197744;30.49759965;30.21336263;30.21084612;30.20851024;30.20708452;0.0;0.0;0.0;0.0;0.0;0.0;0.0;0.0;0.0;0.0;0.0;0.0;0.0;0.0;0.0;0.0;0.0;0.0;0.0;0.0;0.0;0.0;0.0;0.0;0.0;0.0;0.0;0.0;0.0;0.0;0.0;0.0;0.0;0.0;0.0;0.0
115;https://doi.org/10.1002/ejic.202000474;0;-2293;20.86155023;-45.0;trans-[Pt(NH3)2ClBr];neutral;sq-pl;hal-org;[Pt@SP1]([NH3+])(Cl)([NH3+])Br;1128.659597;574.8222531;265.9450692;265.9435218;30.50588042;30.50575103;30.0277659;30.01565953;30.03153426;30.01946135;0.0;0.0;0.0;0.0;0.0;0.0;0.0;0.0;0.0;0.0;0.0;0.0;0.0;0.0;0.0;0.0;0.0;0.0;0.0;0.0;0.0;0.0;0.0;0.0;0.0;0.0;0.0;0.0;0.0;0.0;0.0;0.0;0.0;0.0;0.0;0.0
116;https://doi.org/10.1002/ejic.202000474;0;-2557;5.57772556;-65.0;trans-[Pt(NH3)2Br2];neutral;sq-pl;hal-org;[Pt@SP1]([NH3+])(Br)([NH3+])Br;1120.126716;1120.12351;264.8284108;264.8278574;29.90524736;29.90408272;30.08570038;30.08532128;30.09210202;30.09204292;0.0;0.0;0.0;0.0;0.0;0.0;0.0;0.0;0.0;0.0;0.0;0.0;0.0;0.0;0.0;0.0;0.0;0.0;0.0;0.0;0.0;0.0;0.0;0.0;0.0;0.0;0.0;0.0;0.0;0.0;0.0;0.0;0.0;0.0;0.0;0.0
117;https://doi.org/10.1002/ejic.202000474;0;-2999;67.05395466;-127.0;trans-[Pt(NH3)2BrI];neutral;sq-pl;hal-org;[Pt@SP1]([NH3+])(Br)([NH3+])I;1583.185109;1119.8105;264.2720786;264.2964532;29.54292854;29.92286515;29.91590144;30.03774068;30.18709797;30.17890367;0.0;0.0;0.0;0.0;0.0;0.0;0.0;0.0;0.0;0.0;0.0;0.0;0.0;0.0;0.0;0.0;0.0;0.0;0.0;0.0;0.0;0.0;0.0;0.0;0.0;0.0;0.0;0.0;0.0;0.0;0.0;0.0;0.0;0.0;0.0;0.0
118;https://doi.org/10.1002/ejic.202000474;0;-3372;2.934875828;-191.0;trans-[Pt(NH3)2I2];neutral;sq-pl;hal-org;[Pt@SP1]([NH3+])(I)([NH3+])I;1582.553689;1582.505553;263.5195471;263.5178247;29.64556341;29.64499705;30.00004018;29.99764525;29.97362402;29.97090593;0.0;0.0;0.0;0.0;0.0;0.0;0.0;0.0;0.0;0.0;0.0;0.0;0.0;0.0;0.0;0.0;0.0;0.0;0.0;0.0;0.0;0.0;0.0;0.0;0.0;0.0;0.0;0.0;0.0;0.0;0.0;0.0;0.0;0.0;0.0;0.0
119;https://doi.org/10.1002/ejic.202000474;-1000;-1884;1282.595422;219.0;[Pt(NH3)Cl3]-;anion;sq-pl;hal-org;[Pt@SP1]([NH3+])(Cl)(Cl)Cl;607.9348984;587.0241235;586.6354561;252.2279558;29.097361;29.02111579;29.02213599;0.0;0.0;0.0;0.0;0.0;0.0;0.0;0.0;0.0;0.0;0.0;0.0;0.0;0.0;0.0;0.0;0.0;0.0;0.0;0.0;0.0;0.0;0.0;0.0;0.0;0.0;0.0;0.0;0.0;0.0;0.0;0.0;0.0;0.0;0.0;0.0;0.0;0.0;0.0
120;https://doi.org/10.1002/ejic.202000474;-1000;-2534;598.1436874;185.0;[Pt(NH3)Br3]-;anion;sq-pl;hal-org;[Pt@SP1]([NH3+])(Br)(Br)Br;1162.819929;1164.872661;868.0378208;288.0078315;22.36960358;30.32735547;30.0876634;0.0;0.0;0.0;0.0;0.0;0.0;0.0;0.0;0.0;0.0;0.0;0.0;0.0;0.0;0.0;0.0;0.0;0.0;0.0;0.0;0.0;0.0;0.0;0.0;0.0;0.0;0.0;0.0;0.0;0.0;0.0;0.0;0.0;0.0;0.0;0.0;0.0;0.0;0.0
121;https://doi.org/10.1002/ejic.202000474;-1000;-3298;1269.126886;55.0;trans-[Pt(NH3)ClI2]-;anion;sq-pl;hal-org;[Pt@SP1]([NH3+])(I)(Cl)I;1596.90028;1595.599831;605.3053188;245.5999487;28.03346649;28.47258087;28.4649096;0.0;0.0;0.0;0.0;0.0;0.0;0.0;0.0;0.0;0.0;0.0;0.0;0.0;0.0;0.0;0.0;0.0;0.0;0.0;0.0;0.0;0.0;0.0;0.0;0.0;0.0;0.0;0.0;0.0;0.0;0.0;0.0;0.0;0.0;0.0;0.0;0.0;0.0;0.0
122;https://doi.org/10.1002/ejic.202000474;-1000;-4250;1142.398727;-39.0;[Pt(NH3)I3]-;anion;sq-pl;hal-org;[Pt@SP1]([NH3+])(I)(I)I;1616.381895;1590.390037;1589.924432;246.5670646;28.79039187;28.18113763;28.27141361;0.0;0.0;0.0;0.0;0.0;0.0;0.0;0.0;0.0;0.0;0.0;0.0;0.0;0.0;0.0;0.0;0.0;0.0;0.0;0.0;0.0;0.0;0.0;0.0;0.0;0.0;0.0;0.0;0.0;0.0;0.0;0.0;0.0;0.0;0.0;0.0;0.0;0.0;0.0