Complex ID,Charge,Shift,Dipole_point_q,q,Brutto,Charge_class,Geometry,Ligand,Smiles,1,2,3,4,5,6,7,9,11,13,14,21,23,37,40,41,42,43,46,Source_doi
1,-2000,-1630,16.71301257,91,[PtCl4]2-,anion,sq-pl,hal,Cl[Pt@SP1](Cl)(Cl)Cl,569.0346601,569.0346601,569.0294975,569.0294961,0,0,0,0,0,0,0,0,0,0,0,0,0,0,0,https://doi.org/10.1002/ejic.201600573
2,-2000,-1842,770.7583657,56,[PtCl3Br]2-,anion,sq-pl,hal,Cl[Pt@SP1](Cl)(Cl)Br,1115.450553,565.4651458,565.4651283,567.4311798,0,0,0,0,0,0,0,0,0,0,0,0,0,0,0,https://doi.org/10.1002/ejic.201600573
3,0,-2090,0.254179799,26,trans-[PtCl2Br2],neutral,sq-pl,hal,Br[Pt@SP1](Cl)(Br)Cl,1106.278839,1106.278835,562.2614106,562.2614053,0,0,0,0,0,0,0,0,0,0,0,0,0,0,0,https://doi.org/10.1002/ejic.201600573
4,0,-2103,1003.165338,18,cis-[PtCl2Br2],neutral,sq-pl,hal,Cl[Pt@SP1](Cl)(Br)[Br],1111.684443,1111.684381,563.5778996,563.5778558,0,0,0,0,0,0,0,0,0,0,0,0,0,0,0,https://doi.org/10.1002/ejic.201600573
5,-2000,-2346,1414.192862,-6,[PtCl3I]2-,anion,sq-pl,hal,Cl[Pt@SP1](Cl)(Cl)I,1568.940212,564.3829447,564.3813476,571.1908121,0,0,0,0,0,0,0,0,0,0,0,0,0,0,0,https://doi.org/10.1002/ejic.201600573
6,-2000,-2377,657.924086,-17,[PtClBr3]2-,anion,sq-pl,hal,Cl[Pt@SP1](Br)(Br)Br,1108.635533,1101.598619,1101.598604,560.4605272,0,0,0,0,0,0,0,0,0,0,0,0,0,0,0,https://doi.org/10.1002/ejic.201600573
7,-2000,-2690,0.007541703,-55,[PtBr4]2-,anion,sq-pl,hal,Br[Pt@SP1](Br)(Br)Br,1098.239948,1098.239943,1098.239942,1098.23994,0,0,0,0,0,0,0,0,0,0,0,0,0,0,0,https://doi.org/10.1002/ejic.201600573
8,-2000,-3103,1665.137007,-112,cis-[PtCl2I2]2-,anion,sq-pl,hal,Cl[Pt@SP1](Cl)(I)I,1559.54746,1559.48375,566.3475338,566.348305,0,0,0,0,0,0,0,0,0,0,0,0,0,0,0,https://doi.org/10.1002/ejic.201600573
9,-2000,-3260,576.5131313,-119,[PtBr3I]2-,anion,sq-pl,hal,Br[Pt@SP1](Br)(Br)I,1548.310399,1095.039112,1095.038439,1102.948169,0,0,0,0,0,0,0,0,0,0,0,0,0,0,0,https://doi.org/10.1002/ejic.201600573
10,-2000,-3977,0.216704546,-184,trans-[PtBr2I2]2-,anion,sq-pl,hal,I[Pt@SP1](Br)(I)Br,1552.77304,1552.771589,1091.467676,1091.467674,0,0,0,0,0,0,0,0,0,0,0,0,0,0,0,https://doi.org/10.1002/ejic.201600573
11,-2000,-3985,742.5487469,-184,cis-[PtBr2I2]2-,anion,sq-pl,hal,Br[Pt@SP1](Br)(I)I,1543.607239,1543.576794,1099.61478,1099.614093,0,0,0,0,0,0,0,0,0,0,0,0,0,0,0,https://doi.org/10.1002/ejic.201600573
12,-2000,-4213,1014.32237,-208,[PtClI3]2-,anion,sq-pl,hal,Cl[Pt@SP1](I)(I)I,1549.868254,1551.515436,1551.514964,561.0798384,0,0,0,0,0,0,0,0,0,0,0,0,0,0,0,https://doi.org/10.1002/ejic.201600573
13,-2000,-4667,486.3400451,-243,[PtBrI3]2-,anion,sq-pl,hal,Br[Pt@SP1](I)(I)I,1536.477604,1543.71,1543.707388,1090.254829,0,0,0,0,0,0,0,0,0,0,0,0,0,0,0,https://doi.org/10.1002/ejic.201600573
14,-2000,-5475,0.009531342,-304,[PtI4]2-,anion,sq-pl,hal,I[Pt@SP1](I)(I)I,1535.628131,1535.635989,1535.617965,1535.597743,0,0,0,0,0,0,0,0,0,0,0,0,0,0,0,https://doi.org/10.1002/ejic.201600573
15,0,-2169,679.3044769,-23,[PtCl2(η2 -CH2=CH2)(Me2phen)],neutral,sq-pl,hal-org,CC1=[N+]2C3=C4[N+]([Pt@OH1]25(Cl)([CH2][CH2]5)(Cl))=C(C=CC4=CC=C3C=C1)C,566.6272192,566.606305,238.554158,238.5248551,223.6056288,223.6050989,150.260254,145.5474848,140.9467589,104.3032909,104.299683,28.84781995,28.84772517,0,0,0,0,0,0,https://doi.org/10.1002/ejic.201600573
16,0,-2456,674.2025214,-54,[PtBrCl(η2 -CH2=CH2)(Me2phen)],neutral,sq-pl,hal-org,CC1=[N+]2C3=C4[N+]([Pt@OH1]25(Cl)([CH2][CH2]5)(Br))=C(C=CC4=CC=C3C=C1)C,1107.211131,566.9791423,238.2040192,238.1806197,223.4891797,223.488726,150.4498508,145.3352179,140.2629511,104.4681544,104.4655454,28.73594976,28.8521608,0,0,0,0,0,0,https://doi.org/10.1002/ejic.201600573
17,0,-2886,666.8159418,-99,[PtBr2(η2 -CH2=CH2)(Me2phen)],neutral,sq-pl,hal-org,CC1=[N+]2C3=C4[N+]([Pt@OH1]25(Br)([CH2][CH2]5)(Br))=C(C=CC4=CC=C3C=C1)C,1094.842159,1094.762334,262.6634206,216.9162182,220.317793,220.0231416,159.3883159,153.8428037,132.3161374,107.5072215,109.3466591,28.86200181,28.63995149,0,0,0,0,0,0,https://doi.org/10.1002/ejic.201600573
18,0,-3087,694.328048,-127,[PtClI(η2 -CH2=CH2)(Me2phen)],neutral,sq-pl,hal-org,CC1=[N+]2C3=C4[N+]([Pt@OH1]25(Cl)([CH2][CH2]5)(I))=C(C=CC4=CC=C3C=C1)C,1565.549228,570.0315021,237.8796671,237.8314434,223.2496801,223.2478085,150.2854331,145.1391106,139.9469408,104.3699404,104.3635901,28.64201942,28.83561204,0,0,0,0,0,0,https://doi.org/10.1002/ejic.201600573
19,0,-3426,672.1036297,-170,[PtBrI(η2 -CH2=CH2)(Me2phen)],neutral,sq-pl,hal-org,CC1=[N+]2C3=C4[N+]([Pt@OH1]25(Br)([CH2][CH2]5)(I))=C(C=CC4=CC=C3C=C1)C,1552.911409,1093.962163,264.8585489,215.9254687,219.7090542,219.2948716,160.3861457,154.3474262,131.5794936,107.8895316,109.8270734,28.71272416,28.90046574,0,0,0,0,0,0,https://doi.org/10.1002/ejic.201600573
20,0,-4041,695.8492842,-243,[PtI2(η2-CH2=CH2)(Me2phen)],neutral,sq-pl,hal-org,CC1=[N+]2C3=C4[N+]([Pt@OH1]25(I)([CH2][CH2]5)(I))=C(C=CC4=CC=C3C=C1)C,1551.48776,1551.42119,266.401541,215.2971853,219.2252684,218.6451992,161.0670034,154.6623432,131.104491,108.1301061,110.1493444,28.7471808,28.51838113,0,0,0,0,0,0,https://doi.org/10.1002/ejic.201600573
21,-2000,7090,0.00025442,944,[PtF6] 2-,anion,oct,hal,[Pt@OH1]([F])([F])([F])([F])([F])[F],353.4143146,353.4142543,353.4141213,353.4141208,353.4141083,353.4140928,0,0,0,0,0,0,0,0,0,0,0,0,0,https://doi.org/10.1002/ejic.201600573
22,-2000,5856,110.9324823,886,[PtClF5] 2-,anion,oct,hal,[Pt@OH1]([F])([F])([F])([F])([F])[Cl],565.8573963,354.324662,354.3246459,354.3246357,354.3246433,351.124513,0,0,0,0,0,0,0,0,0,0,0,0,0,https://doi.org/10.1002/ejic.201600573
23,-2000,5669,797.3248028,854,[PtBrF5] 2-,anion,oct,hal,[Pt@OH1]([F])([F])([F])([F])([F])[Br],1099.03748,354.1284613,354.1284677,354.1284795,354.1284852,351.066779,0,0,0,0,0,0,0,0,0,0,0,0,0,https://doi.org/10.1002/ejic.201600573
24,-2000,4887,0.000159121,813,trans-[PtCl2F4] 2-,anion,oct,hal,[Pt@OH1]([Cl])([F])([F])([F])([F])[Cl],563.659447,563.659447,354.7726641,354.77266,354.7725464,354.7725445,0,0,0,0,0,0,0,0,0,0,0,0,0,https://doi.org/10.1002/ejic.201600573
25,-2000,4551,3.48E-05,751,trans-[PtBr2F4] 2-,anion,oct,hal,[Pt@OH1]([Br])([F])([F])([F])([F])[Br],1086.031219,1086.031217,354.4318954,354.4318951,354.4318852,354.4318844,0,0,0,0,0,0,0,0,0,0,0,0,0,https://doi.org/10.1002/ejic.201600573
26,-2000,4547,138.3439684,818,cis-[PtCl2F4] 2-,anion,oct,hal,[Pt@OH1]([Cl])([Cl])([F])([F])([F])[F],564.4867235,564.4867176,355.138012,355.1380043,351.3381712,351.3381306,0,0,0,0,0,0,0,0,0,0,0,0,0,https://doi.org/10.1002/ejic.201600573
27,-2000,4136,933.4378038,747,cis-[PtBr2F4] 2-,anion,oct,hal,[Pt@OH1]([F])([F])([F])([F])([Br])[Br],1091.838535,1091.837692,354.6379204,354.6379106,350.6937728,350.6937257,0,0,0,0,0,0,0,0,0,0,0,0,0,https://doi.org/10.1002/ejic.201600573
28,-2000,3551,78.23061264,739,mer-[PtCl3F3] 2-,anion,oct,hal,[Pt@OH1]([F])([F])([Cl])([Cl])([Cl])[F],562.9084328,562.3013145,562.3011353,355.4963457,355.4963459,351.2824377,0,0,0,0,0,0,0,0,0,0,0,0,0,https://doi.org/10.1002/ejic.201600573
29,-2000,3191,154.0980433,744,fac-[PtCl3F3] 2-,anion,oct,hal,[Pt@OH1]([F])([F])([F])([Cl])([Cl])[Cl],564.0184255,564.0180678,564.0180219,351.5170093,351.516774,351.5167948,0,0,0,0,0,0,0,0,0,0,0,0,0,https://doi.org/10.1002/ejic.201600573
30,-2000,2907,549.1343081,634,mer-[PtBr3F3] 2-,anion,oct,hal,[Pt@OH1]([F])([F])([Br])([Br])([Br])[F],1085.115358,1080.829455,1080.830988,354.677758,354.6777661,350.1489474,0,0,0,0,0,0,0,0,0,0,0,0,0,https://doi.org/10.1002/ejic.201600573
31,-2000,2534,9.76E-05,658,trans-[PtCl4F2] 2-,anion,oct,hal,[Pt@OH1]([F])([Cl])([Cl])([Cl])([Cl])[F],560.7704984,560.7704967,560.7704512,560.7704514,355.7925692,355.7925639,0,0,0,0,0,0,0,0,0,0,0,0,0,https://doi.org/10.1002/ejic.201600573
32,-2000,2487,962.5169532,632,fac-[PtBr3F3] 2-,anion,oct,hal,[Pt@OH1]([F])([F])([F])([Br])([Br])[Br],1086.679589,1086.67887,1086.679028,350.3969926,350.3970254,350.3969947,0,0,0,0,0,0,0,0,0,0,0,0,0,https://doi.org/10.1002/ejic.201600573
33,-2000,2171,101.3629248,662,cis-[PtCl4F2] 2-,anion,oct,hal,[Pt@OH1]([Cl])([Cl])([Cl])([Cl])([F])[F],563.0644989,563.0644919,561.5307706,561.5301637,351.4569728,351.4569683,0,0,0,0,0,0,0,0,0,0,0,0,0,https://doi.org/10.1002/ejic.201600573
34,-2000,1157,6.09E-05,513,trans-[PtBr4F2] 2-,anion,oct,hal,[Pt@OH1]([F])([Br])([Br])([Br])([Br])[F],1075.523178,1075.523165,1075.522303,1075.522306,354.4742405,354.4742113,0,0,0,0,0,0,0,0,0,0,0,0,0,https://doi.org/10.1002/ejic.201600573
35,-2000,1142,659.6543214,513,cis-[PtBr4F2] 2-,anion,oct,hal,[Pt@OH1]([F])([Br])([Br])([Br])([F])[Br],1080.853818,1080.854107,1077.004163,1077.001552,349.9079199,349.9079149,0,0,0,0,0,0,0,0,0,0,0,0,0,https://doi.org/10.1002/ejic.201600573
36,-2000,1111,57.07163677,579,[PtCl5F]2-,anion,oct,hal,[Pt@OH1]([F])([Cl])([Cl])([Cl])([Cl])[Cl],562.5325253,560.4599024,560.4593583,560.4592453,560.4585782,351.4164024,0,0,0,0,0,0,0,0,0,0,0,0,0,https://doi.org/10.1002/ejic.201600573
37,-2000,0,0.001333351,496,[PtCl6] 2-,anion,oct,hal,[Pt@OH1]([Cl])([Cl])([Cl])([Cl])([Cl])[Cl],559.7806737,559.7806414,559.7796998,559.779701,559.7716715,559.7716281,0,0,0,0,0,0,0,0,0,0,0,0,0,https://doi.org/10.1002/ejic.201600573
38,-2000,-286,687.873655,463,[PtCl5Br]2-,anion,oct,hal,[Pt@OH1]([Cl])([Cl])([Cl])([Cl])([Cl])[Br],1089.911803,557.5561157,557.5560849,557.5560664,557.5560335,559.2874029,0,0,0,0,0,0,0,0,0,0,0,0,0,https://doi.org/10.1002/ejic.201600573
39,-2000,-311,387.3071615,391,[PtBr5F]2-,anion,oct,hal,[Pt@OH1]([Br])([F])([Br])([Br])([Br])[Br],1075.266232,1072.436131,1072.436035,1072.435024,1072.433444,349.4725002,0,0,0,0,0,0,0,0,0,0,0,0,0,https://doi.org/10.1002/ejic.201600573
40,-2000,-583,929.547763,426,cis-[PtCl4Br2] 2-,anion,oct,hal,[Pt@OH1]([Br])([Br])([Cl])([Cl])([Cl])[Cl],1089.091489,1089.091379,554.9493881,554.9493884,556.6307037,556.6306691,0,0,0,0,0,0,0,0,0,0,0,0,0,https://doi.org/10.1002/ejic.201600573
41,-2000,-585,0.000367865,428,trans-[PtCl4Br2] 2-,anion,oct,hal,[Pt@OH1]([Br])([Cl])([Cl])([Cl])([Cl])[Br],1081.150417,1081.149195,555.5477147,555.5477257,555.5477052,555.5477013,0,0,0,0,0,0,0,0,0,0,0,0,0,https://doi.org/10.1002/ejic.201600573
42,-2000,-854,1295.710963,401,[PtCl5I]2-,anion,oct,hal,[Pt@OH1]([Cl])([Cl])([Cl])([Cl])([Cl])[I],1546.878328,556.620129,556.6201312,556.6201325,556.6201345,562.0699715,0,0,0,0,0,0,0,0,0,0,0,0,0,https://doi.org/10.1002/ejic.201600573
43,-2000,-892,1071.320988,388,fac-[PtCl3Br3] 2-,anion,oct,hal,[Pt@OH1]([Cl])([Cl])([Cl])([Br])([Br])[Br],1085.746964,1085.746952,1085.746849,553.7953685,553.7953474,553.7953444,0,0,0,0,0,0,0,0,0,0,0,0,0,https://doi.org/10.1002/ejic.201600573
44,-2000,-894,635.4777311,389,mer-[PtCl3Br3] 2-,anion,oct,hal,[Pt@OH1]([Cl])([Cl])([Br])([Br])([Br])[Cl],1088.65165,1079.429091,1079.429116,552.5616346,552.5618743,554.3393724,0,0,0,0,0,0,0,0,0,0,0,0,0,https://doi.org/10.1002/ejic.201600573
45,-2000,-1213,835.9622259,349,cis-[PtCl2Br4] 2-,anion,oct,hal,[Pt@OH1]([Br])([Br])([Br])([Br])([Cl])[Cl],1083.03868,1083.038647,1075.578969,1075.577199,551.3742738,551.3742754,0,0,0,0,0,0,0,0,0,0,0,0,0,https://doi.org/10.1002/ejic.201600573
46,-2000,-1216,3.05E-05,350,trans-[PtCl2Br4] 2-,anion,oct,hal,[Pt@OH1]([Cl])([Br])([Br])([Br])([Br])[Cl],1078.260066,1078.25988,1078.259513,1078.259326,549.8495798,549.849577,0,0,0,0,0,0,0,0,0,0,0,0,0,https://doi.org/10.1002/ejic.201600573
47,-2000,-1547,556.5975826,309,[PtClBr5] 2-,anion,oct,hal,[Pt@OH1]([Br])([Br])([Br])([Br])([Cl])[Br],1078.366266,1072.621154,1072.621639,1072.621307,1072.6214,548.8553353,0,0,0,0,0,0,0,0,0,0,0,0,0,https://doi.org/10.1002/ejic.201600573
48,-2000,-1806,1597.569464,297,cis-[PtCl4I2] 2-,anion,oct,hal,[Pt@OH1]([Cl])([Cl])([Cl])([Cl])([I])[I],1541.356524,1541.164823,552.470036,552.470054,558.359504,558.3632181,0,0,0,0,0,0,0,0,0,0,0,0,0,https://doi.org/10.1002/ejic.201600573
49,-2000,-1884,0.003656878,304,trans-[PtCl4I2] 2-,anion,oct,hal,[Pt@OH1]([I])([Cl])([Cl])([Cl])([Cl])[I],1537.641235,1537.630333,553.1692569,553.1692587,553.1692563,553.1692582,0,0,0,0,0,0,0,0,0,0,0,0,0,https://doi.org/10.1002/ejic.201600573
50,-2000,-1891,1.77E-05,268,[PtBr6] 2-,anion,oct,hal,[Pt@OH1]([Br])([Br])([Br])([Br])([Br])[Br],1068.191708,1068.191687,1068.191674,1068.191661,1068.191648,1068.191621,0,0,0,0,0,0,0,0,0,0,0,0,0,https://doi.org/10.1002/ejic.201600573
51,-2000,-2545,507.3774985,200,[PtBr5I]2-,anion,oct,hal,[Pt@OH1]([Br])([Br])([Br])([Br])([Br])[I],1521.331187,1064.142169,1064.141915,1064.140901,1064.140647,1070.621887,0,0,0,0,0,0,0,0,0,0,0,0,0,https://doi.org/10.1002/ejic.201600573
52,-2000,-2849,1736.406153,186,fac-[PtCl3I3] 2-,anion,oct,hal,[Pt@OH1]([Cl])([Cl])([Cl])([I])([I])[I],1531.781288,1531.778989,1531.69259,553.7650256,553.7642824,553.7619046,0,0,0,0,0,0,0,0,0,0,0,0,0,https://doi.org/10.1002/ejic.201600573
53,-2000,-2849,1021.247898,193,mer-[PtCl3I3] 2-,anion,oct,hal,[Pt@OH1]([I])([Cl])([I])([Cl])([I])[Cl],1535.954184,1530.986817,1530.986427,548.0481752,548.0481808,554.6050714,0,0,0,0,0,0,0,0,0,0,0,0,0,https://doi.org/10.1002/ejic.201600573
54,-2000,-3132,0.000973199,129,trans-[PtBr4I2] 2-,anion,oct,hal,[Pt@OH1]([I])([Br])([Br])([Br])([Br])[I],1522.688555,1522.680736,1059.791266,1059.791081,1059.790037,1059.789852,0,0,0,0,0,0,0,0,0,0,0,0,0,https://doi.org/10.1002/ejic.201600573
55,-2000,-3252,672.7130215,131,cis-[PtBr4I2] 2-,anion,oct,hal,[Pt@OH1]([Br])([Br])([Br])([Br])([I])[I],1516.175899,1516.074424,1059.756042,1059.7533,1066.384107,1066.385973,0,0,0,0,0,0,0,0,0,0,0,0,0,https://doi.org/10.1002/ejic.201600573
56,-2000,-3898,447.1678645,60,mer-[PtBr3I3] 2-,anion,oct,hal,[Pt@OH1]([I])([Br])([I])([Br])([I])[Br],1510.724394,1517.324294,1517.296345,1055.063313,1055.062556,1061.770726,0,0,0,0,0,0,0,0,0,0,0,0,0,https://doi.org/10.1002/ejic.201600573
57,-2000,-3932,1289.214939,77,cis-[PtCl2I4] 2-,anion,oct,hal,[Pt@OH1]([I])([Cl])([Cl])([I])([I])[I],1523.050887,1522.954217,1520.608134,1520.582426,549.2619613,549.2630417,0,0,0,0,0,0,0,0,0,0,0,0,0,https://doi.org/10.1002/ejic.201600573
58,-2000,-3932,0.004805005,82,trans-[PtCl2I4] 2-,anion,oct,hal,[Pt@OH1]([Cl])([I])([I])([I])([I])[Cl],1525.117214,1525.072365,1524.844589,1524.842498,542.7843816,542.7843811,0,0,0,0,0,0,0,0,0,0,0,0,0,https://doi.org/10.1002/ejic.201600573
59,-2000,-4014,776.1266296,62,fac-[PtBr3I3] 2-,anion,oct,hal,[Pt@OH1]([Br])([Br])([Br])([I])([I])[I],1510.74539,1510.737598,1510.736017,1061.719959,1061.71961,1061.71953,0,0,0,0,0,0,0,0,0,0,0,0,0,https://doi.org/10.1002/ejic.201600573
60,-2000,-4603,5.05E-05,-12,trans-[PtBr2I4] 2-,anion,oct,hal,[Pt@OH1]([Br])([I])([I])([I])([I])[Br],1511.652122,1511.65127,1511.63498,1511.632448,1050.112608,1050.112559,0,0,0,0,0,0,0,0,0,0,0,0,0,https://doi.org/10.1002/ejic.201600573
61,-2000,-4719,598.3553339,-10,cis-[PtBr2I4] 2-,anion,oct,hal,[Pt@OH1]([I])([I])([Br])([Br])([I])[I],1505.166272,1505.138309,1511.707053,1511.672776,1056.734648,1056.734822,0,0,0,0,0,0,0,0,0,0,0,0,0,https://doi.org/10.1002/ejic.201600573
62,-2000,-5081,830.7317512,-38,[PtClI5] 2-,anion,oct,hal,[Pt@OH1]([I])([I])([I])([I])([I])[Cl],1511.300144,1511.501017,1511.501242,1511.498596,1511.498859,544.096222,0,0,0,0,0,0,0,0,0,0,0,0,0,https://doi.org/10.1002/ejic.201600573
63,-2000,-5483,403.4539384,-83,[PtBrI5] 2-,anion,oct,hal,[Pt@OH1]([I])([I])([I])([I])([I])[Br],1499.38078,1505.818538,1505.817602,1505.817461,1505.816492,1051.426797,0,0,0,0,0,0,0,0,0,0,0,0,0,https://doi.org/10.1002/ejic.201600573
64,-2000,-6293,0.000177858,-156,[PtI6] 2-,anion,oct,hal,[Pt@OH1]([I])([I])([I])([I])([I])[I],1499.789439,1499.788753,1499.787343,1499.786667,1499.786439,1499.786042,0,0,0,0,0,0,0,0,0,0,0,0,0,https://doi.org/10.1002/ejic.201600573
65,0,-1565,1107.43399,116,cis-Pt(NH 3) 2(Ac)2,neutral,sq-pl,org,[Pt@SP1](OC(=O)C)([NH3+])([NH3+])OC(=O)C,304.3455917,304.3419478,262.5546687,262.5520846,186.424225,186.4223665,155.1402732,107.2006014,31.25348304,29.12682052,29.12418768,15.54668121,0,0,0,0,0,0,0,https://doi.org/10.1002/jcc.24461
66,0,-1686,3146.573327,11,cis-Pt(NH 3) 2(bumal) 2,neutral,sq-pl,org,[Pt@SP1]1(OC(=O)C(C(=O)O1)CCCC)([NH3+])[NH3+],311.6169466,310.4510102,256.0476808,256.05395,154.7486531,154.2762772,162.1796008,152.1118237,113.2158744,101.4133191,33.17684762,25.0779874,19.21001298,0,0,0,0,0,0,https://doi.org/10.1002/jcc.24461
67,0,-1860,3317.275925,-21,cis-Pt(EtNH 2) 2(CBDCA) 2,neutral,sq-pl,org,[Pt@SP1]1(OC(=O)C2(CCC2)C(=O)O1)([NH2+]CC)[NH2+](CC),309.9890907,309.8466553,257.7679805,256.7735048,155.0374294,155.023434,163.3876874,157.6957371,153.5828362,145.9961482,138.5877186,28.45490481,26.98403672,0,0,0,0,0,0,https://doi.org/10.1002/jcc.24461
68,0,-1887,3715.314144,20,cis-Pt(Me2NH)2(Ox),neutral,sq-pl,org,[Pt@SP1]1(OC(=O)C(=O)O1)([NH+](C)C)[NH+](C)C,314,314,260,260,170,170,159,156,151,32.3,32.3,22.9,19.6,0,0,0,0,0,0,https://doi.org/10.1002/jcc.24461
69,0,-1882,3493.914257,13,cis-Pt(Me2NH)2(Mal),neutral,sq-pl,org,[Pt@SP1]1(OC(=O)CC(=O)O1)([NH+](C)C)[NH+](C)C,310,310,261,261,155,155,162,159,154,150,32.3,24.1,23.2,0,0,0,0,0,0,https://doi.org/10.1002/jcc.24461
70,0,-1988,3734.936392,49,cis-Pt(Me 2 en) 2(Ox),neutral,sq-pl,org,[Pt@SP1]12([NH+](CC[NH+]1C)C)OC(=O)C(=O)O2,314.8452108,314.8408553,261.3071157,261.3011779,157.7749058,157.7738277,168.271004,161.4152428,156.1291636,30.56225786,30.55871528,20.02088776,19.5477464,0,0,0,0,0,0,https://doi.org/10.1002/jcc.24461
71,0,-1970,3784.886111,21,cis-Pt(Me 4 en) 2(Ox),neutral,sq-pl,org,[Pt@SP1]12([N+](CC[N+]1(C)C)(C)C)OC(=O)C(=O)O2,313.7393015,313.7383287,263.6855964,263.6833226,157.5834887,157.5829322,168.0930635,162.4192718,162.4027553,160.1751763,160.1495093,25.47342152,24.08584169,0,0,0,0,0,0,https://doi.org/10.1002/jcc.24461
72,0,-1974,3496.123162,36,cis-Pt(Me 2 en) 2(Mal),neutral,sq-pl,org,[Pt@SP1]12([NH+](CC[NH+]1C)C)OC(=O)CC(=O)O2,311.3752871,311.2933582,261.1117688,260.2345811,154.4864551,154.4247544,162.0309161,162.5008637,154.6419624,154.0165323,31.04000968,24.22636423,20.06593957,0,0,0,0,0,0,https://doi.org/10.1002/jcc.24461
73,0,-1976,3571.802814,8,cis-Pt(Me 4 en) 2(Mal),neutral,sq-pl,org,[Pt@SP1]12([N+](CC[N+]1(C)C)(C)C)OC(=O)CC(=O)O2,310.1119823,310.0728913,263.4302473,262.61701,154.3018566,154.290931,162.0295756,162.9900994,163.9655992,159.7816311,158.1545462,25.64865852,25.3695507,0,0,0,0,0,0,https://doi.org/10.1002/jcc.24461
74,0,-1835,3154.529265,-41,cis-Pt(Me 2 NH) 2 (benzmal),neutral,sq-pl,org,[Pt@SP1]1([NH+](C)C)([NH+](C)C)OC(=O)C(C(=O)O1)Cc1ccccc1,309.1730893,309.1716723,259.089179,259.0786573,152.848802,152.8403988,158.9300366,160.9499493,153.584879,146.6174142,146.6045514,32.01917704,27.16546449,18.8062346,17.55657836,17.55259107,17.90659141,0,0,https://doi.org/10.1002/jcc.24461
75,0,-1926,3207.259533,-27,cis-Pt(Me 2 en) 2(benzmal),neutral,sq-pl,org,[Pt@SP1]12(OC(=O)C(C(=O)O1)Cc1ccccc1)[NH+](CC[NH+]2C)C,311.352761,310.5513006,260.7265462,259.8267953,153.6673224,153.2109535,160.2637876,161.5479483,156.5747767,154.203505,146.4637022,31.54125189,25.0342599,18.37348635,17.39674605,0,0,0,0,https://doi.org/10.1002/jcc.24461
76,0,-1930,3201.550501,-26,cis-Pt(Me 4 en) 2(benzmal),neutral,sq-pl,org,[Pt@SP1]12(OC(=O)C(C(=O)O1)Cc1ccccc1)[N+](C)(CC[N+]2(C)C)C,310.4956012,310.0965367,262.4467237,260.6435467,152.7009709,152.7837162,158.2621728,163.8178887,161.7348355,158.7835154,153.0703077,113.4985007,26.56319351,19.73571444,19.5551948,18.21591684,17.69122946,17.32332691,15.35247296,https://doi.org/10.1002/jcc.24461
77,0,-1827,3337.961232,-21,cis-Pt(EtNH 2) 2(bumal) 2,neutral,sq-pl,org,[Pt@SP1]1(OC(=O)C(C(=O)O1)CCCC)([NH2+]CC)[NH2+]CC,309.9392785,309.4872936,257.6874228,257.5780257,154.2286694,154.0393507,161.3560444,151.0866874,148.8704841,145.3408873,138.7073702,29.9763952,28.58438206,15.33126071,11.33094365,11.22912825,0,0,0,https://doi.org/10.1002/jcc.24461
78,0,-1826,3434.341458,-21,cis-Pt(Me 2 NH) 2 (bumal) 2,neutral,sq-pl,org,[Pt@SP1]1(OC(=O)C(C(=O)O1)CCCC)([NH+](C)C)[NH+](C)C,309.8435359,309.2007921,259.7003209,259.6524706,154.4584682,154.1954385,162.0958925,152.992086,155.3099274,151.5337774,150.3824301,26.30262311,24.80272711,15.51757563,11.50189501,11.45243759,0,0,0,https://doi.org/10.1002/jcc.24461
79,0,-1923,3495.502338,-13,cis-Pt(Me 2 en) 2(bumal) 2,neutral,sq-pl,org,[Pt@SP1]12([NH+](CC[NH+]1C)C)OC(=O)C(C(=O)O2)CCCC,310.9832383,309.6327191,260.2337302,259.024712,154.1307497,153.5997693,161.3613846,161.9973306,151.1786315,153.7974335,148.5630848,25.16951945,24.95219327,16.08768396,0,0,0,0,0,https://doi.org/10.1002/jcc.24461
80,0,-1922,3497.776712,-27,cis-Pt(Me 4 en) 2(bumal) 2,neutral,sq-pl,org,[Pt@SP1]12([N+](CC[N+]1(C)C)(C)C)OC(=O)C(C(=O)O2)CCCC,309.8921039,309.5537696,262.6532047,262.0006583,153.8965043,153.6857125,161.176889,162.7419387,163.4617745,159.5111385,158.0129595,26.39514379,25.79614682,19.70058678,17.64952281,15.3647582,14.56604448,12.75895007,0,https://doi.org/10.1002/jcc.24461
81,-2000,-1671,197.9955475,65,[Pt(NO 2)Cl 3 ]2-,anion,sq-pl,hal-inorg,[Pt@SP1](N(=O)=O)(Cl)(Cl)Cl,562.9043516,562.8821247,545.8125934,300.084462,235.9350515,235.8104369,0,0,0,0,0,0,0,0,0,0,0,0,0,https://doi.org/10.1002/jcc.24461
82,-2000,-1828,639.6576832,13,trans-[Pt(NO2 )Cl 2Br] 2-,anion,sq-pl,hal-inorg,[Pt@SP1](Cl)(N(=O)=O)(Cl)Br,1086.325749,554.2202081,554.2159901,300.5020998,236.5269647,236.5127128,0,0,0,0,0,0,0,0,0,0,0,0,0,https://doi.org/10.1002/jcc.24461
83,-2000,-1878,868.8094025,33,cis-[Pt(NO 2 )Cl 2Br]2-,anion,sq-pl,hal-inorg,[Pt@SP1](Br)(N(=O)=O)(Cl)Cl,1115.94289,558.9452556,540.3544537,300.4458151,236.4198503,236.3925888,0,0,0,0,0,0,0,0,0,0,0,0,0,https://doi.org/10.1002/jcc.24461
84,-2000,-2057,920.5140732,-19,cis-[Pt(NO 2 )ClBr 2 ]2-,anion,sq-pl,hal-inorg,[Pt@SP1](Br)(Br)(N(=O)=O)Cl,1103.069805,1077.270444,550.4882912,300.5944055,236.8537261,236.8063528,0,0,0,0,0,0,0,0,0,0,0,0,0,https://doi.org/10.1002/jcc.24461
85,-2000,-2104,312.0028078,4,trans-[Pt(NO2 )ClBr 2 ]2-,anion,sq-pl,hal-inorg,[Pt@SP1](Br)(Cl)(Br)N(=O)=O,1102.518032,1102.5151,535.482556,300.7708065,236.8950426,236.8575961,0,0,0,0,0,0,0,0,0,0,0,0,0,https://doi.org/10.1002/jcc.24461
86,-2000,-2303,391.1970695,-48,[Pt(NO 2)Br 3] 2-,anion,sq-pl,hal-inorg,[Pt@SP1](Br)(Br)(N(=O)=O)Br,1088.771515,1088.771773,1069.312992,300.7534821,237.2035449,237.0913667,0,0,0,0,0,0,0,0,0,0,0,0,0,https://doi.org/10.1002/jcc.24461
87,-2000,-1797,26.41117113,13,trans-[Pt(NO2 )2 Cl2 ]2-,anion,sq-pl,hal-inorg,[Pt@SP1](Cl)(N(=O)=O)(Cl)N(=O)=O,555.316737,555.3125662,288.6884545,288.6887904,229.013889,229.0129176,229.0259296,0,0,0,0,0,0,0,0,0,0,0,0,https://doi.org/10.1002/jcc.24461
88,-2000,-1994,856.1046382,-56,trans-[Pt(NO2 )2 ClBr]2-,anion,sq-pl,hal-inorg,[Pt@SP1](N(=O)=O)(Cl)(N(=O)=O)Br,1122.649385,561.3472016,288.2140754,288.2074966,228.3191826,228.3050256,228.292994,0,0,0,0,0,0,0,0,0,0,0,0,https://doi.org/10.1002/jcc.24461
89,-2000,-2209,1.422262106,-86,trans-[Pt(NO2 )2 Br2 ]2-,anion,sq-pl,hal-inorg,[Pt@SP1](N(=O)=O)(Br)(N(=O)=O)Br,1108.231735,1108.230096,288.3543992,288.356118,228.5941251,228.5950946,228.4938858,0,0,0,0,0,0,0,0,0,0,0,0,https://doi.org/10.1002/jcc.24461
90,-2000,-1797,27.18427771,13,cis-[Pt(NO 2 )2Cl 2 ]2-,anion,sq-pl,hal-inorg,[Pt@SP1](N(=O)=O)(N(=O)=O)(Cl)Cl,555.3188679,555.3172818,288.6900742,288.6878225,229.0439271,229.0291121,229.0045796,0,0,0,0,0,0,0,0,0,0,0,0,https://doi.org/10.1002/jcc.24461
91,-2000,-1949,822.5555356,-32,cis-[Pt(NO 2 )2ClBr]2-,anion,sq-pl,hal-inorg,[Pt@SP1](N(=O)=O)(N(=O)=O)(Br)Cl,1102.715901,547.8532422,289.3772267,287.1128071,229.5616789,229.5137432,228.4182774,0,0,0,0,0,0,0,0,0,0,0,0,https://doi.org/10.1002/jcc.24461
92,-2000,-2120,979.5111651,-78,cis-[Pt(NO 2 )2Br 2] 2-,anion,sq-pl,hal-inorg,[Pt@SP1](N(=O)=O)(Br)(Br)N(=O)=O,1089.74848,1089.718979,287.7135406,287.714577,228.8588903,228.850921,228.8557319,0,0,0,0,0,0,0,0,0,0,0,0,https://doi.org/10.1002/jcc.24461
93,-2000,-1949,57.77739043,-66,[Pt(NO 2)3 Cl] 2-,anion,sq-pl,hal-inorg,[Pt@SP1](N(=O)=O)(N(=O)=O)(Cl)N(=O)=O,560.500518,283.8214078,281.9369549,281.9350712,226.178242,226.1728317,225.6928303,223.8944892,0,0,0,0,0,0,0,0,0,0,0,https://doi.org/10.1002/jcc.24461
94,-2000,-2187,0.521702148,-125,[Pt(NO2)4] 2-,anion,sq-pl,inorg,[Pt@SP1](N(=O)=O)(N(=O)=O)(N(=O)=O)N(=O)=O,279.1721817,279.1718599,279.1721519,279.1712057,223.3977191,223.3963083,223.3950241,223.390959,223.3888661,0,0,0,0,0,0,0,0,0,0,https://doi.org/10.1002/jcc.24461
95,2000,-2580,0.201939937,45,[Pt(NH3)4] 2+,cation,sq-pl,org,[Pt@SP1]([NH3+])([NH3+])([NH3+])[NH3+],262.212577,262.2105473,262.2102317,262.2089694,29.58512499,29.58447148,29.58428392,29.58369967,29.58282006,29.15479505,29.15385987,0,0,0,0,0,0,0,0,https://doi.org/10.1002/ejic.202000474
96,1000,-2353,1525.422527,-34,[Pt(NH3)3Cl]+,cation,sq-pl,hal-org,[Pt@SP1]([NH3+])([NH3+])([NH3+])Cl,592.7365485,265.124692,265.0920822,248.4026194,31.24018773,31.23175614,29.54159252,29.28988711,28.71438286,28.37411246,0,0,0,0,0,0,0,0,0,https://doi.org/10.1002/ejic.202000474
97,1000,-2492,1855.791957,-42,[Pt(NH3)3Br]+,cation,sq-pl,hal-org,[Pt@SP1]([NH3+])([NH3+])([NH3+])Br,1149.871422,263.5208805,263.7587759,247.9430255,30.61451529,30.41395907,30.41215256,29.39595724,28.5647008,28.19245539,0,0,0,0,0,0,0,0,0,https://doi.org/10.1002/ejic.202000474
98,1000,-2819,2082.872655,-97,[Pt(NH3)3I]+,cation,sq-pl,hal-org,[Pt@SP1]([NH3+])([NH3+])([NH3+])I,1609.210593,263.2855315,263.2412334,248.4651575,30.28397486,30.2822869,30.16631464,28.82538951,28.684191,28.339071,0,0,0,0,0,0,0,0,0,https://doi.org/10.1002/ejic.202000474
99,0,-2101,2112.069705,-41,cis-[Pt(NH3)2Cl2],neutral,sq-pl,hal-org,[Pt@SP1]([NH3+])([NH3+])(Cl)Cl,592.9328156,592.9202229,253.5657134,253.5565986,31.06364256,31.05252612,28.42307731,28.41715594,0,0,0,0,0,0,0,0,0,0,0,https://doi.org/10.1002/ejic.202000474
100,0,-2254,2088.590096,-67,cis-[Pt(NH3)2ClBr],neutral,sq-pl,hal-org,[Pt@SP1]([NH3+])([NH3+])(Cl)Br,1157.057639,590.1517794,249.679597,253.0126159,31.01477732,29.52371242,29.51427143,28.35205302,0,0,0,0,0,0,0,0,0,0,0,https://doi.org/10.1002/ejic.202000474
101,0,-2428,2059.541845,-93,cis-[Pt(NH3)2Br2],neutral,sq-pl,hal-org,[Pt@SP1]([NH3+])([NH3+])(Br)Br,1153.76364,1153.584152,248.5408574,248.7471507,29.76986693,29.44803448,29.43396724,28.18037789,0,0,0,0,0,0,0,0,0,0,0,https://doi.org/10.1002/ejic.202000474
102,0,-2615,2047.384079,-121,cis-[Pt(NH3)2ClI],neutral,sq-pl,hal-org,[Pt@SP1]([NH3+])([NH3+])(Cl)I,1615.191027,589.6882838,248.2671458,254.7916161,31.19659517,29.24649052,29.24131806,28.48110339,0,0,0,0,0,0,0,0,0,0,0,https://doi.org/10.1002/ejic.202000474
103,0,-2830,1996.272378,-151,cis-[Pt(NH3)2BrI],neutral,sq-pl,hal-org,[Pt@SP1]([NH3+])([NH3+])(Br)I,1612.014838,1151.298094,247.3844139,250.3048478,29.2128507,29.20485748,29.62371438,27.34852784,0,0,0,0,0,0,0,0,0,0,0,https://doi.org/10.1002/ejic.202000474
104,0,-3309,1955.50152,-207,cis-[Pt(NH3)2I2],neutral,sq-pl,hal-org,[Pt@SP1]([NH3+])([NH3+])(I)I,1608.911281,1608.868213,248.9121216,248.8798288,29.35775056,29.34726317,29.34665764,27.43320953,0,0,0,0,0,0,0,0,0,0,0,https://doi.org/10.1002/ejic.202000474
105,0,-2174,5.774726215,-21,trans-[Pt(NH3)2Cl2],neutral,sq-pl,hal-org,[Pt@SP1]([NH3+])(Cl)([NH3+])Cl,575.8601241,575.8506055,266.8319408,266.8309499,30.50197744,30.49759965,30.21336263,30.20851024,0,0,0,0,0,0,0,0,0,0,0,https://doi.org/10.1039/C3DT53594K
106,0,-2293,20.86155023,-45,trans-[Pt(NH3)2ClBr],neutral,sq-pl,hal-org,[Pt@SP1]([NH3+])(Cl)([NH3+])Br,1128.659597,574.8222531,265.9450692,265.9435218,30.50588042,30.50575103,30.0277659,30.03153426,0,0,0,0,0,0,0,0,0,0,0,https://doi.org/10.1002/ejic.202000474
107,0,-2557,5.57772556,-65,trans-[Pt(NH3)2Br2],neutral,sq-pl,hal-org,[Pt@SP1]([NH3+])(Br)([NH3+])Br,1120.126716,1120.12351,264.8284108,264.8278574,29.90524736,29.90408272,30.08570038,30.09210202,0,0,0,0,0,0,0,0,0,0,0,https://doi.org/10.1002/ejic.202000474
108,0,-2999,67.05395466,-127,trans-[Pt(NH3)2BrI],neutral,sq-pl,hal-org,[Pt@SP1]([NH3+])(Br)([NH3+])I,1583.185109,1119.8105,264.2720786,264.2964532,29.54292854,29.92286515,29.91590144,30.18709797,0,0,0,0,0,0,0,0,0,0,0,https://doi.org/10.1002/ejic.202000474
109,0,-3372,2.934875828,-191,trans-[Pt(NH3)2I2],neutral,sq-pl,hal-org,[Pt@SP1]([NH3+])(I)([NH3+])I,1582.553689,1582.505553,263.5195471,263.5178247,29.64556341,29.64499705,30.00004018,29.97362402,0,0,0,0,0,0,0,0,0,0,0,https://doi.org/10.1002/ejic.202000474
110,-1000,-1884,1282.595422,219,[Pt(NH3)Cl3]-,anion,sq-pl,hal-org,[Pt@SP1]([NH3+])(Cl)(Cl)Cl,607.9348984,587.0241235,586.6354561,252.2279558,29.097361,29.02111579,29.02213599,0,0,0,0,0,0,0,0,0,0,0,0,https://doi.org/10.1002/ejic.202000474
111,-1000,-2534,598.1436874,185,[Pt(NH3)Br3]-,anion,sq-pl,hal-org,[Pt@SP1]([NH3+])(Br)(Br)Br,1162.819929,1164.872661,868.0378208,288.0078315,22.36960358,30.32735547,30.0876634,0,0,0,0,0,0,0,0,0,0,0,0,https://doi.org/10.1002/ejic.202000474
112,-1000,-3298,1269.126886,55,trans-[Pt(NH3)ClI2]-,anion,sq-pl,hal-org,[Pt@SP1]([NH3+])(I)(Cl)I,1596.90028,1595.599831,605.3053188,245.5999487,28.03346649,28.47258087,28.4649096,0,0,0,0,0,0,0,0,0,0,0,0,https://doi.org/10.1002/ejic.202000474
113,-1000,-4250,1142.398727,-39,[Pt(NH3)I3]-,anion,sq-pl,hal-org,[Pt@SP1]([NH3+])(I)(I)I,1616.381895,1590.390037,1589.924432,246.5670646,28.79039187,28.18113763,28.27141361,0,0,0,0,0,0,0,0,0,0,0,0,https://doi.org/10.1002/ejic.202000474
114,-2000,-1780,295.358378,-0.047,[Pt(NO2)3(OH)] 2-,anion,sq-pl,inorg,[Pt-]([N+](=O)[O-])([N+](=O)[O-])([N+](=O)[O-])O[H],301.4948275,285.4650873,282.5576975,282.6884867,227.379229,225.3440238,225.1724744,223.8439956,31.46742136,0,0,0,0,0,0,0,0,0,0,https://doi.org/10.1016/S0020-1693(00)81457-7
115,-2000,-1487,1058.62284,0.06,[Pt(NO2)2(C2O4)]2-,anion,sq-pl,org-inorg,O=C1O[Pt-2]([N+]([O-])=O)([N+]([O-])=O)[O-2]C1=O,296.7796012,296.7792552,289.6649239,289.6645132,229.3262864,229.3257472,229.3236735,152.5654835,161.9964556,0,0,0,0,0,0,0,0,0,0,https://doi.org/10.1016/S0020-1693(00)81457-7
116,0,-1714,3089.593916,0.024,Pt(1,1-cbdca)(NH3)2,neutral,sq-pl,org,[NH3][Pt](OC(C12CCC2)=O)([NH3])OC1=O,311.5414472,311.5357649,256.5088721,256.5023659,155.5398616,155.5368418,164.1578265,159.0626224,105.1880948,31.29903123,31.29198682,15.51335273,15.28759505,0,0,0,0,0,0,https://doi.org/10.1002/jcc.24461
117,0,-1872,3607.064609,0.004,cis-Pt(EtNH 2) 2(Ox),neutral,sq-pl,org,[Pt@@]1(OC(=O)C(O1)=O)([N](CC)([H])[H])[N](CC)([H])[H],314.0521253,314.0502299,257.8449876,257.8445186,169.74888,169.7488184,158.5652019,152.3414888,143.9926572,31.57312989,31.57287169,21.72718972,19.30232361,0,0,0,0,0,0,https://doi.org/10.1002/jcc.24461
118,0,-1693,1392.574866,0.065,cis-Pt(Me 2 NH) 2 (Ac)2,neutral,sq-pl,org,CC([Pt@@](C(C)=O)([N]([H])(C)C)[N]([H])(C)C)=O,301.4547334,301.4500312,263.4672344,263.461243,185.7695443,185.7146593,154.2222867,156.954061,151.9238399,106.8123702,106.7954614,23.4468288,22.68021162,0,0,0,0,0,0,https://doi.org/10.1002/jcc.24461
119,-1000,-2526,856.998763,0.04,[Pt(SOMe 2 )(OH)3 ]-,anion,sq-pl,org-inorg,[Pt-]([S](C)(C)=O)(O[H])(O[H])O[H],563.3097711,313.6166272,305.399484,302.0051382,189.1138614,140.8924952,140.8820462,31.76106795,23.96367513,21.93554575,21.93361577,0,0,0,0,0,0,0,0,https://doi.org/10.1002/jcc.24461
120,0,-1456,1717.553912,0.12,cis-Pt(Me 2 en) 2(Ac)2,neutral,sq-pl,org,[Pt]1(OC(=O)C)([N](CC[N]1(C)[H])(C)[H])OC(=O)C,304.8837266,304.4265371,261.4917617,260.9868666,232.6879193,215.1501882,174.3483208,168.0686378,152.7714988,112.7932356,111.2042278,23.06487035,20.37213568,0,0,0,0,0,0,https://doi.org/10.1002/jcc.24461
121,0,-1469,2045.79717,0.034,cis-Pt(Me 4 en) 2(Ac)2,neutral,sq-pl,org,[Pt]1(OC(=O)C)([N](CC[N]1(C)C)(C)C)OC(=O)C,304.2188419,303.6143516,261.2481087,259.8300847,233.6802125,190.7910051,174.5576281,157.4664654,163.28353,156.1137976,154.6293891,25.26974803,24.83046217,16.2054083,0,0,0,0,0,https://doi.org/10.1002/jcc.24461
122,0,-1833,3160.715688,-0.041,cis-Pt(EtNH 2) 2(benzmal),neutral,sq-pl,org,[Pt]1([N](CC)([H])[H])(OC(C(C(O1)=O)CC2=CC=CC=C2)=O)[N](CC)([H])[H],310.2537433,309.9343966,259.7676165,257.0072799,153.7688318,153.5356877,160.7259309,159.1917497,147.4963587,146.3109031,141.8787324,31.75922449,30.71517549,17.58247772,16.31421921,16.35565409,14.59528791,0,0,https://doi.org/10.1002/jcc.24461