Rho at Nucleus,DelSqRho,V,G,L,Vnuc,Ven,Vrep,DelSqVen,DelSqVrep,DelSqK,ESP,ESPe,q(A),L(A),K(A),|Mu_Intra(A)|,Brutto,Complex,Geometry,Charge_class,Ligand,Molecular dipole,Shift,Smiles,Source_doi
1858091.595,-10166400000000.00,-2542030000000.00,217378044.50,2541600000000.00,7800000015.00,-14493100000000000.00,14490600000000000.00,435000000000000000000000000000000.00,-434793000000000000000000000000000.00,-45229400000000000000.00,-610.5685243,-625.8389988,0.490444021,-0.000180431,24953.68691,0.000259003,[PtCl4]2-,4,sq-pl,anion,hal,0.000288,-1630,Cl[Pt-2](Cl)(Cl)Cl,https://doi.org/10.1002/ejic.201600573
1858091.464,-10166400000000.00,-2542030000000.00,217377270.90,2541600000000.00,7800000019.00,-14493100000000000.00,14490600000000000.00,435000000000000000000000000000000.00,-434792000000000000000000000000000.00,-45229400000000000000.00,-610.5631809,-629.4406684,0.434639931,5.43E-05,24953.69882,0.136420377,[PtCl3Br]2-,5,sq-pl,anion,hal,0.299,-1842,Cl[Pt-2](Cl)(Cl)Br,https://doi.org/10.1002/ejic.201600573
1858091.286,-10166400000000.00,-2542030000000.00,217376425.70,2541600000000.00,7800000023.00,-14493100000000000.00,14490600000000000.00,435000000000000000000000000000000.00,-434793000000000000000000000000000.00,-45229400000000000000.00,-610.5583964,-633.0430016,0.377425222,0.000285378,24953.71057,0.000263884,trans-[PtCl2Br2],6,sq-pl,neutral,hal,0.000341,-2090,Br[Pt-2](Cl)(Br)Cl,https://doi.org/10.1002/ejic.201600573
1858091.346,-10166400000000.00,-2542030000000.00,217376482.20,2541600000000.00,7800000023.00,-14493100000000000.00,14490600000000000.00,435000000000000000000000000000000.00,-434790000000000000000000000000000.00,-45229400000000000000.00,-610.5582183,-633.0480951,0.376732673,6.53E-05,24953.71043,0.19818912,cis-[PtCl2Br2],7,sq-pl,neutral,hal,0.406,-2103,Cl[Pt-2](Cl)(Br)Br,https://doi.org/10.1002/ejic.201600573
1858091.142,-10166400000000.00,-2542030000000.00,217376574.20,2541600000000.00,7800000022.00,-14493100000000000.00,14490600000000000.00,435000000000000000000000000000000.00,-434789000000000000000000000000000.00,-45229400000000000000.00,-610.5580699,-632.4540364,0.353615599,0.00016119,24953.7191,0.32803483,[PtCl3I]2-   ,8,sq-pl,anion,hal,0.533,-2346,Cl[Pt-2](Cl)(Cl)I,https://doi.org/10.1002/ejic.201600573
1858091.187,-10166400000000.00,-2542030000000.00,217375626.20,2541600000000.00,7800000026.00,-14493100000000000.00,14490600000000000.00,435000000000000000000000000000000.00,-434792000000000000000000000000000.00,-45229400000000000000.00,-610.5538052,-636.6561548,0.317670003,-6.67E-05,24953.72202,0.139154032,[PtClBr3]2-,9,sq-pl,anion,hal,0.272,-2377,Cl[Pt-2](Br)(Br)Br,https://doi.org/10.1002/ejic.201600573
1858091.032,-10166400000000.00,-2542030000000.00,217374752.40,2541600000000.00,7800000030.00,-14493100000000000.00,14490600000000000.00,435000000000000000000000000000000.00,-434793000000000000000000000000000.00,-45229400000000000000.00,-610.5497302,-640.2682321,0.256987682,-0.000121832,24953.73333,0.00105266,[PtBr4]2-,10,sq-pl,anion,hal,0.00109,-2690,Br[Pt-2](Br)(Br)Br,https://doi.org/10.1002/ejic.201600573
1858090.736,-10166400000000.00,-2542030000000.00,217375084.90,2541590000000.00,7800000029.00,-14493100000000000.00,14490600000000000.00,435000000000000000000000000000000.00,-434786000000000000000000000000000.00,-45229400000000000000.00,-610.5489688,-639.0856475,0.206034032,-8.92E-05,24953.75142,0.479131667,cis-[PtCl2I2]2- ,11,sq-pl,anion,hal,0.685,-3103,Cl[Pt-2](Cl)(I)I,https://doi.org/10.1002/ejic.201600573
1858090.728,-10166400000000.00,-2542030000000.00,217373981.00,2541590000000.00,7800000033.00,-14493100000000000.00,14490600000000000.00,435000000000000000000000000000000.00,-434793000000000000000000000000000.00,-45229400000000000000.00,-610.5456884,-643.2786597,0.169811657,-0.000146389,24953.75377,0.202029552,[PtBr3I]2-,12,sq-pl,anion,hal,0.214,-3260,Br[Pt-2](Br)(Br)I,https://doi.org/10.1002/ejic.201600573
1858090.44,-10166400000000.00,-2542030000000.00,217373136.80,2541590000000.00,7800000036.00,-14493100000000000.00,14490600000000000.00,435000000000000000000000000000000.00,-434793000000000000000000000000000.00,-45229400000000000000.00,-610.5419751,-646.2677052,0.084259681,-1.75E-05,24953.77299,0.000811368,trans-[PtBr2I2]2- ,13,sq-pl,anion,hal,0.000852,-3977,I[Pt-2](Br)(I)Br,https://doi.org/10.1002/ejic.201600573
1858090.411,-10166400000000.00,-2542030000000.00,217373209.90,2541590000000.00,7800000036.00,-14493100000000000.00,14490600000000000.00,435000000000000000000000000000000.00,-434792000000000000000000000000000.00,-45229400000000000000.00,-610.5419402,-646.289054,0.079528816,-0.000324197,24953.77437,0.288016866,cis-[PtBr2I2]2- ,14,sq-pl,anion,hal,0.283,-3985,Br[Pt-2](Br)(I)I,https://doi.org/10.1002/ejic.201600573
1858090.273,-10166400000000.00,-2542030000000.00,217373312.90,2541590000000.00,7800000035.00,-14493100000000000.00,14490600000000000.00,435000000000000000000000000000000.00,-434789000000000000000000000000000.00,-45229400000000000000.00,-610.541577,-645.6716239,0.057557235,-8.22E-05,24953.782,0.347831785,[PtClI3]2- ,15,sq-pl,anion,hal,0.441,-4213,Cl[Pt-2](I)(I)I,https://doi.org/10.1002/ejic.201600573
1858090.104,-10166400000000.00,-2542030000000.00,217372362.10,2541590000000.00,7800000039.00,-14493100000000000.00,14490600000000000.00,435000000000000000000000000000000.00,-434793000000000000000000000000000.00,-45229400000000000000.00,-610.5384902,-649.275565,-0.008017872,-2.13E-05,24953.79317,0.206878467,[PtBrI3]2- ,16,sq-pl,anion,hal,0.19,-4667,Br[Pt-2](I)(I)I,https://doi.org/10.1002/ejic.201600573
1858089.77,-10166400000000.00,-2542030000000.00,217371513.20,2541590000000.00,7800000042.00,-14493100000000000.00,14490600000000000.00,435000000000000000000000000000000.00,-434793000000000000000000000000000.00,-45229400000000000000.00,-610.5353042,-652.2601797,-0.098502549,-0.000111559,24953.81159,0.000507136,[PtI4]2- ,17,sq-pl,anion,hal,0.000538,-5475,I[Pt-2](I)(I)I,https://doi.org/10.1002/ejic.201600573
1858103.288,-10166500000000.00,-2542050000000.00,217396755.70,2541610000000.00,7800000028.00,-14493200000000000.00,14490700000000000.00,434000000000000000000000000000000.00,-434472000000000000000000000000000.00,-45229700000000000000.00,-610.2287393,-637.6989842,0.736499999,-0.000334517,24953.86364,0.340704054,[PtCl2(η2 -CH2=CH2)(Me2phen)],18,sq-pl,neutral,hal-org,2.55,-2169,CC1=NC2=C3N=C(C)C=CC3=CC=C2C=C1.C=C.Cl[Pt]Cl,https://doi.org/10.1002/ejic.201600573
1858103.216,-10166500000000.00,-2542050000000.00,217395763.80,2541610000000.00,7800000031.00,-14493200000000000.00,14490700000000000.00,434000000000000000000000000000000.00,-434478000000000000000000000000000.00,-45229700000000000000.00,-610.2281898,-641.3244551,0.668324103,-0.000119614,24953.8741,0.371603432,[PtBrCl(η2 -CH2=CH2)(Me2phen)],19,sq-pl,neutral,hal-org,2.55,-2456,CC1=NC2=C3N=C(C)C=CC3=CC=C2C=C1.C=C.Cl[Pt]Br,https://doi.org/10.1002/ejic.201600573
1858103.196,-10166400000000.00,-2542050000000.00,217394944.90,2541610000000.00,7800000035.00,-14493200000000000.00,14490700000000000.00,434000000000000000000000000000000.00,-434484000000000000000000000000000.00,-45229700000000000000.00,-610.2286472,-644.9211055,0.601718572,0.000109136,24953.88626,0.343943824,[PtBr2(η2 -CH2=CH2)(Me2phen)],20,sq-pl,neutral,hal-org,2.56,-2886,CC1=NC2=C3N=C(C)C=CC3=CC=C2C=C1.C=C.Br[Pt]Br,https://doi.org/10.1002/ejic.201600573
1858103.148,-10166400000000.00,-2542050000000.00,217395084.60,2541610000000.00,7800000034.00,-14493200000000000.00,14490700000000000.00,434000000000000000000000000000000.00,-434486000000000000000000000000000.00,-45229700000000000000.00,-610.2286564,-644.3288276,0.564539303,0.000103704,24953.89728,0.51251672,[PtClI(η2 -CH2=CH2)(Me2phen)],21,sq-pl,neutral,hal-org,2.57,-3087,CC1=NC2=C3N=C(C)C=CC3=CC=C2C=C1.C=C.Cl[Pt]I,https://doi.org/10.1002/ejic.201600573
1858103.253,-10166500000000.00,-2542050000000.00,217394210.30,2541610000000.00,7800000038.00,-14493200000000000.00,14490700000000000.00,434000000000000000000000000000000.00,-434493000000000000000000000000000.00,-45229700000000000000.00,-610.2287883,-647.9186124,0.500274425,0.00018505,24953.90931,0.420189871,[PtBrI(η2 -CH2=CH2)(Me2phen)],22,sq-pl,neutral,hal-org,2.57,-3426,CC1=NC2=C3N=C(C)C=CC3=CC=C2C=C1.C=C.Br[Pt]I,https://doi.org/10.1002/ejic.201600573
1858103.388,-10166500000000.00,-2542050000000.00,217393419.40,2541610000000.00,7800000041.00,-14493200000000000.00,14490700000000000.00,435000000000000000000000000000000.00,-434501000000000000000000000000000.00,-45229700000000000000.00,-610.2290768,-650.89236,0.402764452,-0.000269155,24953.93033,0.35401308,[PtI2(η2 -CH2=CH2)(Me2phen)],23,sq-pl,neutral,hal-org,2.58,-4041,CC1=NC2=C3N=C(C)C=CC3=CC=C2C=C1.C=C.I[Pt]I,https://doi.org/10.1002/ejic.201600573
1858092.938,-10166400000000.00,-2542030000000.00,217407420.10,2541600000000.00,7800000015.00,-14493100000000000.00,14490600000000000.00,435000000000000000000000000000000.00,-434794000000000000000000000000000.00,-45229500000000000000.00,-610.5032132,-624.9631524,1.895715492,3.03E-05,24953.33564,0.001162668,[PtF6] 2-,24,oct,anion,hal,0.00111,7090,[Pt-2]([F])([F])([F])([F])([F])[F],https://doi.org/10.1002/ejic.201600573
1858094.638,-10166400000000.00,-2542040000000.00,217406714.60,2541600000000.00,7800000016.00,-14493100000000000.00,14490600000000000.00,435000000000000000000000000000000.00,-434794000000000000000000000000000.00,-45229500000000000000.00,-610.4887843,-626.368883,1.763062129,-0.000355654,24953.36992,0.317532869,[PtClF5] 2-,25,oct,anion,hal,0.442,5856,[Pt-2]([F])([F])([F])([F])([F])[Cl],https://doi.org/10.1002/ejic.201600573
1858094.924,-10166400000000.00,-2542040000000.00,217405911.30,2541600000000.00,7800000020.00,-14493100000000000.00,14490600000000000.00,435000000000000000000000000000000.00,-434792000000000000000000000000000.00,-45229500000000000000.00,-610.4834292,-629.9613625,1.705178684,-0.000298042,24953.38782,0.44425441,[PtBrF5] 2-,26,oct,anion,hal,0.702,5669,[Pt-2]([F])([F])([F])([F])([F])[Br],https://doi.org/10.1002/ejic.201600573
1858096,-10166400000000.00,-2542040000000.00,217405173.00,2541600000000.00,7800000017.00,-14493100000000000.00,14490600000000000.00,435000000000000000000000000000000.00,-434794000000000000000000000000000.00,-45229500000000000000.00,-610.4775423,-627.7431157,1.624512287,-9.34E-05,24953.40499,0.002137114,trans-[PtCl2F4] 2-,27,oct,anion,hal,0.00217,4887,[Pt-2]([Cl])([F])([F])([Cl])([F])[F],https://doi.org/10.1002/ejic.201600573
1858096.627,-10166400000000.00,-2542040000000.00,217403105.20,2541600000000.00,7800000024.00,-14493200000000000.00,14490600000000000.00,435000000000000000000000000000000.00,-434795000000000000000000000000000.00,-45229600000000000000.00,-610.4701264,-634.8733471,1.503442773,-0.000254329,24953.44367,0.003195514,trans-[PtBr2F4] 2-,28,oct,anion,hal,0.00323,4551,[Pt-2]([Br])([F])([F])([Br])([F])[F],https://doi.org/10.1002/ejic.201600573
1858096.035,-10166400000000.00,-2542040000000.00,217405863.70,2541600000000.00,7800000017.00,-14493100000000000.00,14490600000000000.00,435000000000000000000000000000000.00,-434794000000000000000000000000000.00,-45229500000000000000.00,-610.4763977,-627.770546,1.62406688,-1.75E-06,24953.40535,0.453110386,cis-[PtCl2F4] 2-,29,oct,anion,hal,0.554,4547,[Pt-2]([Cl])([Cl])([F])([F])([F])[F],https://doi.org/10.1002/ejic.201600573
1858096.453,-10166400000000.00,-2542040000000.00,217404186.90,2541600000000.00,7800000025.00,-14493200000000000.00,14490600000000000.00,435000000000000000000000000000000.00,-434791000000000000000000000000000.00,-45229600000000000000.00,-610.4677503,-634.966714,1.500166469,-0.000359142,24953.44109,0.640827374,cis-[PtBr2F4] 2-,30,oct,anion,hal,0.838,4136,[Pt-2]([F])([F])([F])([F])([Br])[Br],https://doi.org/10.1002/ejic.201600573
1858097.089,-10166400000000.00,-2542040000000.00,217404234.80,2541600000000.00,7800000019.00,-14493200000000000.00,14490600000000000.00,435000000000000000000000000000000.00,-434794000000000000000000000000000.00,-45229600000000000000.00,-610.4667914,-629.1392871,1.479871528,-0.000159353,24953.4409,0.321082754,mer-[PtCl3F3] 2-,31,oct,anion,hal,0.347,3551,[Pt-2]([Cl])([F])([F])([Cl])([Cl])[F],https://doi.org/10.1002/ejic.201600573
1858097.164,-10166400000000.00,-2542040000000.00,217404918.70,2541600000000.00,7800000019.00,-14493200000000000.00,14490600000000000.00,435000000000000000000000000000000.00,-434793000000000000000000000000000.00,-45229600000000000000.00,-610.4658402,-629.1701105,1.478857197,8.47E-05,24953.44297,0.553105757,fac-[PtCl3F3] 2-,32,oct,anion,hal,0.597,3191,[Pt-2]([F])([F])([F])([Cl])([Cl])[Cl],https://doi.org/10.1002/ejic.201600573
1858097.658,-10166400000000.00,-2542040000000.00,217401279.30,2541600000000.00,7800000029.00,-14493200000000000.00,14490600000000000.00,435000000000000000000000000000000.00,-434793000000000000000000000000000.00,-45229600000000000000.00,-610.4573808,-639.8643393,1.290199622,0.000143839,24953.49612,0.45877769,mer-[PtBr3F3] 2-,33,oct,anion,hal,0.503,2907,[Pt-2]([Br])([F])([F])([Br])([Br])[F],https://doi.org/10.1002/ejic.201600573
1858097.845,-10166400000000.00,-2542040000000.00,217402574.80,2541600000000.00,7800000020.00,-14493200000000000.00,14490600000000000.00,435000000000000000000000000000000.00,-434795000000000000000000000000000.00,-45229600000000000000.00,-610.4583801,-630.5009441,1.332547082,0.000110715,24953.47567,0.001659948,trans-[PtCl4F2] 2-,34,oct,anion,hal,0.00162,2534,[Pt-2]([F])([Cl])([Cl])([F])([Cl])[Cl],https://doi.org/10.1002/ejic.201600573
1858097.558,-10166400000000.00,-2542040000000.00,217402334.80,2541600000000.00,7800000030.00,-14493200000000000.00,14490600000000000.00,435000000000000000000000000000000.00,-434790000000000000000000000000000.00,-45229600000000000000.00,-610.4554376,-639.9723239,1.284572456,8.98E-05,24953.49679,0.794003143,fac-[PtBr3F3] 2-,35,oct,anion,hal,0.87,2487,[Pt-2]([F])([F])([F])([Br])([Br])[Br],https://doi.org/10.1002/ejic.201600573
1858097.936,-10166400000000.00,-2542040000000.00,217403219.80,2541600000000.00,7800000020.00,-14493200000000000.00,14490600000000000.00,435000000000000000000000000000000.00,-434794000000000000000000000000000.00,-45229600000000000000.00,-610.4576007,-630.5329915,1.330568478,0.000293334,24953.47853,0.452343108,cis-[PtCl4F2] 2-,36,oct,anion,hal,0.434,2171,[Pt-2]([Cl])([Cl])([Cl])([Cl])([F])[F],https://doi.org/10.1002/ejic.201600573
1858098.378,-10166400000000.00,-2542040000000.00,217398388.40,2541610000000.00,7800000034.00,-14493200000000000.00,14490600000000000.00,435000000000000000000000000000000.00,-434795000000000000000000000000000.00,-45229600000000000000.00,-610.4488707,-644.7376809,1.074831733,-9.76E-06,24953.54716,0.002188923,trans-[PtBr4F2] 2-,37,oct,anion,hal,0.00217,1157,[Pt-2]([F])([Br])([Br])([F])([Br])[Br],https://doi.org/10.1002/ejic.201600573
1858098.323,-10166400000000.00,-2542040000000.00,217399376.30,2541610000000.00,7800000034.00,-14493200000000000.00,14490600000000000.00,435000000000000000000000000000000.00,-434792000000000000000000000000000.00,-45229600000000000000.00,-610.4473313,-644.8551939,1.066663995,-0.000245653,24953.55041,0.653880295,cis-[PtBr4F2] 2-,38,oct,anion,hal,0.608,1142,[Pt-2]([F])([Br])([Br])([Br])([Br])[F],https://doi.org/10.1002/ejic.201600573
1858098.437,-10166400000000.00,-2542040000000.00,217401499.20,2541610000000.00,7800000021.00,-14493200000000000.00,14490600000000000.00,435000000000000000000000000000000.00,-434795000000000000000000000000000.00,-45229600000000000000.00,-610.4503873,-631.8880889,1.17842527,-0.000214596,24953.5131,0.32118762,[PtCl5F]2-,39,oct,anion,hal,0.275,1111,[Pt-2]([F])([Cl])([Cl])([Cl])([Cl])[Cl],https://doi.org/10.1002/ejic.201600573
1858098.706,-10166400000000.00,-2542040000000.00,217399777.60,2541610000000.00,7800000023.00,-14493200000000000.00,14490600000000000.00,435000000000000000000000000000000.00,-434795000000000000000000000000000.00,-45229600000000000000.00,-610.4440462,-633.2353811,1.023608485,-0.000365173,24953.54663,0.002388935,[PtCl6] 2-,40,oct,anion,hal,0.00236,0,[Pt-2]([Cl])([Cl])([Cl])([Cl])([Cl])[Cl],https://doi.org/10.1002/ejic.201600573
1858098.727,-10166400000000.00,-2542040000000.00,217398777.30,2541610000000.00,7800000026.00,-14493200000000000.00,14490600000000000.00,435000000000000000000000000000000.00,-434795000000000000000000000000000.00,-45229600000000000000.00,-610.4421392,-636.7919402,0.958363484,0.000386478,24953.56468,0.135690195,[PtCl5Br]2-,41,oct,anion,hal,0.179,-286,[Pt-2]([Cl])([Cl])([Cl])([Cl])([Cl])[Br],https://doi.org/10.1002/ejic.201600573
1858098.666,-10166400000000.00,-2542040000000.00,217396463.70,2541610000000.00,7800000039.00,-14493200000000000.00,14490600000000000.00,435000000000000000000000000000000.00,-434793000000000000000000000000000.00,-45229600000000000000.00,-610.440682,-649.7119451,0.845112385,-0.000243555,24953.60026,0.465493979,[PtBr5F]2-,42,oct,anion,hal,0.371,-311,[Pt-2]([Br])([F])([Br])([Br])([Br])[Br],https://doi.org/10.1002/ejic.201600573
1858098.718,-10166400000000.00,-2542040000000.00,217397763.70,2541610000000.00,7800000030.00,-14493200000000000.00,14490600000000000.00,435000000000000000000000000000000.00,-434794000000000000000000000000000.00,-45229600000000000000.00,-610.4403966,-640.350774,0.890592614,-0.000409044,24953.58169,0.191738688,cis-[PtCl4Br2] 2-,43,oct,anion,hal,0.24,-583,[Pt-2]([Br])([Br])([Cl])([Cl])([Cl])[Cl],https://doi.org/10.1002/ejic.201600573
1858098.783,-10166400000000.00,-2542040000000.00,217397729.00,2541610000000.00,7800000030.00,-14493200000000000.00,14490600000000000.00,435000000000000000000000000000000.00,-434795000000000000000000000000000.00,-45229600000000000000.00,-610.4405225,-640.3263201,0.891781191,-0.000366487,24953.58194,0.001159283,trans-[PtCl4Br2] 2-,44,oct,anion,hal,0.00112,-585,[Pt-2]([Br])([Cl])([Cl])([Br])([Cl])[Cl],https://doi.org/10.1002/ejic.201600573
1858098.653,-10166400000000.00,-2542040000000.00,217397734.30,2541610000000.00,7800000029.00,-14493200000000000.00,14490600000000000.00,435000000000000000000000000000000.00,-434794000000000000000000000000000.00,-45229600000000000000.00,-610.4407303,-639.7271337,0.866235885,-9.49E-05,24953.59148,0.332167452,[PtCl5I]2-,45,oct,anion,hal,0.296,-854,[Pt-2]([Cl])([Cl])([Cl])([Cl])([Cl])[I],https://doi.org/10.1002/ejic.201600573
1858098.694,-10166400000000.00,-2542040000000.00,217396760.20,2541610000000.00,7800000034.00,-14493200000000000.00,14490600000000000.00,435000000000000000000000000000000.00,-434793000000000000000000000000000.00,-45229600000000000000.00,-610.4388175,-643.9145252,0.823502994,0.000128106,24953.59864,0.237471614,fac-[PtCl3Br3] 2-,46,oct,anion,hal,0.28,-892,[Pt-2]([Cl])([Cl])([Cl])([Br])([Br])[Br],https://doi.org/10.1002/ejic.201600573
1858098.756,-10166400000000.00,-2542040000000.00,217396718.40,2541610000000.00,7800000034.00,-14493200000000000.00,14490600000000000.00,435000000000000000000000000000000.00,-434795000000000000000000000000000.00,-45229600000000000000.00,-610.4389416,-643.890197,0.824826501,3.71E-05,24953.59904,0.139572571,mer-[PtCl3Br3] 2-,47,oct,anion,hal,0.165,-894,[Pt-2]([Cl])([Cl])([Br])([Br])([Br])[Cl],https://doi.org/10.1002/ejic.201600573
1858098.709,-10166400000000.00,-2542040000000.00,217395716.00,2541610000000.00,7800000037.00,-14493200000000000.00,14490600000000000.00,435000000000000000000000000000000.00,-434794000000000000000000000000000.00,-45229600000000000000.00,-610.4374994,-647.4559433,0.755770977,-0.000395682,24953.61519,0.196371338,cis-[PtCl2Br4] 2-,48,oct,anion,hal,0.219,-1213,[Pt-2]([Br])([Br])([Br])([Br])([Cl])[Cl],https://doi.org/10.1002/ejic.201600573
1858098.766,-10166400000000.00,-2542040000000.00,217395670.30,2541610000000.00,7800000037.00,-14493200000000000.00,14490600000000000.00,435000000000000000000000000000000.00,-434795000000000000000000000000000.00,-45229600000000000000.00,-610.4376034,-647.4289903,0.757127895,-0.000352527,24953.61503,0.004460847,trans-[PtCl2Br4] 2-,49,oct,anion,hal,0.00443,-1216,[Pt-2]([Cl])([Br])([Br])([Cl])([Br])[Br],https://doi.org/10.1002/ejic.201600573
1858098.704,-10166400000000.00,-2542040000000.00,217394674.20,2541610000000.00,7800000041.00,-14493200000000000.00,14490600000000000.00,435000000000000000000000000000000.00,-434795000000000000000000000000000.00,-45229600000000000000.00,-610.4363188,-651.0003501,0.688624762,2.42E-05,24953.63175,0.14310117,[PtClBr5] 2-,50,oct,anion,hal,0.151,-1547,[Pt-2]([Br])([Br])([Br])([Br])([Cl])[Br],https://doi.org/10.1002/ejic.201600573
1858098.493,-10166400000000.00,-2542040000000.00,217395713.40,2541610000000.00,7800000036.00,-14493200000000000.00,14490600000000000.00,435000000000000000000000000000000.00,-434793000000000000000000000000000.00,-45229600000000000000.00,-610.4380105,-646.2328532,0.703020262,7.69E-05,24953.63515,0.483071436,cis-[PtCl4I2] 2-,51,oct,anion,hal,0.376,-1806,[Pt-2]([Cl])([Cl])([Cl])([Cl])([I])[I],https://doi.org/10.1002/ejic.201600573
1858098.842,-10166400000000.00,-2542040000000.00,217395560.30,2541610000000.00,7800000036.00,-14493200000000000.00,14490600000000000.00,435000000000000000000000000000000.00,-434795000000000000000000000000000.00,-45229600000000000000.00,-610.4383195,-646.1002601,0.718501331,0.000293906,24953.63252,0.000616267,trans-[PtCl4I2] 2-,52,oct,anion,hal,0.000594,-1884,[Pt-2]([Cl])([Cl])([I])([Cl])([Cl])[I],https://doi.org/10.1002/ejic.201600573
1858098.636,-10166400000000.00,-2542040000000.00,217393589.30,2541610000000.00,7800000044.00,-14493200000000000.00,14490600000000000.00,435000000000000000000000000000000.00,-434795000000000000000000000000000.00,-45229600000000000000.00,-610.4352062,-654.5349899,0.619743871,-0.000352602,24953.64563,0.003666625,[PtBr6] 2-,53,oct,anion,hal,0.00362,-1891,[Pt-2]([Br])([Br])([Br])([Br])([Br])[Br],https://doi.org/10.1002/ejic.201600573
1858098.574,-10166400000000.00,-2542040000000.00,217392599.10,2541610000000.00,7800000047.00,-14493200000000000.00,14490600000000000.00,435000000000000000000000000000000.00,-434795000000000000000000000000000.00,-45229600000000000000.00,-610.434497,-657.4650377,0.525713465,0.0002214,24953.67316,0.208910402,[PtBr5I]2-,54,oct,anion,hal,0.0912,-2545,[Pt-2]([Br])([Br])([Br])([Br])([Br])[I],https://doi.org/10.1002/ejic.201600573
1858098.227,-10166400000000.00,-2542040000000.00,217393717.40,2541610000000.00,7800000042.00,-14493200000000000.00,14490600000000000.00,435000000000000000000000000000000.00,-434791000000000000000000000000000.00,-45229600000000000000.00,-610.4358114,-652.7490959,0.533641036,-0.000230735,24953.67751,0.607997581,fac-[PtCl3I3] 2-,55,oct,anion,hal,0.415,-2849,[Pt-2]([I])([Cl])([Cl])([Cl])([I])[I],https://doi.org/10.1002/ejic.201600573
1858098.58,-10166400000000.00,-2542040000000.00,217393574.20,2541610000000.00,7800000042.00,-14493200000000000.00,14490600000000000.00,435000000000000000000000000000000.00,-434794000000000000000000000000000.00,-45229600000000000000.00,-610.4360278,-652.616793,0.550291392,0.000101614,24953.67465,0.348042375,mer-[PtCl3I3] 2-,56,oct,anion,hal,0.239,-2849,[Pt-2]([I])([Cl])([Cl])([I])([I])[Cl],https://doi.org/10.1002/ejic.201600573
1858098.532,-10166400000000.00,-2542040000000.00,217391524.40,2541610000000.00,7800000050.00,-14493200000000000.00,14490600000000000.00,435000000000000000000000000000000.00,-434795000000000000000000000000000.00,-45229600000000000000.00,-610.4337682,-660.3362379,0.436272436,-0.000225529,24953.69508,0.004162684,trans-[PtBr4I2] 2-,57,oct,anion,hal,0.00408,-3132,[Pt-2]([I])([Br])([Br])([I])([Br])[Br],https://doi.org/10.1002/ejic.201600573
1858098.434,-10166400000000.00,-2542040000000.00,217391577.20,2541610000000.00,7800000050.00,-14493200000000000.00,14490600000000000.00,435000000000000000000000000000000.00,-434795000000000000000000000000000.00,-45229600000000000000.00,-610.433853,-660.3835858,0.4288358,0.000311958,24953.69819,0.299918887,cis-[PtBr4I2] 2-,58,oct,anion,hal,0.118,-3252,[Pt-2]([Br])([Br])([Br])([Br])([I])[I],https://doi.org/10.1002/ejic.201600573
1858098.354,-10166400000000.00,-2542040000000.00,217390511.50,2541610000000.00,7800000053.00,-14493200000000000.00,14490600000000000.00,435000000000000000000000000000000.00,-434795000000000000000000000000000.00,-45229600000000000000.00,-610.433224,-663.2553602,0.339000517,0.000492041,24953.71951,0.213843289,mer-[PtBr3I3] 2-,59,oct,anion,hal,0.0757,-3898,[Pt-2]([I])([Br])([Br])([I])([I])[Br],https://doi.org/10.1002/ejic.201600573
1858098.219,-10166400000000.00,-2542040000000.00,217391621.10,2541610000000.00,7800000049.00,-14493200000000000.00,14490600000000000.00,435000000000000000000000000000000.00,-434792000000000000000000000000000.00,-45229600000000000000.00,-610.4342277,-659.1441891,0.37659231,-9.28E-05,24953.71603,0.504505378,cis-[PtCl2I4] 2-,60,oct,anion,hal,0.302,-3932,[Pt-2]([I])([Cl])([Cl])([I])([I])[I],https://doi.org/10.1002/ejic.201600573
1858098.544,-10166400000000.00,-2542040000000.00,217391450.60,2541610000000.00,7800000049.00,-14493200000000000.00,14490600000000000.00,435000000000000000000000000000000.00,-434795000000000000000000000000000.00,-45229600000000000000.00,-610.4343691,-659.0042741,0.392972662,-0.000314744,24953.71128,0.003555665,trans-[PtCl2I4] 2-,61,oct,anion,hal,0.00367,-3932,[Pt-2]([Cl])([I])([I])([Cl])([I])[I],https://doi.org/10.1002/ejic.201600573
1858098.252,-10166400000000.00,-2542040000000.00,217390560.30,2541610000000.00,7800000053.00,-14493200000000000.00,14490600000000000.00,435000000000000000000000000000000.00,-434795000000000000000000000000000.00,-45229600000000000000.00,-610.4333162,-663.3041699,0.330487609,0.000458959,24953.72269,0.371177759,fac-[PtBr3I3] 2-,62,oct,anion,hal,0.127,-4014,[Pt-2]([I])([I])([Br])([Br])([Br])[I],https://doi.org/10.1002/ejic.201600573
1858098.255,-10166400000000.00,-2542040000000.00,217389477.90,2541610000000.00,7800000056.00,-14493200000000000.00,14490600000000000.00,435000000000000000000000000000000.00,-434795000000000000000000000000000.00,-45229600000000000000.00,-610.4326952,-666.133626,0.246914664,0.000218074,24953.74102,0.004733743,trans-[PtBr2I4] 2-,63,oct,anion,hal,0.00472,-4603,[Pt-2]([I])([I])([Br])([I])([I])[Br],https://doi.org/10.1002/ejic.201600573
1858098.154,-10166400000000.00,-2542040000000.00,217389524.60,2541610000000.00,7800000056.00,-14493200000000000.00,14490600000000000.00,435000000000000000000000000000000.00,-434795000000000000000000000000000.00,-45229600000000000000.00,-610.4327811,-666.1812269,0.238284238,-7.68E-05,24953.74409,0.305956877,cis-[PtBr2I4] 2-,64,oct,anion,hal,0.0949,-4719,[Pt-2]([I])([I])([Br])([Br])([I])[I],https://doi.org/10.1002/ejic.201600573
1858098.075,-10166400000000.00,-2542040000000.00,217389524.00,2541600000000.00,7800000055.00,-14493200000000000.00,14490600000000000.00,435000000000000000000000000000000.00,-434793000000000000000000000000000.00,-45229600000000000000.00,-610.4329068,-665.5304053,0.215765127,-6.71E-05,24953.75072,0.368331658,[PtClI5] 2-,65,oct,anion,hal,0.197,-5081,[Pt-2]([I])([I])([I])([I])([I])[Cl],https://doi.org/10.1002/ejic.201600573
1858098.014,-10166400000000.00,-2542040000000.00,217388494.90,2541600000000.00,7800000059.00,-14493200000000000.00,14490600000000000.00,435000000000000000000000000000000.00,-434795000000000000000000000000000.00,-45229600000000000000.00,-610.4323054,-669.0549392,0.145806731,0.000224603,24953.7648,0.221972332,[PtBrI5] 2-,66,oct,anion,hal,0.064,-5483,[Pt-2]([I])([I])([I])([I])([I])[Br],https://doi.org/10.1002/ejic.201600573
1858097.845,-10166400000000.00,-2542040000000.00,217387487.90,2541600000000.00,7800000062.00,-14493200000000000.00,14490600000000000.00,435000000000000000000000000000000.00,-434795000000000000000000000000000.00,-45229600000000000000.00,-610.4318727,-671.9305446,0.050477529,-0.000238935,24953.78497,0.001175309,[PtI6] 2-,67,oct,anion,hal,0.0014,-6293,[Pt-2]([I])([I])([I])([I])([I])[I],https://doi.org/10.1002/ejic.201600573
1858104.125,-10166500000000.00,-2542050000000.00,217386377.50,2541610000000.00,7800000016.00,-14493200000000000.00,14490700000000000.00,435000000000000000000000000000000.00,-434771000000000000000000000000000.00,-45229700000000000000.00,-610.2466072,-626.0477205,0.754042962,-0.00034724,24953.7884,0.351815532,cis-Pt(NH 3) 2(Ac)2,199,sq-pl,neutral,org,1.87,-1565,CC(O[Pt]OC(C)=O)=O.N.N,https://doi.org/10.1002/jcc.24461
1858105.858,-10166500000000.00,-2542050000000.00,217387382.20,2541620000000.00,7800000018.00,-14493200000000000.00,14490700000000000.00,435000000000000000000000000000000.00,-434781000000000000000000000000000.00,-45229800000000000000.00,-610.2357412,-628.4224635,0.725372232,-0.000159691,24953.85755,0.433558166,cis-Pt(NH 3) 2(bumal) 2,201,sq-pl,neutral,org,5.02,-1686,O=C1C(CCCC)C(O[Pt]O1)=O.[H]N([H])[H].[H]N([H])[H],https://doi.org/10.1002/jcc.24461
1858107.046,-10166500000000.00,-2542050000000.00,217387307.80,2541620000000.00,7800000022.00,-14493200000000000.00,14490700000000000.00,435000000000000000000000000000000.00,-434789000000000000000000000000000.00,-45229800000000000000.00,-610.2436293,-632.4034387,0.728714832,5.59E-05,24953.87077,0.393368832,cis-Pt(EtNH 2) 2(CBDCA) 2,205,sq-pl,neutral,org,5.2,-1860,O=C(C1(C(O)=C)CCC1)O[Pt]OC(C2(C(O)=O)CCC2)=O.NCC.CCN,https://doi.org/10.1002/jcc.24461
1858121.481,-10166600000000.00,-2542070000000.00,217367857.30,2541640000000.00,7800000015.00,-14493300000000000.00,14490800000000000.00,435000000000000000000000000000000.00,-434721000000000000000000000000000.00,-45230200000000000000.00,-610.2938314,-624.8754792,0.114849296,0.000248852,24954.00757,0.26526349,cis-Pt(Me 2 NH) 2 (Ox),208,sq-pl,neutral,org,2.36,-1887,O=C1O[Pt]OC1=O.CN(C)[H].CN(C)[H],https://doi.org/10.1002/jcc.24461
1858108.082,-10166500000000.00,-2542050000000.00,217386521.10,2541620000000.00,7800000020.00,-14493200000000000.00,14490700000000000.00,435000000000000000000000000000000.00,-434791000000000000000000000000000.00,-45229800000000000000.00,-610.2418553,-630.0380197,0.717142493,2.58E-05,24953.86957,0.365645174,cis-Pt(Me 2 NH) 2 (Mal),209,sq-pl,neutral,org,5.2,-1882,O=C(C1)O[Pt]OC1=O.CN(C)[H].CN(C)[H],https://doi.org/10.1002/jcc.24461
1858109.13,-10166500000000.00,-2542060000000.00,217387323.10,2541620000000.00,7800000019.00,-14493300000000000.00,14490700000000000.00,435000000000000000000000000000000.00,-434783000000000000000000000000000.00,-45229900000000000000.00,-610.2428453,-628.7090606,0.703375075,-0.000150798,24953.92233,0.348451907,cis-Pt(Me 2 en) 2(Ox),338,sq-pl,neutral,org,6.43,-1988,O=C(C(O[H])=O)O[Pt]OC(C(O[H])=O)=O.CN([H])CCN([H])C,https://doi.org/10.1002/jcc.24461
1858109.705,-10166500000000.00,-2542060000000.00,217386683.10,2541620000000.00,7800000021.00,-14493300000000000.00,14490700000000000.00,435000000000000000000000000000000.00,-434785000000000000000000000000000.00,-45229900000000000000.00,-610.2462218,-631.4578761,0.711416631,2.88E-05,24953.93554,0.316791391,cis-Pt(Me 4 en) 2(Ox),339,sq-pl,neutral,org,6.24,-1970,O=C(C(O[H])=O)O[Pt]OC(C(O[H])=O)=O.CN(C)CCN(C)C,https://doi.org/10.1002/jcc.24461
1858108.023,-10166500000000.00,-2542050000000.00,217387228.20,2541620000000.00,7800000020.00,-14493200000000000.00,14490700000000000.00,435000000000000000000000000000000.00,-434793000000000000000000000000000.00,-45229800000000000000.00,-610.2423905,-629.8584436,0.721875812,-0.000272492,24953.89128,0.340216943,cis-Pt(Me 2 en) 2(Mal),340,sq-pl,neutral,org,5.95,-1974,O=C(CC(O[H])=O)O[Pt]OC(CC(O[H])=O)=O.CN([H])CCN([H])C,https://doi.org/10.1002/jcc.24461
1858108.585,-10166500000000.00,-2542050000000.00,217386542.50,2541620000000.00,7800000022.00,-14493200000000000.00,14490700000000000.00,435000000000000000000000000000000.00,-434795000000000000000000000000000.00,-45229900000000000000.00,-610.2456004,-632.6031749,0.728488779,2.77E-05,24953.90262,0.304963526,cis-Pt(Me 4 en) 2(Mal),341,sq-pl,neutral,org,5.75,-1976,O=C(CC(O[H])=O)O[Pt]OC(CC(O[H])=O)=O.CN(C)CCN(C)C,https://doi.org/10.1002/jcc.24461
1858107.619,-10166500000000.00,-2542050000000.00,217386639.10,2541620000000.00,7800000025.00,-14493200000000000.00,14490700000000000.00,435000000000000000000000000000000.00,-434792000000000000000000000000000.00,-45229800000000000000.00,-610.2448606,-635.6648799,0.738406998,0.000150593,24953.86854,0.346705848,cis-Pt(Me 2 NH) 2 (benzmal),342,sq-pl,neutral,org,4.67,-1835,O=C1C(CC2=CC=CC=C2)C(O[Pt]O1)=O.CN([H])C.CN([H])C,https://doi.org/10.1002/jcc.24461
1858107.494,-10166500000000.00,-2542050000000.00,217387136.90,2541620000000.00,7800000026.00,-14493200000000000.00,14490700000000000.00,435000000000000000000000000000000.00,-434795000000000000000000000000000.00,-45229800000000000000.00,-610.2472356,-636.1407383,0.745643324,2.09E-05,24953.89669,0.312579612,cis-Pt(Me 2 en) 2(benzmal),343,sq-pl,neutral,org,5.31,-1926,O=C1C(CC2=CC=CC=C2)C(O[Pt]O1)=O.[H]N([H])CCN([H])C.[H]N([H])CCN([H])C,https://doi.org/10.1002/jcc.24461
1858108.025,-10166500000000.00,-2542050000000.00,217386681.30,2541620000000.00,7800000028.00,-14493200000000000.00,14490700000000000.00,435000000000000000000000000000000.00,-434796000000000000000000000000000.00,-45229800000000000000.00,-610.2481247,-638.1258948,0.748224677,-0.000165601,24953.90166,0.273783304,cis-Pt(Me 4 en) 2(benzmal),344,sq-pl,neutral,org,5.19,-1930,O=C1C(CC2=CC=CC=C2)C(O[Pt]O1)=O.CN(C)CCN(C)C.CN(C)CCN(C)C,https://doi.org/10.1002/jcc.24461
1858106.982,-10166500000000.00,-2542050000000.00,217387459.80,2541620000000.00,7800000023.00,-14493200000000000.00,14490700000000000.00,435000000000000000000000000000000.00,-434791000000000000000000000000000.00,-45229800000000000000.00,-610.2422567,-633.087503,0.72856038,-8.14E-05,24953.86909,0.376999239,cis-Pt(EtNH 2) 2(bumal) 2,345,sq-pl,neutral,org,5.17,-1827,O=C1C(CCCC)C(O[Pt]O1)=O.[H]N(CC)[H].[H]N(CC)[H],https://doi.org/10.1002/jcc.24461
1858107.926,-10166500000000.00,-2542050000000.00,217386653.90,2541620000000.00,7800000023.00,-14493200000000000.00,14490700000000000.00,435000000000000000000000000000000.00,-434791000000000000000000000000000.00,-45229800000000000000.00,-610.242904,-633.3894371,0.721553783,3.77E-05,24953.87208,0.37397935,cis-Pt(Me 2 NH) 2 (bumal) 2,346,sq-pl,neutral,org,5.06,-1826,O=C1C(CCCC)C(O[Pt]O1)=O.[H]N(C)C.CN(C)[H],https://doi.org/10.1002/jcc.24461
1858107.844,-10166500000000.00,-2542050000000.00,217387355.90,2541620000000.00,7800000023.00,-14493200000000000.00,14490700000000000.00,435000000000000000000000000000000.00,-434793000000000000000000000000000.00,-45229800000000000000.00,-610.2432172,-633.447944,0.727082496,-0.000465054,24953.89383,0.342138175,cis-Pt(Me 2 en) 2(bumal) 2,347,sq-pl,neutral,org,5.77,-1923,CCCCC1C(O[Pt]OC1=O)=O.[H]N(CCN(C)[H])C,https://doi.org/10.1002/jcc.24461
1858108.353,-10166500000000.00,-2542050000000.00,217386664.50,2541620000000.00,7800000026.00,-14493200000000000.00,14490700000000000.00,435000000000000000000000000000000.00,-434795000000000000000000000000000.00,-45229900000000000000.00,-610.2463822,-635.9620857,0.732671522,-0.00018099,24953.90404,0.30680462,cis-Pt(Me 4 en) 2(bumal) 2,348,sq-pl,neutral,org,5.6,-1922,O=C(O[Pt]OC1=O)C1CCCC.CN(C)CCN(C)C,https://doi.org/10.1002/jcc.24461
1858097.724,-10166400000000.00,-2542040000000.00,217381456.50,2541600000000.00,7800000016.00,-14493200000000000.00,14490600000000000.00,435000000000000000000000000000000.00,-434736000000000000000000000000000.00,-45229600000000000000.00,-610.5464659,-626.789872,0.59087655,-8.75E-05,24953.73676,0.072908177,[Pt(NO 2)Cl 3 ]2-,370,sq-pl,anion,hal-inorg,2.2,-1671,[Pt-2]([N+](=O)[O-])([Cl])([Cl])[Cl],https://doi.org/10.1002/jcc.24461
1858097.888,-10166400000000.00,-2542040000000.00,217380370.70,2541600000000.00,7800000020.00,-14493200000000000.00,14490600000000000.00,435000000000000000000000000000000.00,-434720000000000000000000000000000.00,-45229600000000000000.00,-610.5415502,-630.3056449,0.533552512,-0.000199971,24953.74983,0.197350103,trans-[Pt(NO2 )Cl 2Br] 2-,371,sq-pl,anion,hal-inorg,2.6,-1828,[Pt-2]([N+](=O)[O-])([Cl])([Cl])[Br],https://doi.org/10.1002/jcc.24461
1858097.194,-10166400000000.00,-2542040000000.00,217380582.10,2541600000000.00,7800000020.00,-14493200000000000.00,14490600000000000.00,435000000000000000000000000000000.00,-434737000000000000000000000000000.00,-45229600000000000000.00,-610.54226,-630.3870154,0.533146476,-3.05E-05,24953.74876,0.155702171,cis-[Pt(NO 2 )Cl 2Br]2-,372,sq-pl,anion,hal-inorg,2.22,-1878,[Pt-2](Br)([N+](=O)[O-])([Cl])[Cl],https://doi.org/10.1002/jcc.24461
1858097.207,-10166400000000.00,-2542040000000.00,217379430.40,2541600000000.00,7800000023.00,-14493200000000000.00,14490600000000000.00,435000000000000000000000000000000.00,-434724000000000000000000000000000.00,-45229600000000000000.00,-610.5376132,-633.9078386,0.474546317,2.99E-05,24953.75849,0.24255766,cis-[Pt(NO 2 )ClBr 2 ]2-,373,sq-pl,anion,hal-inorg,2.59,-2057,[Pt-2](Br)(Br)([N+](=O)[O-])[Cl],https://doi.org/10.1002/jcc.24461
1858096.484,-10166400000000.00,-2542040000000.00,217379584.50,2541600000000.00,7800000023.00,-14493200000000000.00,14490600000000000.00,435000000000000000000000000000000.00,-434745000000000000000000000000000.00,-45229600000000000000.00,-610.5383049,-633.9724637,0.475300834,0.000468444,24953.75637,0.073150775,trans-[Pt(NO2 )ClBr 2 ]2-,374,sq-pl,anion,hal-inorg,2.19,-2104,[Pt-2](Br)(Br)(Cl)[N+](=O)[O-],https://doi.org/10.1002/jcc.24461
1858096.636,-10166400000000.00,-2542040000000.00,217378504.60,2541600000000.00,7800000027.00,-14493200000000000.00,14490600000000000.00,435000000000000000000000000000000.00,-434731000000000000000000000000000.00,-45229600000000000000.00,-610.5340488,-637.5080059,0.415241318,0.000129189,24953.76893,0.202322966,[Pt(NO 2)Br 3] 2-,375,sq-pl,anion,hal-inorg,2.56,-2303,[Pt-2](Br)(Br)([N+](=O)[O-])[Br],https://doi.org/10.1002/jcc.24461
1858104.413,-10166500000000.00,-2542050000000.00,217384100.50,2541610000000.00,7800000017.00,-14493200000000000.00,14490700000000000.00,435000000000000000000000000000000.00,-434702000000000000000000000000000.00,-45229800000000000000.00,-610.5297706,-627.7028014,0.655582048,0.000167577,24953.7921,0.086435954,trans-[Pt(NO2 )2 Cl2 ]2-,376,sq-pl,anion,hal-inorg,2.19,-1797,[Pt-2]([N+](=O)[O-])(Cl)(Cl)[N+](=O)[O-],https://doi.org/10.1002/jcc.24461
1858099.066,-10166400000000.00,-2542040000000.00,217382848.90,2541610000000.00,7800000021.00,-14493200000000000.00,14490600000000000.00,435000000000000000000000000000000.00,-434794000000000000000000000000000.00,-45229600000000000000.00,-610.5293132,-631.2957316,0.59253151,9.57E-05,24953.78269,0.138540638,trans-[Pt(NO2 )2 ClBr]2-,377,sq-pl,anion,hal-inorg,0.252,-1994,[Pt-2]([N+](=O)[O-])(Cl)([N+](=O)[O-])[Br],https://doi.org/10.1002/jcc.24461
1858098.31,-10166400000000.00,-2542040000000.00,217381875.00,2541610000000.00,7800000024.00,-14493200000000000.00,14490600000000000.00,435000000000000000000000000000000.00,-434795000000000000000000000000000.00,-45229600000000000000.00,-610.5257185,-634.8845603,0.534451843,-0.000167269,24953.79071,0.000959322,trans-[Pt(NO2 )2 Br2 ]2-,378,sq-pl,anion,hal-inorg,0.000752,-2209,[Pt-2]([N+](=O)[O-])([N+](=O)[O-])([Br])[Br],https://doi.org/10.1002/jcc.24461
1858104.28,-10166500000000.00,-2542050000000.00,217383984.10,2541610000000.00,7800000017.00,-14493200000000000.00,14490700000000000.00,435000000000000000000000000000000.00,-434702000000000000000000000000000.00,-45229700000000000000.00,-610.5297195,-627.6920507,0.65474931,0.000288936,24953.78831,0.083434017,cis-[Pt(NO 2 )2Cl 2 ]2-,379,sq-pl,anion,hal-inorg,2.19,-1797,[Pt-2]([N+](=O)[O-])([N+](=O)[O-])([Cl])[Cl],https://doi.org/10.1002/jcc.24461
1858103.913,-10166500000000.00,-2542050000000.00,217382818.60,2541610000000.00,7800000021.00,-14493200000000000.00,14490700000000000.00,435000000000000000000000000000000.00,-434692000000000000000000000000000.00,-45229700000000000000.00,-610.5258163,-631.2311016,0.595259993,0.000324005,24953.79822,0.197135162,cis-[Pt(NO 2 )2ClBr]2-,380,sq-pl,anion,hal-inorg,2.44,-1949,[Pt-2]([N+](=O)[O-])(Br)([N+](=O)[O-])[Cl],https://doi.org/10.1002/jcc.24461
1858103.668,-10166500000000.00,-2542050000000.00,217381713.40,2541610000000.00,7800000024.00,-14493200000000000.00,14490700000000000.00,435000000000000000000000000000000.00,-434682000000000000000000000000000.00,-45229700000000000000.00,-610.5222553,-634.7848481,0.534614486,-0.000224414,24953.80977,0.266025197,cis-[Pt(NO 2 )2Br 2] 2-,381,sq-pl,anion,hal-inorg,2.65,-2120,[Pt-2]([N+](=O)[O-])(Br)(Br)[N+](=O)[O-],https://doi.org/10.1002/jcc.24461
1858109.583,-10166500000000.00,-2542060000000.00,217386904.70,2541620000000.00,7800000018.00,-14493300000000000.00,14490700000000000.00,435000000000000000000000000000000.00,-434747000000000000000000000000000.00,-45229900000000000000.00,-610.5112344,-628.5908693,0.714654436,-0.000105387,24953.82402,0.025994107,[Pt(NO 2)3 Cl] 2-,382,sq-pl,anion,hal-inorg,1.06,-1949,[Pt-2]([N+](=O)[O-])([N+](=O)[O-])(Cl)[N+](=O)[O-],https://doi.org/10.1002/jcc.24461
1858113.846,-10166500000000.00,-2542060000000.00,217388714.30,2541630000000.00,7800000019.00,-14493300000000000.00,14490700000000000.00,435000000000000000000000000000000.00,-434799000000000000000000000000000.00,-45230000000000000000.00,-610.4972311,-629.4561267,0.766959645,0.000371963,24953.86493,0.001259798,[Pt(NO2)4] 2-,384,sq-pl,anion,inorg,0.00349,-2187,[Pt-2]([N+](=O)[O-])([N+](=O)[O-])([N+](=O)[O-])[N+](=O)[O-],https://doi.org/10.1002/jcc.24461
1858104.8,-10166500000000.00,-2542050000000.00,217386409.70,2541610000000.00,7800000010.00,-14493200000000000.00,14490700000000000.00,435000000000000000000000000000000.00,-434797000000000000000000000000000.00,-45229800000000000000.00,-609.9110132,-619.4365935,0.698052261,-0.000139972,24953.79631,0.000869209,[Pt(NH3)4] 2+ ,531,sq-pl,cation,org,0.000614,-2580,[H]N([H])[H].[H]N([H])[H].[H]N([H])[H].[H]N([H])[H].[Pt+2],https://doi.org/10.1002/ejic.202000474
1858103.929,-10166500000000.00,-2542050000000.00,217386005.70,2541610000000.00,7800000011.00,-14493200000000000.00,14490700000000000.00,435000000000000000000000000000000.00,-434777000000000000000000000000000.00,-45229700000000000000.00,-610.084305,-621.2031121,0.607664317,-1.82E-05,24953.84815,0.120865602,[Pt(NH3)3Cl]+ ,532,sq-pl,cation,hal-org,1.97,-2353,[H]N([H])[H].[H]N([H])[H].[H]N([H])[H].[Pt+]Cl,https://doi.org/10.1002/ejic.202000474
1858103.3,-10166400000000.00,-2542050000000.00,217384720.40,2541610000000.00,7800000015.00,-14493200000000000.00,14490700000000000.00,435000000000000000000000000000000.00,-434779000000000000000000000000000.00,-45229700000000000000.00,-610.0872115,-624.9268842,0.529284894,-0.000290963,24953.85882,0.028991359,[Pt(NH3)3Br]+ ,533,sq-pl,cation,hal-org,1.88,-2492,[H]N([H])[H].[H]N([H])[H].[H]N([H])[H].[Pt+]Br,https://doi.org/10.1002/ejic.202000474
1858102.62,-10166400000000.00,-2542050000000.00,217383297.90,2541610000000.00,7800000018.00,-14493200000000000.00,14490700000000000.00,435000000000000000000000000000000.00,-434775000000000000000000000000000.00,-45229700000000000000.00,-610.0910095,-628.0058565,0.397830449,8.13E-05,24953.88539,0.307221507,[Pt(NH3)3I]+ ,534,sq-pl,cation,hal-org,1.75,-2819,[H]N([H])[H].[H]N([H])[H].[H]N([H])[H].[Pt+]I,https://doi.org/10.1002/ejic.202000474
1858101.649,-10166400000000.00,-2542040000000.00,217384897.10,2541610000000.00,7800000013.00,-14493200000000000.00,14490700000000000.00,435000000000000000000000000000000.00,-434793000000000000000000000000000.00,-45229700000000000000.00,-610.2487126,-622.8754868,0.551100476,-0.000164875,24953.83407,0.146707584,cis-[Pt(NH3)2Cl2] ,535,sq-pl,neutral,hal-org,3.97,-2101,[H]N([H])[H].[H]N([H])[H].Cl[Pt]Cl,https://doi.org/10.1002/ejic.202000474
1858100.944,-10166400000000.00,-2542040000000.00,217383651.50,2541610000000.00,7800000016.00,-14493200000000000.00,14490600000000000.00,435000000000000000000000000000000.00,-434792000000000000000000000000000.00,-45229700000000000000.00,-610.2497773,-626.5780503,0.477976594,0.000447343,24953.84799,0.113876097,cis-[Pt(NH3)2ClBr] ,536,sq-pl,neutral,hal-org,4,-2254,[H]N([H])[H].[H]N([H])[H].Br[Pt]Cl,https://doi.org/10.1002/ejic.202000474
1858100.523,-10166400000000.00,-2542040000000.00,217382663.60,2541610000000.00,7800000020.00,-14493200000000000.00,14490600000000000.00,435000000000000000000000000000000.00,-434794000000000000000000000000000.00,-45229700000000000000.00,-610.2493473,-630.2904744,0.413147992,0.000130504,24953.85454,0.059611752,cis-[Pt(NH3)2Br2],537,sq-pl,neutral,hal-org,3.96,-2428,[H]N([H])[H].[H]N([H])[H].Br[Pt]Br,https://doi.org/10.1002/ejic.202000474
1858100.206,-10166400000000.00,-2542040000000.00,217382454.00,2541610000000.00,7800000019.00,-14493200000000000.00,14490600000000000.00,435000000000000000000000000000000.00,-434791000000000000000000000000000.00,-45229600000000000000.00,-610.2504985,-629.6580596,0.36111887,-1.55E-05,24953.87363,0.309575874,cis-[Pt(NH3)2ClI] ,538,sq-pl,neutral,hal-org,4,-2615,[H]N([H])[H].[H]N([H])[H].I[Pt]Cl,https://doi.org/10.1002/ejic.202000474
1858099.417,-10166400000000.00,-2542040000000.00,217381184.10,2541610000000.00,7800000023.00,-14493200000000000.00,14490600000000000.00,435000000000000000000000000000000.00,-434791000000000000000000000000000.00,-45229600000000000000.00,-610.251701,-633.36979,0.284653256,-0.000202507,24953.88732,0.28972095,cis-[Pt(NH3)2BrI] ,539,sq-pl,neutral,hal-org,4.01,-2830,[H]N([H])[H].[H]N([H])[H].I[Pt]Br,https://doi.org/10.1002/ejic.202000474
1858098.562,-10166400000000.00,-2542040000000.00,217379984.70,2541610000000.00,7800000026.00,-14493200000000000.00,14490600000000000.00,435000000000000000000000000000000.00,-434790000000000000000000000000000.00,-45229600000000000000.00,-610.2527161,-636.4554932,0.165593568,-0.000160435,24953.91296,0.406347392,cis-[Pt(NH3)2I2] ,540,sq-pl,neutral,hal-org,4,-3309,[H]N([H])[H].[H]N([H])[H].I[Pt]I,https://doi.org/10.1002/ejic.202000474
1858102.786,-10166400000000.00,-2542050000000.00,217385200.50,2541610000000.00,7800000013.00,-14493200000000000.00,14490700000000000.00,435000000000000000000000000000000.00,-434796000000000000000000000000000.00,-45229700000000000000.00,-610.2499257,-622.8851059,0.56460789,2.06E-05,24953.87756,0.001045995,trans-[Pt(NH3)2Cl2] ,541,sq-pl,neutral,hal-org,0.000937,-2104,[H]N([H])[H].[H]N([H])[H].Cl[Pt]Cl,https://doi.org/10.1002/ejic.202000474
1858102.563,-10166400000000.00,-2542050000000.00,217384307.40,2541610000000.00,7800000016.00,-14493200000000000.00,14490700000000000.00,435000000000000000000000000000000.00,-434796000000000000000000000000000.00,-45229700000000000000.00,-610.248804,-626.5575135,0.49955119,0.000222644,24953.88644,0.140945225,trans-[Pt(NH3)2ClBr] ,542,sq-pl,neutral,hal-org,0.112,-2293,[H]N([H])[H].[H]N([H])[H].Cl[Pt]Br,https://doi.org/10.1002/ejic.202000474
1858102.379,-10166400000000.00,-2542050000000.00,217383348.70,2541610000000.00,7800000020.00,-14493200000000000.00,14490700000000000.00,435000000000000000000000000000000.00,-434796000000000000000000000000000.00,-45229700000000000000.00,-610.247786,-630.2165637,0.435721328,-0.000317445,24953.8918,0.000853485,trans-[Pt(NH3)2Br2],543,sq-pl,neutral,hal-org,0.000971,-2557,[H]N([H])[H].[H]N([H])[H].Br[Pt]Br,https://doi.org/10.1002/ejic.202000474
1858102.087,-10166400000000.00,-2542050000000.00,217382444.50,2541610000000.00,7800000023.00,-14493200000000000.00,14490700000000000.00,435000000000000000000000000000000.00,-434796000000000000000000000000000.00,-45229700000000000000.00,-610.2468643,-633.2647156,0.331029248,-0.000104102,24953.91084,0.24285305,trans-[Pt(NH3)2BrI] ,544,sq-pl,neutral,hal-org,0.0827,-2999,[H]N([H])[H].[H]N([H])[H].Br[Pt]I,https://doi.org/10.1002/ejic.202000474
1858101.883,-10166400000000.00,-2542050000000.00,217381488.40,2541610000000.00,7800000026.00,-14493200000000000.00,14490700000000000.00,435000000000000000000000000000000.00,-434796000000000000000000000000000.00,-45229700000000000000.00,-610.2460246,-636.2853001,0.231258936,-4.64E-05,24953.92675,0.001425708,trans-[Pt(NH3)2I2],545,sq-pl,neutral,hal-org,0.00522,-3372,[H]N([H])[H].[H]N([H])[H].I[Pt]I,https://doi.org/10.1002/ejic.202000474
1858097.748,-10166400000000.00,-2542040000000.00,217382329.00,2541600000000.00,7800000014.00,-14493200000000000.00,14490600000000000.00,435000000000000000000000000000000.00,-434794000000000000000000000000000.00,-45229600000000000000.00,-610.4109402,-624.433645,0.520728895,-0.00037852,24953.80335,0.03682925,[Pt(NH3)Cl3],546,sq-pl,anion,hal-org,4.75,-1884,Cl[Pt](Cl)Cl.[H]N([H])[H],https://doi.org/10.1002/ejic.202000474
1858106.422,-10166500000000.00,-2542050000000.00,217381287.00,2541620000000.00,7800000023.00,-14493200000000000.00,14490700000000000.00,434000000000000000000000000000000.00,-434489000000000000000000000000000.00,-45229800000000000000.00,-610.358588,-633.6244676,0.439828563,-0.000291408,24953.9391,0.284796481,[Pt(NH3)Br3],547,sq-pl,anion,hal-org,2.97,-2534,Br[Pt](Br)Br.[H]N([H])[H],https://doi.org/10.1002/ejic.202000474
1858096.71,-10166400000000.00,-2542040000000.00,217378862.70,2541600000000.00,7800000027.00,-14493200000000000.00,14490600000000000.00,435000000000000000000000000000000.00,-434795000000000000000000000000000.00,-45229600000000000000.00,-610.3996451,-637.7639635,0.217190601,-0.000324344,24953.85878,0.083873922,trans-[Pt(NH3)ClI2],548,sq-pl,anion,hal-org,4.49,-3298,Cl[Pt](I)I.[H]N([H])[H],https://doi.org/10.1002/ejic.202000474
1858095.591,-10166400000000.00,-2542040000000.00,217376855.00,2541600000000.00,7800000034.00,-14493100000000000.00,14490600000000000.00,435000000000000000000000000000000.00,-434793000000000000000000000000000.00,-45229500000000000000.00,-610.3964282,-644.529925,0.034753522,-6.20E-05,24953.89466,0.314480952,[Pt(NH3)I3],549,sq-pl,anion,hal-org,4.73,-4250,I[Pt](I)I.[H]N([H])[H],https://doi.org/10.1002/ejic.202000474
