Rho at Nucleus,DelSqRho,V,G,K,L,Vnuc,Ven,Vrep,DelSqV,DelSqVen,DelSqVrep,DelSqG,DelSqK,ESP,ESP at Nucleus,ESPe,ESPe at Nucleus,ESPn,ESPn at Nucleus,q(A),L(A),K(A),K_Scaled(A),|Mu_Intra(A)|,Shift,Brutto,Complex,Geometry,Charge_class,Ligand,Source_doi,Molecular dipole,Smiles
1858091.595,-1.01664E+13,-2.54203E+12,217378044.5,2.54181E+12,2.5416E+12,7800000015,-1.44931E+16,1.44906E+16,4.05929E+19,4.35E+32,-4.34793E+32,4.63652E+18,-4.52294E+19,-610.5685243,-610.5685243,-625.8389988,-625.8389988,15.27047455,15.27047455,0.490444021,-0.000180431,24953.68691,-24953.68691,0.000259003,-1630,[PtCl4]2-,4,sq-pl,anion,hal,https://doi.org/10.1002/ejic.201600573,2.88E-04,Cl[Pt-2](Cl)(Cl)Cl
1858091.464,-1.01664E+13,-2.54203E+12,217377270.9,2.54181E+12,2.5416E+12,7800000019,-1.44931E+16,1.44906E+16,4.05929E+19,4.35E+32,-4.34792E+32,4.63652E+18,-4.52294E+19,-610.5631809,-610.5631809,-629.4406684,-629.4406684,18.87748752,18.87748752,0.434639931,5.43E-05,24953.69882,-24953.69882,0.136420377,-1842,[PtCl3Br]2-,5,sq-pl,anion,hal,https://doi.org/10.1002/ejic.201600573,2.99E-01,Cl[Pt-2](Cl)(Cl)Br
1858091.286,-1.01664E+13,-2.54203E+12,217376425.7,2.54181E+12,2.5416E+12,7800000023,-1.44931E+16,1.44906E+16,4.05929E+19,4.35E+32,-4.34793E+32,4.63652E+18,-4.52294E+19,-610.5583964,-610.5583964,-633.0430016,-633.0430016,22.48460522,22.48460522,0.377425222,0.000285378,24953.71057,-24953.71057,0.000263884,-2090,trans-[PtCl2Br2],6,sq-pl,neutral,hal,https://doi.org/10.1002/ejic.201600573,3.41E-04,Br[Pt-2](Cl)(Br)Cl
1858091.346,-1.01664E+13,-2.54203E+12,217376482.2,2.54181E+12,2.5416E+12,7800000023,-1.44931E+16,1.44906E+16,4.05929E+19,4.35E+32,-4.3479E+32,4.63652E+18,-4.52294E+19,-610.5582183,-610.5582183,-633.0480951,-633.0480951,22.48987683,22.48987683,0.376732673,6.53E-05,24953.71043,-24953.71043,0.19818912,-2103,cis-[PtCl2Br2],7,sq-pl,neutral,hal,https://doi.org/10.1002/ejic.201600573,4.06E-01,Cl[Pt-2](Cl)(Br)Br
1858091.142,-1.01664E+13,-2.54203E+12,217376574.2,2.54181E+12,2.5416E+12,7800000022,-1.44931E+16,1.44906E+16,4.05929E+19,4.35E+32,-4.34789E+32,4.63652E+18,-4.52294E+19,-610.5580699,-610.5580699,-632.4540364,-632.4540364,21.89596658,21.89596658,0.353615599,0.00016119,24953.7191,-24953.7191,0.32803483,-2346,[PtCl3I]2-   ,8,sq-pl,anion,hal,https://doi.org/10.1002/ejic.201600573,5.33E-01,Cl[Pt-2](Cl)(Cl)I
1858091.187,-1.01664E+13,-2.54203E+12,217375626.2,2.54181E+12,2.5416E+12,7800000026,-1.44931E+16,1.44906E+16,4.05929E+19,4.35E+32,-4.34792E+32,4.63652E+18,-4.52294E+19,-610.5538052,-610.5538052,-636.6561548,-636.6561548,26.10234958,26.10234958,0.317670003,-6.67E-05,24953.72202,-24953.72202,0.139154032,-2377,[PtClBr3]2-,9,sq-pl,anion,hal,https://doi.org/10.1002/ejic.201600573,2.72E-01,Cl[Pt-2](Br)(Br)Br
1858091.032,-1.01664E+13,-2.54203E+12,217374752.4,2.54181E+12,2.5416E+12,7800000030,-1.44931E+16,1.44906E+16,4.05929E+19,4.35E+32,-4.34793E+32,4.63652E+18,-4.52294E+19,-610.5497302,-610.5497302,-640.2682321,-640.2682321,29.71850195,29.71850195,0.256987682,-0.000121832,24953.73333,-24953.73333,0.00105266,-2690,[PtBr4]2-,10,sq-pl,anion,hal,https://doi.org/10.1002/ejic.201600573,1.09E-03,Br[Pt-2](Br)(Br)Br
1858090.736,-1.01664E+13,-2.54203E+12,217375084.9,2.54181E+12,2.54159E+12,7800000029,-1.44931E+16,1.44906E+16,4.05929E+19,4.35E+32,-4.34786E+32,4.63652E+18,-4.52294E+19,-610.5489688,-610.5489688,-639.0856475,-639.0856475,28.5366787,28.5366787,0.206034032,-8.92E-05,24953.75142,-24953.75142,0.479131667,-3103,cis-[PtCl2I2]2- ,11,sq-pl,anion,hal,https://doi.org/10.1002/ejic.201600573,6.85E-01,Cl[Pt-2](Cl)(I)I
1858090.728,-1.01664E+13,-2.54203E+12,217373981,2.54181E+12,2.54159E+12,7800000033,-1.44931E+16,1.44906E+16,4.05929E+19,4.35E+32,-4.34793E+32,4.63652E+18,-4.52294E+19,-610.5456884,-610.5456884,-643.2786597,-643.2786597,32.73297137,32.73297137,0.169811657,-0.000146389,24953.75377,-24953.75377,0.202029552,-3260,[PtBr3I]2-,12,sq-pl,anion,hal,https://doi.org/10.1002/ejic.201600573,2.14E-01,Br[Pt-2](Br)(Br)I
1858090.44,-1.01664E+13,-2.54203E+12,217373136.8,2.54181E+12,2.54159E+12,7800000036,-1.44931E+16,1.44906E+16,4.05929E+19,4.35E+32,-4.34793E+32,4.63652E+18,-4.52294E+19,-610.5419751,-610.5419751,-646.2677052,-646.2677052,35.72573016,35.72573016,0.084259681,-1.75E-05,24953.77299,-24953.77299,0.000811368,-3977,trans-[PtBr2I2]2- ,13,sq-pl,anion,hal,https://doi.org/10.1002/ejic.201600573,8.52E-04,I[Pt-2](Br)(I)Br
1858090.411,-1.01664E+13,-2.54203E+12,217373209.9,2.54181E+12,2.54159E+12,7800000036,-1.44931E+16,1.44906E+16,4.05929E+19,4.35E+32,-4.34792E+32,4.63652E+18,-4.52294E+19,-610.5419402,-610.5419402,-646.289054,-646.289054,35.74711387,35.74711387,0.079528816,-0.000324197,24953.77437,-24953.77437,0.288016866,-3985,cis-[PtBr2I2]2- ,14,sq-pl,anion,hal,https://doi.org/10.1002/ejic.201600573,2.83E-01,Br[Pt-2](Br)(I)I
1858090.273,-1.01664E+13,-2.54203E+12,217373312.9,2.54181E+12,2.54159E+12,7800000035,-1.44931E+16,1.44906E+16,4.05929E+19,4.35E+32,-4.34789E+32,4.63652E+18,-4.52294E+19,-610.541577,-610.541577,-645.6716239,-645.6716239,35.13004694,35.13004693,0.057557235,-8.22E-05,24953.782,-24953.782,0.347831785,-4213,[PtClI3]2- ,15,sq-pl,anion,hal,https://doi.org/10.1002/ejic.201600573,4.41E-01,Cl[Pt-2](I)(I)I
1858090.104,-1.01664E+13,-2.54203E+12,217372362.1,2.54181E+12,2.54159E+12,7800000039,-1.44931E+16,1.44906E+16,4.05929E+19,4.35E+32,-4.34793E+32,4.63652E+18,-4.52294E+19,-610.5384902,-610.5384902,-649.275565,-649.275565,38.73707474,38.73707474,-0.008017872,-2.13E-05,24953.79317,-24953.79317,0.206878467,-4667,[PtBrI3]2- ,16,sq-pl,anion,hal,https://doi.org/10.1002/ejic.201600573,1.90E-01,Br[Pt-2](I)(I)I
1858089.77,-1.01664E+13,-2.54203E+12,217371513.2,2.54181E+12,2.54159E+12,7800000042,-1.44931E+16,1.44906E+16,4.05929E+19,4.35E+32,-4.34793E+32,4.63652E+18,-4.52294E+19,-610.5353042,-610.5353042,-652.2601797,-652.2601797,41.72487555,41.72487555,-0.098502549,-0.000111559,24953.81159,-24953.81159,0.000507136,-5475,[PtI4]2- ,17,sq-pl,anion,hal,https://doi.org/10.1002/ejic.201600573,5.38E-04,I[Pt-2](I)(I)I
1858103.288,-1.01665E+13,-2.54205E+12,217396755.7,2.54183E+12,2.54161E+12,7800000028,-1.44932E+16,1.44907E+16,4.05932E+19,4.34E+32,-4.34472E+32,4.63656E+18,-4.52297E+19,-610.2287393,-610.2287393,-637.6989842,-637.6989842,27.47024493,27.47024493,0.736499999,-0.000334517,24953.86364,-24953.86364,0.340704054,-2169,[PtCl2(η2 -CH2=CH2)(Me2phen)],18,sq-pl,neutral,hal-org,https://doi.org/10.1002/ejic.201600573,2.55E+00,CC1=NC2=C3N=C(C)C=CC3=CC=C2C=C1.C=C.Cl[Pt]Cl
1858103.216,-1.01665E+13,-2.54205E+12,217395763.8,2.54183E+12,2.54161E+12,7800000031,-1.44932E+16,1.44907E+16,4.05932E+19,4.34E+32,-4.34478E+32,4.63656E+18,-4.52297E+19,-610.2281898,-610.2281898,-641.3244551,-641.3244551,31.09626528,31.09626528,0.668324103,-0.000119614,24953.8741,-24953.8741,0.371603432,-2456,[PtBrCl(η2 -CH2=CH2)(Me2phen)],19,sq-pl,neutral,hal-org,https://doi.org/10.1002/ejic.201600573,2.55E+00,CC1=NC2=C3N=C(C)C=CC3=CC=C2C=C1.C=C.Cl[Pt]Br
1858103.196,-1.01664E+13,-2.54205E+12,217394944.9,2.54183E+12,2.54161E+12,7800000035,-1.44932E+16,1.44907E+16,4.05932E+19,4.34E+32,-4.34484E+32,4.63656E+18,-4.52297E+19,-610.2286472,-610.2286472,-644.9211055,-644.9211055,34.69245823,34.69245823,0.601718572,0.000109136,24953.88626,-24953.88626,0.343943824,-2886,[PtBr2(η2 -CH2=CH2)(Me2phen)],20,sq-pl,neutral,hal-org,https://doi.org/10.1002/ejic.201600573,2.56E+00,CC1=NC2=C3N=C(C)C=CC3=CC=C2C=C1.C=C.Br[Pt]Br
1858103.148,-1.01664E+13,-2.54205E+12,217395084.6,2.54183E+12,2.54161E+12,7800000034,-1.44932E+16,1.44907E+16,4.05932E+19,4.34E+32,-4.34486E+32,4.63656E+18,-4.52297E+19,-610.2286564,-610.2286564,-644.3288276,-644.3288276,34.10017123,34.10017123,0.564539303,0.000103704,24953.89728,-24953.89728,0.51251672,-3087,[PtClI(η2 -CH2=CH2)(Me2phen)],21,sq-pl,neutral,hal-org,https://doi.org/10.1002/ejic.201600573,2.57E+00,CC1=NC2=C3N=C(C)C=CC3=CC=C2C=C1.C=C.Cl[Pt]I
1858103.253,-1.01665E+13,-2.54205E+12,217394210.3,2.54183E+12,2.54161E+12,7800000038,-1.44932E+16,1.44907E+16,4.05932E+19,4.34E+32,-4.34493E+32,4.63656E+18,-4.52297E+19,-610.2287883,-610.2287883,-647.9186124,-647.9186124,37.68982405,37.68982405,0.500274425,0.00018505,24953.90931,-24953.90931,0.420189871,-3426,[PtBrI(η2 -CH2=CH2)(Me2phen)],22,sq-pl,neutral,hal-org,https://doi.org/10.1002/ejic.201600573,2.57E+00,CC1=NC2=C3N=C(C)C=CC3=CC=C2C=C1.C=C.Br[Pt]I
1858103.388,-1.01665E+13,-2.54205E+12,217393419.4,2.54183E+12,2.54161E+12,7800000041,-1.44932E+16,1.44907E+16,4.05932E+19,4.35E+32,-4.34501E+32,4.63656E+18,-4.52297E+19,-610.2290768,-610.2290768,-650.89236,-650.89236,40.66328321,40.66328321,0.402764452,-0.000269155,24953.93033,-24953.93033,0.35401308,-4041,[PtI2(η2 -CH2=CH2)(Me2phen)],23,sq-pl,neutral,hal-org,https://doi.org/10.1002/ejic.201600573,2.58E+00,CC1=NC2=C3N=C(C)C=CC3=CC=C2C=C1.C=C.I[Pt]I
1858092.938,-1.01664E+13,-2.54203E+12,217407420.1,2.54182E+12,2.5416E+12,7800000015,-1.44931E+16,1.44906E+16,4.05929E+19,4.35E+32,-4.34794E+32,4.63653E+18,-4.52295E+19,-610.5032132,-610.5032132,-624.9631524,-624.9631524,14.45993915,14.45993915,1.895715492,3.03E-05,24953.33564,-24953.33564,0.001162668,7090,[PtF6] 2-,24,oct,anion,hal,https://doi.org/10.1002/ejic.201600573,1.11E-03,[Pt-2]([F])([F])([F])([F])([F])[F]
1858094.638,-1.01664E+13,-2.54204E+12,217406714.6,2.54182E+12,2.5416E+12,7800000016,-1.44931E+16,1.44906E+16,4.0593E+19,4.35E+32,-4.34794E+32,4.63653E+18,-4.52295E+19,-610.4887843,-610.4887843,-626.368883,-626.368883,15.88009867,15.88009867,1.763062129,-0.000355654,24953.36992,-24953.36992,0.317532869,5856,[PtClF5] 2-,25,oct,anion,hal,https://doi.org/10.1002/ejic.201600573,4.42E-01,[Pt-2]([F])([F])([F])([F])([F])[Cl]
1858094.924,-1.01664E+13,-2.54204E+12,217405911.3,2.54182E+12,2.5416E+12,7800000020,-1.44931E+16,1.44906E+16,4.0593E+19,4.35E+32,-4.34792E+32,4.63653E+18,-4.52295E+19,-610.4834292,-610.4834292,-629.9613625,-629.9613625,19.47793326,19.47793326,1.705178684,-0.000298042,24953.38782,-24953.38782,0.44425441,5669,[PtBrF5] 2-,26,oct,anion,hal,https://doi.org/10.1002/ejic.201600573,7.02E-01,[Pt-2]([F])([F])([F])([F])([F])[Br]
1858096,-1.01664E+13,-2.54204E+12,217405173,2.54182E+12,2.5416E+12,7800000017,-1.44931E+16,1.44906E+16,4.0593E+19,4.35E+32,-4.34794E+32,4.63654E+18,-4.52295E+19,-610.4775423,-610.4775423,-627.7431157,-627.7431157,17.26557333,17.26557333,1.624512287,-9.34E-05,24953.40499,-24953.40499,0.002137114,4887,trans-[PtCl2F4] 2-,27,oct,anion,hal,https://doi.org/10.1002/ejic.201600573,2.17E-03,[Pt-2]([Cl])([F])([F])([Cl])([F])[F]
1858096.627,-1.01664E+13,-2.54204E+12,217403105.2,2.54182E+12,2.5416E+12,7800000024,-1.44932E+16,1.44906E+16,4.0593E+19,4.35E+32,-4.34795E+32,4.63654E+18,-4.52296E+19,-610.4701264,-610.4701264,-634.8733471,-634.8733471,24.40322065,24.40322065,1.503442773,-0.000254329,24953.44367,-24953.44367,0.003195514,4551,trans-[PtBr2F4] 2-,28,oct,anion,hal,https://doi.org/10.1002/ejic.201600573,3.23E-03,[Pt-2]([Br])([F])([F])([Br])([F])[F]
1858096.035,-1.01664E+13,-2.54204E+12,217405863.7,2.54182E+12,2.5416E+12,7800000017,-1.44931E+16,1.44906E+16,4.0593E+19,4.35E+32,-4.34794E+32,4.63654E+18,-4.52295E+19,-610.4763977,-610.4763977,-627.770546,-627.770546,17.29414832,17.29414832,1.62406688,-1.75E-06,24953.40535,-24953.40535,0.453110386,4547,cis-[PtCl2F4] 2-,29,oct,anion,hal,https://doi.org/10.1002/ejic.201600573,5.54E-01,[Pt-2]([Cl])([Cl])([F])([F])([F])[F]
1858096.453,-1.01664E+13,-2.54204E+12,217404186.9,2.54182E+12,2.5416E+12,7800000025,-1.44932E+16,1.44906E+16,4.0593E+19,4.35E+32,-4.34791E+32,4.63654E+18,-4.52296E+19,-610.4677503,-610.4677503,-634.966714,-634.966714,24.49896372,24.49896372,1.500166469,-0.000359142,24953.44109,-24953.44109,0.640827374,4136,cis-[PtBr2F4] 2-,30,oct,anion,hal,https://doi.org/10.1002/ejic.201600573,8.38E-01,[Pt-2]([F])([F])([F])([F])([Br])[Br]
1858097.089,-1.01664E+13,-2.54204E+12,217404234.8,2.54182E+12,2.5416E+12,7800000019,-1.44932E+16,1.44906E+16,4.0593E+19,4.35E+32,-4.34794E+32,4.63654E+18,-4.52296E+19,-610.4667914,-610.4667914,-629.1392871,-629.1392871,18.67249578,18.67249578,1.479871528,-0.000159353,24953.4409,-24953.4409,0.321082754,3551,mer-[PtCl3F3] 2-,31,oct,anion,hal,https://doi.org/10.1002/ejic.201600573,3.47E-01,[Pt-2]([Cl])([F])([F])([Cl])([Cl])[F]
1858097.164,-1.01664E+13,-2.54204E+12,217404918.7,2.54182E+12,2.5416E+12,7800000019,-1.44932E+16,1.44906E+16,4.0593E+19,4.35E+32,-4.34793E+32,4.63654E+18,-4.52296E+19,-610.4658402,-610.4658402,-629.1701105,-629.1701105,18.70427032,18.70427032,1.478857197,8.47E-05,24953.44297,-24953.44297,0.553105757,3191,fac-[PtCl3F3] 2-,32,oct,anion,hal,https://doi.org/10.1002/ejic.201600573,5.97E-01,[Pt-2]([F])([F])([F])([Cl])([Cl])[Cl]
1858097.658,-1.01664E+13,-2.54204E+12,217401279.3,2.54182E+12,2.5416E+12,7800000029,-1.44932E+16,1.44906E+16,4.0593E+19,4.35E+32,-4.34793E+32,4.63654E+18,-4.52296E+19,-610.4573808,-610.4573808,-639.8643393,-639.8643393,29.40695846,29.40695846,1.290199622,0.000143839,24953.49612,-24953.49612,0.45877769,2907,mer-[PtBr3F3] 2-,33,oct,anion,hal,https://doi.org/10.1002/ejic.201600573,5.03E-01,[Pt-2]([Br])([F])([F])([Br])([Br])[F]
1858097.845,-1.01664E+13,-2.54204E+12,217402574.8,2.54182E+12,2.5416E+12,7800000020,-1.44932E+16,1.44906E+16,4.0593E+19,4.35E+32,-4.34795E+32,4.63654E+18,-4.52296E+19,-610.4583801,-610.4583801,-630.5009441,-630.5009441,20.04256401,20.04256401,1.332547082,0.000110715,24953.47567,-24953.47567,0.001659948,2534,trans-[PtCl4F2] 2-,34,oct,anion,hal,https://doi.org/10.1002/ejic.201600573,1.62E-03,[Pt-2]([F])([Cl])([Cl])([F])([Cl])[Cl]
1858097.558,-1.01664E+13,-2.54204E+12,217402334.8,2.54182E+12,2.5416E+12,7800000030,-1.44932E+16,1.44906E+16,4.0593E+19,4.35E+32,-4.3479E+32,4.63654E+18,-4.52296E+19,-610.4554376,-610.4554376,-639.9723239,-639.9723239,29.51688632,29.51688632,1.284572456,8.98E-05,24953.49679,-24953.49679,0.794003143,2487,fac-[PtBr3F3] 2-,35,oct,anion,hal,https://doi.org/10.1002/ejic.201600573,8.70E-01,[Pt-2]([F])([F])([F])([Br])([Br])[Br]
1858097.936,-1.01664E+13,-2.54204E+12,217403219.8,2.54182E+12,2.5416E+12,7800000020,-1.44932E+16,1.44906E+16,4.0593E+19,4.35E+32,-4.34794E+32,4.63654E+18,-4.52296E+19,-610.4576007,-610.4576007,-630.5329915,-630.5329915,20.07539074,20.07539074,1.330568478,0.000293334,24953.47853,-24953.47853,0.452343108,2171,cis-[PtCl4F2] 2-,36,oct,anion,hal,https://doi.org/10.1002/ejic.201600573,4.34E-01,[Pt-2]([Cl])([Cl])([Cl])([Cl])([F])[F]
1858098.378,-1.01664E+13,-2.54204E+12,217398388.4,2.54182E+12,2.54161E+12,7800000034,-1.44932E+16,1.44906E+16,4.05931E+19,4.35E+32,-4.34795E+32,4.63654E+18,-4.52296E+19,-610.4488707,-610.4488707,-644.7376809,-644.7376809,34.28881017,34.28881017,1.074831733,-9.76E-06,24953.54716,-24953.54716,0.002188923,1157,trans-[PtBr4F2] 2-,37,oct,anion,hal,https://doi.org/10.1002/ejic.201600573,2.17E-03,[Pt-2]([F])([Br])([Br])([F])([Br])[Br]
1858098.323,-1.01664E+13,-2.54204E+12,217399376.3,2.54182E+12,2.54161E+12,7800000034,-1.44932E+16,1.44906E+16,4.05931E+19,4.35E+32,-4.34792E+32,4.63654E+18,-4.52296E+19,-610.4473313,-610.4473313,-644.8551939,-644.8551939,34.40786265,34.40786265,1.066663995,-0.000245653,24953.55041,-24953.55041,0.653880295,1142,cis-[PtBr4F2] 2-,38,oct,anion,hal,https://doi.org/10.1002/ejic.201600573,6.08E-01,[Pt-2]([F])([Br])([Br])([Br])([Br])[F]
1858098.437,-1.01664E+13,-2.54204E+12,217401499.2,2.54182E+12,2.54161E+12,7800000021,-1.44932E+16,1.44906E+16,4.05931E+19,4.35E+32,-4.34795E+32,4.63654E+18,-4.52296E+19,-610.4503873,-610.4503873,-631.8880889,-631.8880889,21.43770165,21.43770165,1.17842527,-0.000214596,24953.5131,-24953.5131,0.32118762,1111,[PtCl5F]2-,39,oct,anion,hal,https://doi.org/10.1002/ejic.201600573,2.75E-01,[Pt-2]([F])([Cl])([Cl])([Cl])([Cl])[Cl]
1858098.706,-1.01664E+13,-2.54204E+12,217399777.6,2.54182E+12,2.54161E+12,7800000023,-1.44932E+16,1.44906E+16,4.05931E+19,4.35E+32,-4.34795E+32,4.63654E+18,-4.52296E+19,-610.4440462,-610.4440462,-633.2353811,-633.2353811,22.79133489,22.79133489,1.023608485,-0.000365173,24953.54663,-24953.54663,0.002388935,0,[PtCl6] 2-,40,oct,anion,hal,https://doi.org/10.1002/ejic.201600573,2.36E-03,[Pt-2]([Cl])([Cl])([Cl])([Cl])([Cl])[Cl]
1858098.727,-1.01664E+13,-2.54204E+12,217398777.3,2.54182E+12,2.54161E+12,7800000026,-1.44932E+16,1.44906E+16,4.05931E+19,4.35E+32,-4.34795E+32,4.63654E+18,-4.52296E+19,-610.4421392,-610.4421392,-636.7919402,-636.7919402,26.34980107,26.34980107,0.958363484,0.000386478,24953.56468,-24953.56468,0.135690195,-286,[PtCl5Br]2-,41,oct,anion,hal,https://doi.org/10.1002/ejic.201600573,1.79E-01,[Pt-2]([Cl])([Cl])([Cl])([Cl])([Cl])[Br]
1858098.666,-1.01664E+13,-2.54204E+12,217396463.7,2.54182E+12,2.54161E+12,7800000039,-1.44932E+16,1.44906E+16,4.05931E+19,4.35E+32,-4.34793E+32,4.63654E+18,-4.52296E+19,-610.440682,-610.440682,-649.7119451,-649.7119451,39.27126308,39.27126308,0.845112385,-0.000243555,24953.60026,-24953.60026,0.465493979,-311,[PtBr5F]2-,42,oct,anion,hal,https://doi.org/10.1002/ejic.201600573,3.71E-01,[Pt-2]([Br])([F])([Br])([Br])([Br])[Br]
1858098.718,-1.01664E+13,-2.54204E+12,217397763.7,2.54182E+12,2.54161E+12,7800000030,-1.44932E+16,1.44906E+16,4.05931E+19,4.35E+32,-4.34794E+32,4.63654E+18,-4.52296E+19,-610.4403966,-610.4403966,-640.350774,-640.350774,29.91037745,29.91037745,0.890592614,-0.000409044,24953.58169,-24953.58169,0.191738688,-583,cis-[PtCl4Br2] 2-,43,oct,anion,hal,https://doi.org/10.1002/ejic.201600573,2.40E-01,[Pt-2]([Br])([Br])([Cl])([Cl])([Cl])[Cl]
1858098.783,-1.01664E+13,-2.54204E+12,217397729,2.54182E+12,2.54161E+12,7800000030,-1.44932E+16,1.44906E+16,4.05931E+19,4.35E+32,-4.34795E+32,4.63654E+18,-4.52296E+19,-610.4405225,-610.4405225,-640.3263201,-640.3263201,29.88579753,29.88579753,0.891781191,-0.000366487,24953.58194,-24953.58194,0.001159283,-585,trans-[PtCl4Br2] 2-,44,oct,anion,hal,https://doi.org/10.1002/ejic.201600573,1.12E-03,[Pt-2]([Br])([Cl])([Cl])([Br])([Cl])[Cl]
1858098.653,-1.01664E+13,-2.54204E+12,217397734.3,2.54182E+12,2.54161E+12,7800000029,-1.44932E+16,1.44906E+16,4.05931E+19,4.35E+32,-4.34794E+32,4.63654E+18,-4.52296E+19,-610.4407303,-610.4407303,-639.7271337,-639.7271337,29.28640339,29.28640339,0.866235885,-9.49E-05,24953.59148,-24953.59148,0.332167452,-854,[PtCl5I]2-,45,oct,anion,hal,https://doi.org/10.1002/ejic.201600573,2.96E-01,[Pt-2]([Cl])([Cl])([Cl])([Cl])([Cl])[I]
1858098.694,-1.01664E+13,-2.54204E+12,217396760.2,2.54182E+12,2.54161E+12,7800000034,-1.44932E+16,1.44906E+16,4.05931E+19,4.35E+32,-4.34793E+32,4.63654E+18,-4.52296E+19,-610.4388175,-610.4388175,-643.9145252,-643.9145252,33.47570774,33.47570774,0.823502994,0.000128106,24953.59864,-24953.59864,0.237471614,-892,fac-[PtCl3Br3] 2-,46,oct,anion,hal,https://doi.org/10.1002/ejic.201600573,2.80E-01,[Pt-2]([Cl])([Cl])([Cl])([Br])([Br])[Br]
1858098.756,-1.01664E+13,-2.54204E+12,217396718.4,2.54182E+12,2.54161E+12,7800000034,-1.44932E+16,1.44906E+16,4.05931E+19,4.35E+32,-4.34795E+32,4.63654E+18,-4.52296E+19,-610.4389416,-610.4389416,-643.890197,-643.890197,33.45125537,33.45125537,0.824826501,3.71E-05,24953.59904,-24953.59904,0.139572571,-894,mer-[PtCl3Br3] 2-,47,oct,anion,hal,https://doi.org/10.1002/ejic.201600573,1.65E-01,[Pt-2]([Cl])([Cl])([Br])([Br])([Br])[Cl]
1858098.709,-1.01664E+13,-2.54204E+12,217395716,2.54182E+12,2.54161E+12,7800000037,-1.44932E+16,1.44906E+16,4.05931E+19,4.35E+32,-4.34794E+32,4.63654E+18,-4.52296E+19,-610.4374994,-610.4374994,-647.4559433,-647.4559433,37.01844389,37.01844389,0.755770977,-0.000395682,24953.61519,-24953.61519,0.196371338,-1213,cis-[PtCl2Br4] 2-,48,oct,anion,hal,https://doi.org/10.1002/ejic.201600573,2.19E-01,[Pt-2]([Br])([Br])([Br])([Br])([Cl])[Cl]
1858098.766,-1.01664E+13,-2.54204E+12,217395670.3,2.54182E+12,2.54161E+12,7800000037,-1.44932E+16,1.44906E+16,4.05931E+19,4.35E+32,-4.34795E+32,4.63654E+18,-4.52296E+19,-610.4376034,-610.4376034,-647.4289903,-647.4289903,36.99138682,36.99138682,0.757127895,-0.000352527,24953.61503,-24953.61503,0.004460847,-1216,trans-[PtCl2Br4] 2-,49,oct,anion,hal,https://doi.org/10.1002/ejic.201600573,4.43E-03,[Pt-2]([Cl])([Br])([Br])([Cl])([Br])[Br]
1858098.704,-1.01664E+13,-2.54204E+12,217394674.2,2.54182E+12,2.54161E+12,7800000041,-1.44932E+16,1.44906E+16,4.05931E+19,4.35E+32,-4.34795E+32,4.63654E+18,-4.52296E+19,-610.4363188,-610.4363188,-651.0003501,-651.0003501,40.56403136,40.56403136,0.688624762,2.42E-05,24953.63175,-24953.63175,0.14310117,-1547,[PtClBr5] 2-,50,oct,anion,hal,https://doi.org/10.1002/ejic.201600573,1.51E-01,[Pt-2]([Br])([Br])([Br])([Br])([Cl])[Br]
1858098.493,-1.01664E+13,-2.54204E+12,217395713.4,2.54182E+12,2.54161E+12,7800000036,-1.44932E+16,1.44906E+16,4.05931E+19,4.35E+32,-4.34793E+32,4.63654E+18,-4.52296E+19,-610.4380105,-610.4380105,-646.2328532,-646.2328532,35.79484269,35.79484269,0.703020262,7.69E-05,24953.63515,-24953.63515,0.483071436,-1806,cis-[PtCl4I2] 2-,51,oct,anion,hal,https://doi.org/10.1002/ejic.201600573,3.76E-01,[Pt-2]([Cl])([Cl])([Cl])([Cl])([I])[I]
1858098.842,-1.01664E+13,-2.54204E+12,217395560.3,2.54182E+12,2.54161E+12,7800000036,-1.44932E+16,1.44906E+16,4.05931E+19,4.35E+32,-4.34795E+32,4.63654E+18,-4.52296E+19,-610.4383195,-610.4383195,-646.1002601,-646.1002601,35.66194065,35.66194065,0.718501331,0.000293906,24953.63252,-24953.63252,0.000616267,-1884,trans-[PtCl4I2] 2-,52,oct,anion,hal,https://doi.org/10.1002/ejic.201600573,5.94E-04,[Pt-2]([Cl])([Cl])([I])([Cl])([Cl])[I]
1858098.636,-1.01664E+13,-2.54204E+12,217393589.3,2.54182E+12,2.54161E+12,7800000044,-1.44932E+16,1.44906E+16,4.05931E+19,4.35E+32,-4.34795E+32,4.63654E+18,-4.52296E+19,-610.4352062,-610.4352062,-654.5349899,-654.5349899,44.09978371,44.09978371,0.619743871,-0.000352602,24953.64563,-24953.64563,0.003666625,-1891,[PtBr6] 2-,53,oct,anion,hal,https://doi.org/10.1002/ejic.201600573,3.62E-03,[Pt-2]([Br])([Br])([Br])([Br])([Br])[Br]
1858098.574,-1.01664E+13,-2.54204E+12,217392599.1,2.54182E+12,2.54161E+12,7800000047,-1.44932E+16,1.44906E+16,4.05931E+19,4.35E+32,-4.34795E+32,4.63654E+18,-4.52296E+19,-610.434497,-610.434497,-657.4650377,-657.4650377,47.0305407,47.0305407,0.525713465,0.0002214,24953.67316,-24953.67316,0.208910402,-2545,[PtBr5I]2-,54,oct,anion,hal,https://doi.org/10.1002/ejic.201600573,9.12E-02,[Pt-2]([Br])([Br])([Br])([Br])([Br])[I]
1858098.227,-1.01664E+13,-2.54204E+12,217393717.4,2.54182E+12,2.54161E+12,7800000042,-1.44932E+16,1.44906E+16,4.05931E+19,4.35E+32,-4.34791E+32,4.63654E+18,-4.52296E+19,-610.4358114,-610.4358114,-652.7490959,-652.7490959,42.31328453,42.31328453,0.533641036,-0.000230735,24953.67751,-24953.67751,0.607997581,-2849,fac-[PtCl3I3] 2-,55,oct,anion,hal,https://doi.org/10.1002/ejic.201600573,4.15E-01,[Pt-2]([I])([Cl])([Cl])([Cl])([I])[I]
1858098.58,-1.01664E+13,-2.54204E+12,217393574.2,2.54182E+12,2.54161E+12,7800000042,-1.44932E+16,1.44906E+16,4.05931E+19,4.35E+32,-4.34794E+32,4.63654E+18,-4.52296E+19,-610.4360278,-610.4360278,-652.616793,-652.616793,42.18076526,42.18076526,0.550291392,0.000101614,24953.67465,-24953.67465,0.348042375,-2849,mer-[PtCl3I3] 2-,56,oct,anion,hal,https://doi.org/10.1002/ejic.201600573,2.39E-01,[Pt-2]([I])([Cl])([Cl])([I])([I])[Cl]
1858098.532,-1.01664E+13,-2.54204E+12,217391524.4,2.54182E+12,2.54161E+12,7800000050,-1.44932E+16,1.44906E+16,4.05931E+19,4.35E+32,-4.34795E+32,4.63654E+18,-4.52296E+19,-610.4337682,-610.4337682,-660.3362379,-660.3362379,49.90246969,49.90246969,0.436272436,-0.000225529,24953.69508,-24953.69508,0.004162684,-3132,trans-[PtBr4I2] 2-,57,oct,anion,hal,https://doi.org/10.1002/ejic.201600573,4.08E-03,[Pt-2]([I])([Br])([Br])([I])([Br])[Br]
1858098.434,-1.01664E+13,-2.54204E+12,217391577.2,2.54182E+12,2.54161E+12,7800000050,-1.44932E+16,1.44906E+16,4.05931E+19,4.35E+32,-4.34795E+32,4.63654E+18,-4.52296E+19,-610.433853,-610.433853,-660.3835858,-660.3835858,49.94973279,49.94973279,0.4288358,0.000311958,24953.69819,-24953.69819,0.299918887,-3252,cis-[PtBr4I2] 2-,58,oct,anion,hal,https://doi.org/10.1002/ejic.201600573,1.18E-01,[Pt-2]([Br])([Br])([Br])([Br])([I])[I]
1858098.354,-1.01664E+13,-2.54204E+12,217390511.5,2.54182E+12,2.54161E+12,7800000053,-1.44932E+16,1.44906E+16,4.05931E+19,4.35E+32,-4.34795E+32,4.63654E+18,-4.52296E+19,-610.433224,-610.433224,-663.2553602,-663.2553602,52.8221362,52.8221362,0.339000517,0.000492041,24953.71951,-24953.71951,0.213843289,-3898,mer-[PtBr3I3] 2-,59,oct,anion,hal,https://doi.org/10.1002/ejic.201600573,7.57E-02,[Pt-2]([I])([Br])([Br])([I])([I])[Br]
1858098.219,-1.01664E+13,-2.54204E+12,217391621.1,2.54182E+12,2.54161E+12,7800000049,-1.44932E+16,1.44906E+16,4.05931E+19,4.35E+32,-4.34792E+32,4.63654E+18,-4.52296E+19,-610.4342277,-610.4342277,-659.1441891,-659.1441891,48.70996132,48.70996132,0.37659231,-9.28E-05,24953.71603,-24953.71603,0.504505378,-3932,cis-[PtCl2I4] 2-,60,oct,anion,hal,https://doi.org/10.1002/ejic.201600573,3.02E-01,[Pt-2]([I])([Cl])([Cl])([I])([I])[I]
1858098.544,-1.01664E+13,-2.54204E+12,217391450.6,2.54182E+12,2.54161E+12,7800000049,-1.44932E+16,1.44906E+16,4.05931E+19,4.35E+32,-4.34795E+32,4.63654E+18,-4.52296E+19,-610.4343691,-610.4343691,-659.0042741,-659.0042741,48.56990501,48.56990501,0.392972662,-0.000314744,24953.71128,-24953.71128,0.003555665,-3932,trans-[PtCl2I4] 2-,61,oct,anion,hal,https://doi.org/10.1002/ejic.201600573,3.67E-03,[Pt-2]([Cl])([I])([I])([Cl])([I])[I]
1858098.252,-1.01664E+13,-2.54204E+12,217390560.3,2.54182E+12,2.54161E+12,7800000053,-1.44932E+16,1.44906E+16,4.05931E+19,4.35E+32,-4.34795E+32,4.63654E+18,-4.52296E+19,-610.4333162,-610.4333162,-663.3041699,-663.3041699,52.87085372,52.87085372,0.330487609,0.000458959,24953.72269,-24953.72269,0.371177759,-4014,fac-[PtBr3I3] 2-,62,oct,anion,hal,https://doi.org/10.1002/ejic.201600573,1.27E-01,[Pt-2]([I])([I])([Br])([Br])([Br])[I]
1858098.255,-1.01664E+13,-2.54204E+12,217389477.9,2.54182E+12,2.54161E+12,7800000056,-1.44932E+16,1.44906E+16,4.05931E+19,4.35E+32,-4.34795E+32,4.63654E+18,-4.52296E+19,-610.4326952,-610.4326952,-666.133626,-666.133626,55.70093082,55.70093082,0.246914664,0.000218074,24953.74102,-24953.74102,0.004733743,-4603,trans-[PtBr2I4] 2-,63,oct,anion,hal,https://doi.org/10.1002/ejic.201600573,4.72E-03,[Pt-2]([I])([I])([Br])([I])([I])[Br]
1858098.154,-1.01664E+13,-2.54204E+12,217389524.6,2.54182E+12,2.54161E+12,7800000056,-1.44932E+16,1.44906E+16,4.0593E+19,4.35E+32,-4.34795E+32,4.63654E+18,-4.52296E+19,-610.4327811,-610.4327811,-666.1812269,-666.1812269,55.74844577,55.74844577,0.238284238,-7.68E-05,24953.74409,-24953.74409,0.305956877,-4719,cis-[PtBr2I4] 2-,64,oct,anion,hal,https://doi.org/10.1002/ejic.201600573,9.49E-02,[Pt-2]([I])([I])([Br])([Br])([I])[I]
1858098.075,-1.01664E+13,-2.54204E+12,217389524,2.54182E+12,2.5416E+12,7800000055,-1.44932E+16,1.44906E+16,4.0593E+19,4.35E+32,-4.34793E+32,4.63654E+18,-4.52296E+19,-610.4329068,-610.4329068,-665.5304053,-665.5304053,55.09749851,55.09749851,0.215765127,-6.71E-05,24953.75072,-24953.75072,0.368331658,-5081,[PtClI5] 2-,65,oct,anion,hal,https://doi.org/10.1002/ejic.201600573,1.97E-01,[Pt-2]([I])([I])([I])([I])([I])[Cl]
1858098.014,-1.01664E+13,-2.54204E+12,217388494.9,2.54182E+12,2.5416E+12,7800000059,-1.44932E+16,1.44906E+16,4.0593E+19,4.35E+32,-4.34795E+32,4.63654E+18,-4.52296E+19,-610.4323054,-610.4323054,-669.0549392,-669.0549392,58.62263381,58.62263381,0.145806731,0.000224603,24953.7648,-24953.7648,0.221972332,-5483,[PtBrI5] 2-,66,oct,anion,hal,https://doi.org/10.1002/ejic.201600573,6.40E-02,[Pt-2]([I])([I])([I])([I])([I])[Br]
1858097.845,-1.01664E+13,-2.54204E+12,217387487.9,2.54182E+12,2.5416E+12,7800000062,-1.44932E+16,1.44906E+16,4.0593E+19,4.35E+32,-4.34795E+32,4.63654E+18,-4.52296E+19,-610.4318727,-610.4318727,-671.9305446,-671.9305446,61.49867192,61.49867192,0.050477529,-0.000238935,24953.78497,-24953.78497,0.001175309,-6293,[PtI6] 2-,67,oct,anion,hal,https://doi.org/10.1002/ejic.201600573,1.40E-03,[Pt-2]([I])([I])([I])([I])([I])[I]
1858104.125,-1.01665E+13,-2.54205E+12,217386377.5,2.54183E+12,2.54161E+12,7800000016,-1.44932E+16,1.44907E+16,4.05932E+19,4.35E+32,-4.34771E+32,4.63656E+18,-4.52297E+19,-610.2466072,-610.2466072,-626.0477205,-626.0477205,15.80111329,15.80111329,0.754042962,-0.00034724,24953.7884,-24953.7884,0.351815532,-1565,cis-Pt(NH 3) 2(Ac)2,199,sq-pl,neutral,org,https://doi.org/10.1002/jcc.24461,1.87E+00,CC(O[Pt]OC(C)=O)=O.N.N
1858105.858,-1.01665E+13,-2.54205E+12,217387382.2,2.54183E+12,2.54162E+12,7800000018,-1.44932E+16,1.44907E+16,4.05932E+19,4.35E+32,-4.34781E+32,4.63656E+18,-4.52298E+19,-610.2357412,-610.2357412,-628.4224635,-628.4224635,18.18672231,18.18672231,0.725372232,-0.000159691,24953.85755,-24953.85755,0.433558166,-1686,cis-Pt(NH 3) 2(bumal) 2,201,sq-pl,neutral,org,https://doi.org/10.1002/jcc.24461,5.02E+00,O=C1C(CCCC)C(O[Pt]O1)=O.[H]N([H])[H].[H]N([H])[H]
1858107.046,-1.01665E+13,-2.54205E+12,217387307.8,2.54184E+12,2.54162E+12,7800000022,-1.44932E+16,1.44907E+16,4.05933E+19,4.35E+32,-4.34789E+32,4.63657E+18,-4.52298E+19,-610.2436293,-610.2436293,-632.4034387,-632.4034387,22.15980944,22.15980944,0.728714832,5.59E-05,24953.87077,-24953.87077,0.393368832,-1860,cis-Pt(EtNH 2) 2(CBDCA) 2,205,sq-pl,neutral,org,https://doi.org/10.1002/jcc.24461,5.20E+00,O=C(C1(C(O)=C)CCC1)O[Pt]OC(C2(C(O)=O)CCC2)=O.NCC.CCN
1858121.481,-1.01666E+13,-2.54207E+12,217367857.3,2.54186E+12,2.54164E+12,7800000015,-1.44933E+16,1.44908E+16,4.05936E+19,4.35E+32,-4.34721E+32,4.6366E+18,-4.52302E+19,-610.2938314,-610.2938314,-624.8754792,-624.8754792,14.58164775,14.58164775,0.114849296,0.000248852,24954.00757,-24954.00757,0.26526349,-1887,cis-Pt(Me 2 NH) 2 (Ox),208,sq-pl,neutral,org,https://doi.org/10.1002/jcc.24461,2.36E+00,O=C1O[Pt]OC1=O.CN(C)[H].CN(C)[H]
1858108.082,-1.01665E+13,-2.54205E+12,217386521.1,2.54184E+12,2.54162E+12,7800000020,-1.44932E+16,1.44907E+16,4.05933E+19,4.35E+32,-4.34791E+32,4.63657E+18,-4.52298E+19,-610.2418553,-610.2418553,-630.0380197,-630.0380197,19.79616445,19.79616445,0.717142493,2.58E-05,24953.86957,-24953.86957,0.365645174,-1882,cis-Pt(Me 2 NH) 2 (Mal),209,sq-pl,neutral,org,https://doi.org/10.1002/jcc.24461,5.20E+00,O=C(C1)O[Pt]OC1=O.CN(C)[H].CN(C)[H]
1858109.13,-1.01665E+13,-2.54206E+12,217387323.1,2.54184E+12,2.54162E+12,7800000019,-1.44933E+16,1.44907E+16,4.05933E+19,4.35E+32,-4.34783E+32,4.63657E+18,-4.52299E+19,-610.2428453,-610.2428453,-628.7090606,-628.7090606,18.46621526,18.46621526,0.703375075,-0.000150798,24953.92233,-24953.92233,0.348451907,-1988,cis-Pt(Me 2 en) 2(Ox),338,sq-pl,neutral,org,https://doi.org/10.1002/jcc.24461,6.43E+00,O=C(C(O[H])=O)O[Pt]OC(C(O[H])=O)=O.CN([H])CCN([H])C
1858109.705,-1.01665E+13,-2.54206E+12,217386683.1,2.54184E+12,2.54162E+12,7800000021,-1.44933E+16,1.44907E+16,4.05933E+19,4.35E+32,-4.34785E+32,4.63657E+18,-4.52299E+19,-610.2462218,-610.2462218,-631.4578761,-631.4578761,21.21165432,21.21165432,0.711416631,2.88E-05,24953.93554,-24953.93554,0.316791391,-1970,cis-Pt(Me 4 en) 2(Ox),339,sq-pl,neutral,org,https://doi.org/10.1002/jcc.24461,6.24E+00,O=C(C(O[H])=O)O[Pt]OC(C(O[H])=O)=O.CN(C)CCN(C)C
1858108.023,-1.01665E+13,-2.54205E+12,217387228.2,2.54184E+12,2.54162E+12,7800000020,-1.44932E+16,1.44907E+16,4.05933E+19,4.35E+32,-4.34793E+32,4.63657E+18,-4.52298E+19,-610.2423905,-610.2423905,-629.8584436,-629.8584436,19.61605306,19.61605306,0.721875812,-0.000272492,24953.89128,-24953.89128,0.340216943,-1974,cis-Pt(Me 2 en) 2(Mal),340,sq-pl,neutral,org,https://doi.org/10.1002/jcc.24461,5.95E+00,O=C(CC(O[H])=O)O[Pt]OC(CC(O[H])=O)=O.CN([H])CCN([H])C
1858108.585,-1.01665E+13,-2.54205E+12,217386542.5,2.54184E+12,2.54162E+12,7800000022,-1.44932E+16,1.44907E+16,4.05933E+19,4.35E+32,-4.34795E+32,4.63657E+18,-4.52299E+19,-610.2456004,-610.2456004,-632.6031749,-632.6031749,22.35757451,22.35757451,0.728488779,2.77E-05,24953.90262,-24953.90262,0.304963526,-1976,cis-Pt(Me 4 en) 2(Mal),341,sq-pl,neutral,org,https://doi.org/10.1002/jcc.24461,5.75E+00,O=C(CC(O[H])=O)O[Pt]OC(CC(O[H])=O)=O.CN(C)CCN(C)C
1858107.619,-1.01665E+13,-2.54205E+12,217386639.1,2.54184E+12,2.54162E+12,7800000025,-1.44932E+16,1.44907E+16,4.05933E+19,4.35E+32,-4.34792E+32,4.63657E+18,-4.52298E+19,-610.2448606,-610.2448606,-635.6648799,-635.6648799,25.42001922,25.42001922,0.738406998,0.000150593,24953.86854,-24953.86854,0.346705848,-1835,cis-Pt(Me 2 NH) 2 (benzmal),342,sq-pl,neutral,org,https://doi.org/10.1002/jcc.24461,4.67E+00,O=C1C(CC2=CC=CC=C2)C(O[Pt]O1)=O.CN([H])C.CN([H])C
1858107.494,-1.01665E+13,-2.54205E+12,217387136.9,2.54184E+12,2.54162E+12,7800000026,-1.44932E+16,1.44907E+16,4.05933E+19,4.35E+32,-4.34795E+32,4.63657E+18,-4.52298E+19,-610.2472356,-610.2472356,-636.1407383,-636.1407383,25.89350269,25.89350269,0.745643324,2.09E-05,24953.89669,-24953.89669,0.312579612,-1926,cis-Pt(Me 2 en) 2(benzmal),343,sq-pl,neutral,org,https://doi.org/10.1002/jcc.24461,5.31E+00,O=C1C(CC2=CC=CC=C2)C(O[Pt]O1)=O.[H]N([H])CCN([H])C.[H]N([H])CCN([H])C
1858108.025,-1.01665E+13,-2.54205E+12,217386681.3,2.54184E+12,2.54162E+12,7800000028,-1.44932E+16,1.44907E+16,4.05933E+19,4.35E+32,-4.34796E+32,4.63657E+18,-4.52298E+19,-610.2481247,-610.2481247,-638.1258948,-638.1258948,27.87777011,27.87777011,0.748224677,-0.000165601,24953.90166,-24953.90166,0.273783304,-1930,cis-Pt(Me 4 en) 2(benzmal),344,sq-pl,neutral,org,https://doi.org/10.1002/jcc.24461,5.19E+00,O=C1C(CC2=CC=CC=C2)C(O[Pt]O1)=O.CN(C)CCN(C)C.CN(C)CCN(C)C
1858106.982,-1.01665E+13,-2.54205E+12,217387459.8,2.54184E+12,2.54162E+12,7800000023,-1.44932E+16,1.44907E+16,4.05933E+19,4.35E+32,-4.34791E+32,4.63657E+18,-4.52298E+19,-610.2422567,-610.2422567,-633.087503,-633.087503,22.84524628,22.84524628,0.72856038,-8.14E-05,24953.86909,-24953.86909,0.376999239,-1827,cis-Pt(EtNH 2) 2(bumal) 2,345,sq-pl,neutral,org,https://doi.org/10.1002/jcc.24461,5.17E+00,O=C1C(CCCC)C(O[Pt]O1)=O.[H]N(CC)[H].[H]N(CC)[H]
1858107.926,-1.01665E+13,-2.54205E+12,217386653.9,2.54184E+12,2.54162E+12,7800000023,-1.44932E+16,1.44907E+16,4.05933E+19,4.35E+32,-4.34791E+32,4.63657E+18,-4.52298E+19,-610.242904,-610.242904,-633.3894371,-633.3894371,23.14653311,23.14653311,0.721553783,3.77E-05,24953.87208,-24953.87208,0.37397935,-1826,cis-Pt(Me 2 NH) 2 (bumal) 2,346,sq-pl,neutral,org,https://doi.org/10.1002/jcc.24461,5.06E+00,O=C1C(CCCC)C(O[Pt]O1)=O.[H]N(C)C.CN(C)[H]
1858107.844,-1.01665E+13,-2.54205E+12,217387355.9,2.54184E+12,2.54162E+12,7800000023,-1.44932E+16,1.44907E+16,4.05933E+19,4.35E+32,-4.34793E+32,4.63657E+18,-4.52298E+19,-610.2432172,-610.2432172,-633.447944,-633.447944,23.20472679,23.20472679,0.727082496,-0.000465054,24953.89383,-24953.89383,0.342138175,-1923,cis-Pt(Me 2 en) 2(bumal) 2,347,sq-pl,neutral,org,https://doi.org/10.1002/jcc.24461,5.77E+00,CCCCC1C(O[Pt]OC1=O)=O.[H]N(CCN(C)[H])C
1858108.353,-1.01665E+13,-2.54205E+12,217386664.5,2.54184E+12,2.54162E+12,7800000026,-1.44932E+16,1.44907E+16,4.05933E+19,4.35E+32,-4.34795E+32,4.63657E+18,-4.52299E+19,-610.2463822,-610.2463822,-635.9620857,-635.9620857,25.7157035,25.7157035,0.732671522,-0.00018099,24953.90404,-24953.90404,0.30680462,-1922,cis-Pt(Me 4 en) 2(bumal) 2,348,sq-pl,neutral,org,https://doi.org/10.1002/jcc.24461,5.60E+00,O=C(O[Pt]OC1=O)C1CCCC.CN(C)CCN(C)C
1858097.724,-1.01664E+13,-2.54204E+12,217381456.5,2.54182E+12,2.5416E+12,7800000016,-1.44932E+16,1.44906E+16,4.0593E+19,4.35E+32,-4.34736E+32,4.63654E+18,-4.52296E+19,-610.5464659,-610.5464659,-626.789872,-626.789872,16.24340608,16.24340608,0.59087655,-8.75E-05,24953.73676,-24953.73676,0.072908177,-1671,[Pt(NO 2)Cl 3 ]2-,370,sq-pl,anion,hal-inorg,https://doi.org/10.1002/jcc.24461,2.20E+00,[Pt-2]([N+](=O)[O-])([Cl])([Cl])[Cl]
1858097.888,-1.01664E+13,-2.54204E+12,217380370.7,2.54182E+12,2.5416E+12,7800000020,-1.44932E+16,1.44906E+16,4.0593E+19,4.35E+32,-4.3472E+32,4.63654E+18,-4.52296E+19,-610.5415502,-610.5415502,-630.3056449,-630.3056449,19.76409474,19.76409474,0.533552512,-0.000199971,24953.74983,-24953.74983,0.197350103,-1828,trans-[Pt(NO2 )Cl 2Br] 2-,371,sq-pl,anion,hal-inorg,https://doi.org/10.1002/jcc.24461,2.60E+00,[Pt-2]([N+](=O)[O-])([Cl])([Cl])[Br]
1858097.194,-1.01664E+13,-2.54204E+12,217380582.1,2.54182E+12,2.5416E+12,7800000020,-1.44932E+16,1.44906E+16,4.0593E+19,4.35E+32,-4.34737E+32,4.63654E+18,-4.52296E+19,-610.54226,-610.54226,-630.3870154,-630.3870154,19.84475537,19.84475537,0.533146476,-3.05E-05,24953.74876,-24953.74876,0.155702171,-1878,cis-[Pt(NO 2 )Cl 2Br]2-,372,sq-pl,anion,hal-inorg,https://doi.org/10.1002/jcc.24461,2.22E+00,[Pt-2](Br)([N+](=O)[O-])([Cl])[Cl]
1858097.207,-1.01664E+13,-2.54204E+12,217379430.4,2.54182E+12,2.5416E+12,7800000023,-1.44932E+16,1.44906E+16,4.0593E+19,4.35E+32,-4.34724E+32,4.63654E+18,-4.52296E+19,-610.5376132,-610.5376132,-633.9078386,-633.9078386,23.37022547,23.37022547,0.474546317,2.99E-05,24953.75849,-24953.75849,0.24255766,-2057,cis-[Pt(NO 2 )ClBr 2 ]2-,373,sq-pl,anion,hal-inorg,https://doi.org/10.1002/jcc.24461,2.59E+00,[Pt-2](Br)(Br)([N+](=O)[O-])[Cl]
1858096.484,-1.01664E+13,-2.54204E+12,217379584.5,2.54182E+12,2.5416E+12,7800000023,-1.44932E+16,1.44906E+16,4.0593E+19,4.35E+32,-4.34745E+32,4.63654E+18,-4.52296E+19,-610.5383049,-610.5383049,-633.9724637,-633.9724637,23.4341588,23.4341588,0.475300834,0.000468444,24953.75637,-24953.75637,0.073150775,-2104,trans-[Pt(NO2 )ClBr 2 ]2-,374,sq-pl,anion,hal-inorg,https://doi.org/10.1002/jcc.24461,2.19E+00,[Pt-2](Br)(Br)(Cl)[N+](=O)[O-]
1858096.636,-1.01664E+13,-2.54204E+12,217378504.6,2.54182E+12,2.5416E+12,7800000027,-1.44932E+16,1.44906E+16,4.0593E+19,4.35E+32,-4.34731E+32,4.63654E+18,-4.52296E+19,-610.5340488,-610.5340488,-637.5080059,-637.5080059,26.97395712,26.97395712,0.415241318,0.000129189,24953.76893,-24953.76893,0.202322966,-2303,[Pt(NO 2)Br 3] 2-,375,sq-pl,anion,hal-inorg,https://doi.org/10.1002/jcc.24461,2.56E+00,[Pt-2](Br)(Br)([N+](=O)[O-])[Br]
1858104.413,-1.01665E+13,-2.54205E+12,217384100.5,2.54183E+12,2.54161E+12,7800000017,-1.44932E+16,1.44907E+16,4.05932E+19,4.35E+32,-4.34702E+32,4.63656E+18,-4.52298E+19,-610.5297706,-610.5297706,-627.7028014,-627.7028014,17.17303074,17.17303074,0.655582048,0.000167577,24953.7921,-24953.7921,0.086435954,-1797,trans-[Pt(NO2 )2 Cl2 ]2-,376,sq-pl,anion,hal-inorg,https://doi.org/10.1002/jcc.24461,2.19E+00,[Pt-2]([N+](=O)[O-])(Cl)(Cl)[N+](=O)[O-]
1858099.066,-1.01664E+13,-2.54204E+12,217382848.9,2.54182E+12,2.54161E+12,7800000021,-1.44932E+16,1.44906E+16,4.05931E+19,4.35E+32,-4.34794E+32,4.63654E+18,-4.52296E+19,-610.5293132,-610.5293132,-631.2957316,-631.2957316,20.76641837,20.76641837,0.59253151,9.57E-05,24953.78269,-24953.78269,0.138540638,-1994,trans-[Pt(NO2 )2 ClBr]2-,377,sq-pl,anion,hal-inorg,https://doi.org/10.1002/jcc.24461,2.52E-01,[Pt-2]([N+](=O)[O-])(Cl)([N+](=O)[O-])[Br]
1858098.31,-1.01664E+13,-2.54204E+12,217381875,2.54182E+12,2.54161E+12,7800000024,-1.44932E+16,1.44906E+16,4.05931E+19,4.35E+32,-4.34795E+32,4.63654E+18,-4.52296E+19,-610.5257185,-610.5257185,-634.8845603,-634.8845603,24.35884183,24.35884183,0.534451843,-0.000167269,24953.79071,-24953.79071,0.000959322,-2209,trans-[Pt(NO2 )2 Br2 ]2-,378,sq-pl,anion,hal-inorg,https://doi.org/10.1002/jcc.24461,7.52E-04,[Pt-2]([N+](=O)[O-])([N+](=O)[O-])([Br])[Br]
1858104.28,-1.01665E+13,-2.54205E+12,217383984.1,2.54183E+12,2.54161E+12,7800000017,-1.44932E+16,1.44907E+16,4.05932E+19,4.35E+32,-4.34702E+32,4.63656E+18,-4.52297E+19,-610.5297195,-610.5297195,-627.6920507,-627.6920507,17.16233123,17.16233123,0.65474931,0.000288936,24953.78831,-24953.78831,0.083434017,-1797,cis-[Pt(NO 2 )2Cl 2 ]2-,379,sq-pl,anion,hal-inorg,https://doi.org/10.1002/jcc.24461,2.19E+00,[Pt-2]([N+](=O)[O-])([N+](=O)[O-])([Cl])[Cl]
1858103.913,-1.01665E+13,-2.54205E+12,217382818.6,2.54183E+12,2.54161E+12,7800000021,-1.44932E+16,1.44907E+16,4.05932E+19,4.35E+32,-4.34692E+32,4.63656E+18,-4.52297E+19,-610.5258163,-610.5258163,-631.2311016,-631.2311016,20.70528527,20.70528527,0.595259993,0.000324005,24953.79822,-24953.79822,0.197135162,-1949,cis-[Pt(NO 2 )2ClBr]2-,380,sq-pl,anion,hal-inorg,https://doi.org/10.1002/jcc.24461,2.44E+00,[Pt-2]([N+](=O)[O-])(Br)([N+](=O)[O-])[Cl]
1858103.668,-1.01665E+13,-2.54205E+12,217381713.4,2.54183E+12,2.54161E+12,7800000024,-1.44932E+16,1.44907E+16,4.05932E+19,4.35E+32,-4.34682E+32,4.63656E+18,-4.52297E+19,-610.5222553,-610.5222553,-634.7848481,-634.7848481,24.26259271,24.26259271,0.534614486,-0.000224414,24953.80977,-24953.80977,0.266025197,-2120,cis-[Pt(NO 2 )2Br 2] 2-,381,sq-pl,anion,hal-inorg,https://doi.org/10.1002/jcc.24461,2.65E+00,[Pt-2]([N+](=O)[O-])(Br)(Br)[N+](=O)[O-]
1858109.583,-1.01665E+13,-2.54206E+12,217386904.7,2.54184E+12,2.54162E+12,7800000018,-1.44933E+16,1.44907E+16,4.05933E+19,4.35E+32,-4.34747E+32,4.63657E+18,-4.52299E+19,-610.5112344,-610.5112344,-628.5908693,-628.5908693,18.0796349,18.0796349,0.714654436,-0.000105387,24953.82402,-24953.82402,0.025994107,-1949,[Pt(NO 2)3 Cl] 2-,382,sq-pl,anion,hal-inorg,https://doi.org/10.1002/jcc.24461,1.06E+00,[Pt-2]([N+](=O)[O-])([N+](=O)[O-])(Cl)[N+](=O)[O-]
1858113.846,-1.01665E+13,-2.54206E+12,217388714.3,2.54184E+12,2.54163E+12,7800000019,-1.44933E+16,1.44907E+16,4.05934E+19,4.35E+32,-4.34799E+32,4.63658E+18,-4.523E+19,-610.4972311,-610.4972311,-629.4561267,-629.4561267,18.95889557,18.95889557,0.766959645,0.000371963,24953.86493,-24953.86493,0.001259798,-2187,[Pt(NO2)4] 2-,384,sq-pl,anion,inorg,https://doi.org/10.1002/jcc.24461,3.49E-03,[Pt-2]([N+](=O)[O-])([N+](=O)[O-])([N+](=O)[O-])[N+](=O)[O-]
1858104.8,-1.01665E+13,-2.54205E+12,217386409.7,2.54183E+12,2.54161E+12,7800000010,-1.44932E+16,1.44907E+16,4.05932E+19,4.35E+32,-4.34797E+32,4.63656E+18,-4.52298E+19,-609.9110132,-609.9110132,-619.4365935,-619.4365935,9.525580309,9.525580309,0.698052261,-0.000139972,24953.79631,-24953.79631,0.000869209,-2580,[Pt(NH3)4] 2+ ,531,sq-pl,cation,org,https://doi.org/10.1002/ejic.202000474,6.14E-04,[H]N([H])[H].[H]N([H])[H].[H]N([H])[H].[H]N([H])[H].[Pt+2]
1858103.929,-1.01665E+13,-2.54205E+12,217386005.7,2.54183E+12,2.54161E+12,7800000011,-1.44932E+16,1.44907E+16,4.05932E+19,4.35E+32,-4.34777E+32,4.63656E+18,-4.52297E+19,-610.084305,-610.084305,-621.2031121,-621.2031121,11.11880712,11.11880712,0.607664317,-1.82E-05,24953.84815,-24953.84815,0.120865602,-2353,[Pt(NH3)3Cl]+ ,532,sq-pl,cation,hal-org,https://doi.org/10.1002/ejic.202000474,1.97E+00,[H]N([H])[H].[H]N([H])[H].[H]N([H])[H].[Pt+]Cl
1858103.3,-1.01664E+13,-2.54205E+12,217384720.4,2.54183E+12,2.54161E+12,7800000015,-1.44932E+16,1.44907E+16,4.05932E+19,4.35E+32,-4.34779E+32,4.63656E+18,-4.52297E+19,-610.0872115,-610.0872115,-624.9268842,-624.9268842,14.83967267,14.83967267,0.529284894,-0.000290963,24953.85882,-24953.85882,0.028991359,-2492,[Pt(NH3)3Br]+ ,533,sq-pl,cation,hal-org,https://doi.org/10.1002/ejic.202000474,1.88E+00,[H]N([H])[H].[H]N([H])[H].[H]N([H])[H].[Pt+]Br
1858102.62,-1.01664E+13,-2.54205E+12,217383297.9,2.54183E+12,2.54161E+12,7800000018,-1.44932E+16,1.44907E+16,4.05932E+19,4.35E+32,-4.34775E+32,4.63655E+18,-4.52297E+19,-610.0910095,-610.0910095,-628.0058565,-628.0058565,17.91484701,17.91484701,0.397830449,8.13E-05,24953.88539,-24953.88539,0.307221507,-2819,[Pt(NH3)3I]+ ,534,sq-pl,cation,hal-org,https://doi.org/10.1002/ejic.202000474,1.75E+00,[H]N([H])[H].[H]N([H])[H].[H]N([H])[H].[Pt+]I
1858101.649,-1.01664E+13,-2.54204E+12,217384897.1,2.54183E+12,2.54161E+12,7800000013,-1.44932E+16,1.44907E+16,4.05931E+19,4.35E+32,-4.34793E+32,4.63655E+18,-4.52297E+19,-610.2487126,-610.2487126,-622.8754868,-622.8754868,12.62677421,12.62677421,0.551100476,-0.000164875,24953.83407,-24953.83407,0.146707584,-2101,cis-[Pt(NH3)2Cl2] ,535,sq-pl,neutral,hal-org,https://doi.org/10.1002/ejic.202000474,3.97E+00,[H]N([H])[H].[H]N([H])[H].Cl[Pt]Cl
1858100.944,-1.01664E+13,-2.54204E+12,217383651.5,2.54183E+12,2.54161E+12,7800000016,-1.44932E+16,1.44906E+16,4.05931E+19,4.35E+32,-4.34792E+32,4.63655E+18,-4.52297E+19,-610.2497773,-610.2497773,-626.5780503,-626.5780503,16.32827294,16.32827294,0.477976594,0.000447343,24953.84799,-24953.84799,0.113876097,-2254,cis-[Pt(NH3)2ClBr] ,536,sq-pl,neutral,hal-org,https://doi.org/10.1002/ejic.202000474,4.00E+00,[H]N([H])[H].[H]N([H])[H].Br[Pt]Cl
1858100.523,-1.01664E+13,-2.54204E+12,217382663.6,2.54183E+12,2.54161E+12,7800000020,-1.44932E+16,1.44906E+16,4.05931E+19,4.35E+32,-4.34794E+32,4.63655E+18,-4.52297E+19,-610.2493473,-610.2493473,-630.2904744,-630.2904744,20.04112703,20.04112703,0.413147992,0.000130504,24953.85454,-24953.85454,0.059611752,-2428,cis-[Pt(NH3)2Br2],537,sq-pl,neutral,hal-org,https://doi.org/10.1002/ejic.202000474,3.96E+00,[H]N([H])[H].[H]N([H])[H].Br[Pt]Br
1858100.206,-1.01664E+13,-2.54204E+12,217382454,2.54183E+12,2.54161E+12,7800000019,-1.44932E+16,1.44906E+16,4.05931E+19,4.35E+32,-4.34791E+32,4.63655E+18,-4.52296E+19,-610.2504985,-610.2504985,-629.6580596,-629.6580596,19.40756112,19.40756112,0.36111887,-1.55E-05,24953.87363,-24953.87363,0.309575874,-2615,cis-[Pt(NH3)2ClI] ,538,sq-pl,neutral,hal-org,https://doi.org/10.1002/ejic.202000474,4.00E+00,[H]N([H])[H].[H]N([H])[H].I[Pt]Cl
1858099.417,-1.01664E+13,-2.54204E+12,217381184.1,2.54182E+12,2.54161E+12,7800000023,-1.44932E+16,1.44906E+16,4.05931E+19,4.35E+32,-4.34791E+32,4.63655E+18,-4.52296E+19,-610.251701,-610.251701,-633.36979,-633.36979,23.11808905,23.11808905,0.284653256,-0.000202507,24953.88732,-24953.88732,0.28972095,-2830,cis-[Pt(NH3)2BrI] ,539,sq-pl,neutral,hal-org,https://doi.org/10.1002/ejic.202000474,4.01E+00,[H]N([H])[H].[H]N([H])[H].I[Pt]Br
1858098.562,-1.01664E+13,-2.54204E+12,217379984.7,2.54182E+12,2.54161E+12,7800000026,-1.44932E+16,1.44906E+16,4.05931E+19,4.35E+32,-4.3479E+32,4.63654E+18,-4.52296E+19,-610.2527161,-610.2527161,-636.4554932,-636.4554932,26.20277717,26.20277717,0.165593568,-0.000160435,24953.91296,-24953.91296,0.406347392,-3309,cis-[Pt(NH3)2I2] ,540,sq-pl,neutral,hal-org,https://doi.org/10.1002/ejic.202000474,4.00E+00,[H]N([H])[H].[H]N([H])[H].I[Pt]I
1858102.786,-1.01664E+13,-2.54205E+12,217385200.5,2.54183E+12,2.54161E+12,7800000013,-1.44932E+16,1.44907E+16,4.05932E+19,4.35E+32,-4.34796E+32,4.63655E+18,-4.52297E+19,-610.2499257,-610.2499257,-622.8851059,-622.8851059,12.63518026,12.63518026,0.56460789,2.06E-05,24953.87756,-24953.87756,0.001045995,-2104,trans-[Pt(NH3)2Cl2] ,541,sq-pl,neutral,hal-org,https://doi.org/10.1002/ejic.202000474,9.37E-04,[H]N([H])[H].[H]N([H])[H].Cl[Pt]Cl
1858102.563,-1.01664E+13,-2.54205E+12,217384307.4,2.54183E+12,2.54161E+12,7800000016,-1.44932E+16,1.44907E+16,4.05931E+19,4.35E+32,-4.34796E+32,4.63655E+18,-4.52297E+19,-610.248804,-610.248804,-626.5575135,-626.5575135,16.30870947,16.30870947,0.49955119,0.000222644,24953.88644,-24953.88644,0.140945225,-2293,trans-[Pt(NH3)2ClBr] ,542,sq-pl,neutral,hal-org,https://doi.org/10.1002/ejic.202000474,1.12E-01,[H]N([H])[H].[H]N([H])[H].Cl[Pt]Br
1858102.379,-1.01664E+13,-2.54205E+12,217383348.7,2.54183E+12,2.54161E+12,7800000020,-1.44932E+16,1.44907E+16,4.05931E+19,4.35E+32,-4.34796E+32,4.63655E+18,-4.52297E+19,-610.247786,-610.247786,-630.2165637,-630.2165637,19.96877763,19.96877763,0.435721328,-0.000317445,24953.8918,-24953.8918,0.000853485,-2557,trans-[Pt(NH3)2Br2],543,sq-pl,neutral,hal-org,https://doi.org/10.1002/ejic.202000474,9.71E-04,[H]N([H])[H].[H]N([H])[H].Br[Pt]Br
1858102.087,-1.01664E+13,-2.54205E+12,217382444.5,2.54183E+12,2.54161E+12,7800000023,-1.44932E+16,1.44907E+16,4.05931E+19,4.35E+32,-4.34796E+32,4.63655E+18,-4.52297E+19,-610.2468643,-610.2468643,-633.2647156,-633.2647156,23.01785123,23.01785123,0.331029248,-0.000104102,24953.91084,-24953.91084,0.24285305,-2999,trans-[Pt(NH3)2BrI] ,544,sq-pl,neutral,hal-org,https://doi.org/10.1002/ejic.202000474,8.27E-02,[H]N([H])[H].[H]N([H])[H].Br[Pt]I
1858101.883,-1.01664E+13,-2.54205E+12,217381488.4,2.54183E+12,2.54161E+12,7800000026,-1.44932E+16,1.44907E+16,4.05931E+19,4.35E+32,-4.34796E+32,4.63655E+18,-4.52297E+19,-610.2460246,-610.2460246,-636.2853001,-636.2853001,26.03927547,26.03927547,0.231258936,-4.64E-05,24953.92675,-24953.92675,0.001425708,-3372,trans-[Pt(NH3)2I2],545,sq-pl,neutral,hal-org,https://doi.org/10.1002/ejic.202000474,5.22E-03,[H]N([H])[H].[H]N([H])[H].I[Pt]I
1858097.748,-1.01664E+13,-2.54204E+12,217382329,2.54182E+12,2.5416E+12,7800000014,-1.44932E+16,1.44906E+16,4.0593E+19,4.35E+32,-4.34794E+32,4.63654E+18,-4.52296E+19,-610.4109402,-610.4109402,-624.433645,-624.433645,14.02270483,14.02270483,0.520728895,-0.00037852,24953.80335,-24953.80335,0.03682925,-1884,[Pt(NH3)Cl3],546,sq-pl,anion,hal-org,https://doi.org/10.1002/ejic.202000474,4.75E+00,Cl[Pt](Cl)Cl.[H]N([H])[H]
1858106.422,-1.01665E+13,-2.54205E+12,217381287,2.54183E+12,2.54162E+12,7800000023,-1.44932E+16,1.44907E+16,4.05932E+19,4.34E+32,-4.34489E+32,4.63656E+18,-4.52298E+19,-610.358588,-610.358588,-633.6244676,-633.6244676,23.26587963,23.26587963,0.439828563,-0.000291408,24953.9391,-24953.9391,0.284796481,-2534,[Pt(NH3)Br3],547,sq-pl,anion,hal-org,https://doi.org/10.1002/ejic.202000474,2.97E+00,Br[Pt](Br)Br.[H]N([H])[H]
1858096.71,-1.01664E+13,-2.54204E+12,217378862.7,2.54182E+12,2.5416E+12,7800000027,-1.44932E+16,1.44906E+16,4.0593E+19,4.35E+32,-4.34795E+32,4.63654E+18,-4.52296E+19,-610.3996451,-610.3996451,-637.7639635,-637.7639635,27.36431836,27.36431836,0.217190601,-0.000324344,24953.85878,-24953.85878,0.083873922,-3298,trans-[Pt(NH3)ClI2],548,sq-pl,anion,hal-org,https://doi.org/10.1002/ejic.202000474,4.49E+00,Cl[Pt](I)I.[H]N([H])[H]
1858095.591,-1.01664E+13,-2.54204E+12,217376855,2.54182E+12,2.5416E+12,7800000034,-1.44931E+16,1.44906E+16,4.0593E+19,4.35E+32,-4.34793E+32,4.63654E+18,-4.52295E+19,-610.3964282,-610.3964282,-644.529925,-644.529925,34.13349681,34.13349681,0.034753522,-6.20E-05,24953.89466,-24953.89466,0.314480952,-4250,[Pt(NH3)I3],549,sq-pl,anion,hal-org,https://doi.org/10.1002/ejic.202000474,4.73E+00,I[Pt](I)I.[H]N([H])[H]
